label	query	variantType	route	data	source	type	qParam
"AY.1"	"pangolin_lineage=AY.1"	"Variant of Concern"	{"pango":"AY.1","loc":[],"selected":"ZAF"}	[]			
"AY.2"	"pangolin_lineage=AY.2"	"Variant of Concern"	{"pango":"AY.2","loc":[],"selected":"ZAF"}	[]			
"B.1.1.7"	"pangolin_lineage=B.1.1.7"	"Variant of Concern"	{"pango":"B.1.1.7","loc":[],"selected":"ZAF"}	[]			
"B.1.1.7 + S:E484K"	"pangolin_lineage=B.1.1.7&mutations=S:E484K"	"Variant of Concern"	{"pango":"B.1.1.7","muts":["S:E484K"],"loc":[],"selected":"ZAF"}	[]			
"B.1.351"	"pangolin_lineage=B.1.351"	"Variant of Concern"	{"pango":"B.1.351","selected":"ZAF","loc":[]}	[]			
"B.1.617.2"	"pangolin_lineage=B.1.617.2"	"Variant of Concern"	{"pango":"B.1.617.2","loc":[],"selected":"ZAF"}	[]			
"P.1"	"pangolin_lineage=P.1"	"Variant of Concern"	{"pango":"P.1","selected":"ZAF","loc":[]}	[{"date":"2021-02-03","total_count":26,"lineage_count":1,"total_count_rolling":26,"lineage_count_rolling":1,"proportion":0.038461538461538464,"proportion_ci_lower":0.004181774944604056,"proportion_ci_upper":0.16603455828794433,"dateTime":"2021-02-02T13:00:00.000Z"},{"date":"2021-02-04","total_count":17,"lineage_count":0,"total_count_rolling":21.5,"lineage_count_rolling":0.5,"proportion":0.023255813953488372,"proportion_ci_lower":0.000022067332398350842,"proportion_ci_upper":0.10673971791178566,"dateTime":"2021-02-03T13:00:00.000Z"},{"date":"2021-02-05","total_count":38,"lineage_count":0,"total_count_rolling":27,"lineage_count_rolling":0.3333333333333333,"proportion":0.012345679012345678,"proportion_ci_lower":0.000018018696079932514,"proportion_ci_upper":0.08805083151105601,"dateTime":"2021-02-04T13:00:00.000Z"},{"date":"2021-02-06","total_count":3,"lineage_count":0,"total_count_rolling":21,"lineage_count_rolling":0.25,"proportion":0.011904761904761904,"proportion_ci_lower":0.00002310564264915348,"proportion_ci_upper":0.11147031619304093,"dateTime":"2021-02-05T13:00:00.000Z"},{"date":"2021-02-07","total_count":2,"lineage_count":0,"total_count_rolling":17.2,"lineage_count_rolling":0.2,"proportion":0.011627906976744188,"proportion_ci_lower":0.000028462377723109497,"proportion_ci_upper":0.1354784378916884,"dateTime":"2021-02-06T13:00:00.000Z"},{"date":"2021-02-08","total_count":31,"lineage_count":0,"total_count_rolling":19.5,"lineage_count_rolling":0.16666666666666666,"proportion":0.008547008547008546,"proportion_ci_lower":0.000024246478459242777,"proportion_ci_upper":0.11663898290487537,"dateTime":"2021-02-07T13:00:00.000Z"},{"date":"2021-02-09","total_count":28,"lineage_count":0,"total_count_rolling":20.714285714285715,"lineage_count_rolling":0.14285714285714285,"proportion":0.00689655172413793,"proportion_ci_lower":0.00002310564264915348,"proportion_ci_upper":0.11147031619304093,"dateTime":"2021-02-08T13:00:00.000Z"},{"date":"2021-02-10","total_count":20,"lineage_count":0,"total_count_rolling":19.857142857142858,"lineage_count_rolling":0,"proportion":0,"proportion_ci_lower":0.000024246478459242777,"proportion_ci_upper":0.11663898290487537,"dateTime":"2021-02-09T13:00:00.000Z"},{"date":"2021-02-11","total_count":24,"lineage_count":0,"total_count_rolling":20.857142857142858,"lineage_count_rolling":0,"proportion":0,"proportion_ci_lower":0.00002310564264915348,"proportion_ci_upper":0.11147031619304093,"dateTime":"2021-02-10T13:00:00.000Z"},{"date":"2021-02-12","total_count":17,"lineage_count":0,"total_count_rolling":17.857142857142858,"lineage_count_rolling":0,"proportion":0,"proportion_ci_lower":0.00002690311730090928,"proportion_ci_upper":0.12855821182175955,"dateTime":"2021-02-11T13:00:00.000Z"},{"date":"2021-02-13","total_count":2,"lineage_count":0,"total_count_rolling":17.714285714285715,"lineage_count_rolling":0,"proportion":0,"proportion_ci_lower":0.00002690311730090928,"proportion_ci_upper":0.12855821182175955,"dateTime":"2021-02-12T13:00:00.000Z"},{"date":"2021-02-14","total_count":20,"lineage_count":0,"total_count_rolling":20.285714285714285,"lineage_count_rolling":0,"proportion":0,"proportion_ci_lower":0.000024246478459242777,"proportion_ci_upper":0.11663898290487537,"dateTime":"2021-02-13T13:00:00.000Z"},{"date":"2021-02-15","total_count":22,"lineage_count":0,"total_count_rolling":19,"lineage_count_rolling":0,"proportion":0,"proportion_ci_lower":0.000025505812625695268,"proportion_ci_upper":0.12230940431991393,"dateTime":"2021-02-14T13:00:00.000Z"},{"date":"2021-02-16","total_count":17,"lineage_count":0,"total_count_rolling":17.428571428571427,"lineage_count_rolling":0,"proportion":0,"proportion_ci_lower":0.000028462377723109497,"proportion_ci_upper":0.1354784378916884,"dateTime":"2021-02-15T13:00:00.000Z"},{"date":"2021-02-17","total_count":34,"lineage_count":0,"total_count_rolling":19.428571428571427,"lineage_count_rolling":0,"proportion":0,"proportion_ci_lower":0.000025505812625695268,"proportion_ci_upper":0.12230940431991393,"dateTime":"2021-02-16T13:00:00.000Z"},{"date":"2021-02-18","total_count":16,"lineage_count":0,"total_count_rolling":18.285714285714285,"lineage_count_rolling":0,"proportion":0,"proportion_ci_lower":0.00002690311730090928,"proportion_ci_upper":0.12855821182175955,"dateTime":"2021-02-17T13:00:00.000Z"},{"date":"2021-02-19","total_count":7,"lineage_count":0,"total_count_rolling":16.857142857142858,"lineage_count_rolling":0,"proportion":0,"proportion_ci_lower":0.000028462377723109497,"proportion_ci_upper":0.1354784378916884,"dateTime":"2021-02-18T13:00:00.000Z"},{"date":"2021-02-20","total_count":9,"lineage_count":0,"total_count_rolling":17.857142857142858,"lineage_count_rolling":0,"proportion":0,"proportion_ci_lower":0.00002690311730090928,"proportion_ci_upper":0.12855821182175955,"dateTime":"2021-02-19T13:00:00.000Z"},{"date":"2021-02-21","total_count":16,"lineage_count":0,"total_count_rolling":17.285714285714285,"lineage_count_rolling":0,"proportion":0,"proportion_ci_lower":0.000028462377723109497,"proportion_ci_upper":0.1354784378916884,"dateTime":"2021-02-20T13:00:00.000Z"},{"date":"2021-02-22","total_count":21,"lineage_count":0,"total_count_rolling":17.142857142857142,"lineage_count_rolling":0,"proportion":0,"proportion_ci_lower":0.000028462377723109497,"proportion_ci_upper":0.1354784378916884,"dateTime":"2021-02-21T13:00:00.000Z"},{"date":"2021-02-23","total_count":17,"lineage_count":0,"total_count_rolling":17.142857142857142,"lineage_count_rolling":0,"proportion":0,"proportion_ci_lower":0.000028462377723109497,"proportion_ci_upper":0.1354784378916884,"dateTime":"2021-02-22T13:00:00.000Z"},{"date":"2021-02-24","total_count":8,"lineage_count":0,"total_count_rolling":13.428571428571429,"lineage_count_rolling":0,"proportion":0,"proportion_ci_lower":0.0000370519332987658,"proportion_ci_upper":0.17261944528205697,"dateTime":"2021-02-23T13:00:00.000Z"},{"date":"2021-02-25","total_count":13,"lineage_count":0,"total_count_rolling":13,"lineage_count_rolling":0,"proportion":0,"proportion_ci_lower":0.0000370519332987658,"proportion_ci_upper":0.17261944528205697,"dateTime":"2021-02-24T13:00:00.000Z"},{"date":"2021-02-26","total_count":3,"lineage_count":0,"total_count_rolling":12.428571428571429,"lineage_count_rolling":0,"proportion":0,"proportion_ci_lower":0.00004007531007659888,"proportion_ci_upper":0.18530593831248504,"dateTime":"2021-02-25T13:00:00.000Z"},{"date":"2021-02-27","total_count":10,"lineage_count":0,"total_count_rolling":12.571428571428571,"lineage_count_rolling":0,"proportion":0,"proportion_ci_lower":0.0000370519332987658,"proportion_ci_upper":0.17261944528205697,"dateTime":"2021-02-26T13:00:00.000Z"},{"date":"2021-02-28","total_count":5,"lineage_count":0,"total_count_rolling":11,"lineage_count_rolling":0,"proportion":0,"proportion_ci_lower":0.00004363579814218975,"proportion_ci_upper":0.19999456902620805,"dateTime":"2021-02-27T13:00:00.000Z"},{"date":"2021-03-01","total_count":34,"lineage_count":0,"total_count_rolling":12.857142857142858,"lineage_count_rolling":0,"proportion":0,"proportion_ci_lower":0.0000370519332987658,"proportion_ci_upper":0.17261944528205697,"dateTime":"2021-02-28T13:00:00.000Z"},{"date":"2021-03-02","total_count":19,"lineage_count":0,"total_count_rolling":13.142857142857142,"lineage_count_rolling":0,"proportion":0,"proportion_ci_lower":0.0000370519332987658,"proportion_ci_upper":0.17261944528205697,"dateTime":"2021-03-01T13:00:00.000Z"},{"date":"2021-03-03","total_count":18,"lineage_count":0,"total_count_rolling":14.571428571428571,"lineage_count_rolling":0,"proportion":0,"proportion_ci_lower":0.000032194144323726923,"proportion_ci_upper":0.15181666211439768,"dateTime":"2021-03-02T13:00:00.000Z"},{"date":"2021-03-04","total_count":14,"lineage_count":0,"total_count_rolling":14.714285714285714,"lineage_count_rolling":0,"proportion":0,"proportion_ci_lower":0.000032194144323726923,"proportion_ci_upper":0.15181666211439768,"dateTime":"2021-03-03T13:00:00.000Z"},{"date":"2021-03-05","total_count":17,"lineage_count":0,"total_count_rolling":16.714285714285715,"lineage_count_rolling":0,"proportion":0,"proportion_ci_lower":0.000028462377723109497,"proportion_ci_upper":0.1354784378916884,"dateTime":"2021-03-04T13:00:00.000Z"},{"date":"2021-03-06","total_count":15,"lineage_count":0,"total_count_rolling":17.428571428571427,"lineage_count_rolling":0,"proportion":0,"proportion_ci_lower":0.000028462377723109497,"proportion_ci_upper":0.1354784378916884,"dateTime":"2021-03-05T13:00:00.000Z"},{"date":"2021-03-07","total_count":9,"lineage_count":0,"total_count_rolling":18,"lineage_count_rolling":0,"proportion":0,"proportion_ci_lower":0.00002690311730090928,"proportion_ci_upper":0.12855821182175955,"dateTime":"2021-03-06T13:00:00.000Z"},{"date":"2021-03-08","total_count":57,"lineage_count":0,"total_count_rolling":21.285714285714285,"lineage_count_rolling":0,"proportion":0,"proportion_ci_lower":0.00002310564264915348,"proportion_ci_upper":0.11147031619304093,"dateTime":"2021-03-07T13:00:00.000Z"},{"date":"2021-03-09","total_count":24,"lineage_count":0,"total_count_rolling":22,"lineage_count_rolling":0,"proportion":0,"proportion_ci_lower":0.000022067332398350842,"proportion_ci_upper":0.10673971791178566,"dateTime":"2021-03-08T13:00:00.000Z"},{"date":"2021-03-10","total_count":34,"lineage_count":0,"total_count_rolling":24.285714285714285,"lineage_count_rolling":0,"proportion":0,"proportion_ci_lower":0.00002024756671804834,"proportion_ci_upper":0.09838760438586978,"dateTime":"2021-03-09T13:00:00.000Z"},{"date":"2021-03-11","total_count":57,"lineage_count":0,"total_count_rolling":30.428571428571427,"lineage_count_rolling":0,"proportion":0,"proportion_ci_lower":0.000016231861223464357,"proportion_ci_upper":0.07967817381725997,"dateTime":"2021-03-10T13:00:00.000Z"},{"date":"2021-03-12","total_count":25,"lineage_count":0,"total_count_rolling":31.571428571428573,"lineage_count_rolling":0,"proportion":0,"proportion_ci_lower":0.000015225304324521508,"proportion_ci_upper":0.07492776342928391,"dateTime":"2021-03-11T13:00:00.000Z"},{"date":"2021-03-13","total_count":24,"lineage_count":0,"total_count_rolling":32.857142857142854,"lineage_count_rolling":0,"proportion":0,"proportion_ci_lower":0.000014767430104586674,"proportion_ci_upper":0.07275870531262567,"dateTime":"2021-03-12T13:00:00.000Z"},{"date":"2021-03-14","total_count":15,"lineage_count":0,"total_count_rolling":33.714285714285715,"lineage_count_rolling":0,"proportion":0,"proportion_ci_lower":0.000014336290671557177,"proportion_ci_upper":0.07071163067902096,"dateTime":"2021-03-13T13:00:00.000Z"},{"date":"2021-03-15","total_count":50,"lineage_count":0,"total_count_rolling":32.714285714285715,"lineage_count_rolling":0,"proportion":0,"proportion_ci_lower":0.000014767430104586674,"proportion_ci_upper":0.07275870531262567,"dateTime":"2021-03-14T13:00:00.000Z"},{"date":"2021-03-16","total_count":30,"lineage_count":0,"total_count_rolling":33.57142857142857,"lineage_count_rolling":0,"proportion":0,"proportion_ci_lower":0.000014336290671557177,"proportion_ci_upper":0.07071163067902096,"dateTime":"2021-03-15T13:00:00.000Z"},{"date":"2021-03-17","total_count":33,"lineage_count":0,"total_count_rolling":33.42857142857143,"lineage_count_rolling":0,"proportion":0,"proportion_ci_lower":0.000014767430104586674,"proportion_ci_upper":0.07275870531262567,"dateTime":"2021-03-16T13:00:00.000Z"},{"date":"2021-03-18","total_count":15,"lineage_count":0,"total_count_rolling":27.428571428571427,"lineage_count_rolling":0,"proportion":0,"proportion_ci_lower":0.000018018696079932514,"proportion_ci_upper":0.08805083151105601,"dateTime":"2021-03-17T13:00:00.000Z"},{"date":"2021-03-19","total_count":26,"lineage_count":0,"total_count_rolling":27.571428571428573,"lineage_count_rolling":0,"proportion":0,"proportion_ci_lower":0.000017380922536885184,"proportion_ci_upper":0.08507120003233526,"dateTime":"2021-03-18T13:00:00.000Z"},{"date":"2021-03-20","total_count":23,"lineage_count":0,"total_count_rolling":27.428571428571427,"lineage_count_rolling":0,"proportion":0,"proportion_ci_lower":0.000018018696079932514,"proportion_ci_upper":0.08805083151105601,"dateTime":"2021-03-19T13:00:00.000Z"},{"date":"2021-03-21","total_count":7,"lineage_count":0,"total_count_rolling":26.285714285714285,"lineage_count_rolling":0,"proportion":0,"proportion_ci_lower":0.000018705055066259086,"proportion_ci_upper":0.09124656340895625,"dateTime":"2021-03-20T13:00:00.000Z"},{"date":"2021-03-22","total_count":22,"lineage_count":0,"total_count_rolling":22.285714285714285,"lineage_count_rolling":0,"proportion":0,"proportion_ci_lower":0.000022067332398350842,"proportion_ci_upper":0.10673971791178566,"dateTime":"2021-03-21T13:00:00.000Z"},{"date":"2021-03-23","total_count":27,"lineage_count":0,"total_count_rolling":21.857142857142858,"lineage_count_rolling":0,"proportion":0,"proportion_ci_lower":0.000022067332398350842,"proportion_ci_upper":0.10673971791178566,"dateTime":"2021-03-22T13:00:00.000Z"},{"date":"2021-03-24","total_count":32,"lineage_count":0,"total_count_rolling":21.714285714285715,"lineage_count_rolling":0,"proportion":0,"proportion_ci_lower":0.000022067332398350842,"proportion_ci_upper":0.10673971791178566,"dateTime":"2021-03-23T13:00:00.000Z"},{"date":"2021-03-25","total_count":21,"lineage_count":0,"total_count_rolling":22.571428571428573,"lineage_count_rolling":0,"proportion":0,"proportion_ci_lower":0.00002111832201730757,"proportion_ci_upper":0.10239382809160794,"dateTime":"2021-03-24T13:00:00.000Z"},{"date":"2021-03-26","total_count":28,"lineage_count":0,"total_count_rolling":22.857142857142858,"lineage_count_rolling":0,"proportion":0,"proportion_ci_lower":0.00002111832201730757,"proportion_ci_upper":0.10239382809160794,"dateTime":"2021-03-25T13:00:00.000Z"},{"date":"2021-03-27","total_count":12,"lineage_count":0,"total_count_rolling":21.285714285714285,"lineage_count_rolling":0,"proportion":0,"proportion_ci_lower":0.00002310564264915348,"proportion_ci_upper":0.11147031619304093,"dateTime":"2021-03-26T13:00:00.000Z"},{"date":"2021-03-28","total_count":4,"lineage_count":0,"total_count_rolling":20.857142857142858,"lineage_count_rolling":0,"proportion":0,"proportion_ci_lower":0.00002310564264915348,"proportion_ci_upper":0.11147031619304093,"dateTime":"2021-03-27T13:00:00.000Z"},{"date":"2021-03-29","total_count":30,"lineage_count":0,"total_count_rolling":22,"lineage_count_rolling":0,"proportion":0,"proportion_ci_lower":0.000022067332398350842,"proportion_ci_upper":0.10673971791178566,"dateTime":"2021-03-28T13:00:00.000Z"},{"date":"2021-03-30","total_count":19,"lineage_count":0,"total_count_rolling":20.857142857142858,"lineage_count_rolling":0,"proportion":0,"proportion_ci_lower":0.00002310564264915348,"proportion_ci_upper":0.11147031619304093,"dateTime":"2021-03-29T13:00:00.000Z"},{"date":"2021-03-31","total_count":16,"lineage_count":0,"total_count_rolling":18.571428571428573,"lineage_count_rolling":0,"proportion":0,"proportion_ci_lower":0.000025505812625695268,"proportion_ci_upper":0.12230940431991393,"dateTime":"2021-03-30T13:00:00.000Z"},{"date":"2021-04-01","total_count":11,"lineage_count":0,"total_count_rolling":17.142857142857142,"lineage_count_rolling":0,"proportion":0,"proportion_ci_lower":0.000028462377723109497,"proportion_ci_upper":0.1354784378916884,"dateTime":"2021-03-31T13:00:00.000Z"},{"date":"2021-04-02","total_count":14,"lineage_count":0,"total_count_rolling":15.142857142857142,"lineage_count_rolling":0,"proportion":0,"proportion_ci_lower":0.000032194144323726923,"proportion_ci_upper":0.15181666211439768,"dateTime":"2021-04-01T13:00:00.000Z"},{"date":"2021-04-03","total_count":3,"lineage_count":0,"total_count_rolling":13.857142857142858,"lineage_count_rolling":0,"proportion":0,"proportion_ci_lower":0.00003445267180200587,"proportion_ci_upper":0.16155330451419395,"dateTime":"2021-04-02T13:00:00.000Z"},{"date":"2021-04-04","total_count":4,"lineage_count":0,"total_count_rolling":13.857142857142858,"lineage_count_rolling":0,"proportion":0,"proportion_ci_lower":0.00003445267180200587,"proportion_ci_upper":0.16155330451419395,"dateTime":"2021-04-03T13:00:00.000Z"},{"date":"2021-04-05","total_count":4,"lineage_count":0,"total_count_rolling":10.142857142857142,"lineage_count_rolling":0,"proportion":0,"proportion_ci_lower":0.00004789043315758197,"proportion_ci_upper":0.21719626750921056,"dateTime":"2021-04-04T14:00:00.000Z"},{"date":"2021-04-06","total_count":20,"lineage_count":0,"total_count_rolling":10.285714285714286,"lineage_count_rolling":0,"proportion":0,"proportion_ci_lower":0.00004789043315758197,"proportion_ci_upper":0.21719626750921056,"dateTime":"2021-04-05T14:00:00.000Z"},{"date":"2021-04-07","total_count":14,"lineage_count":0,"total_count_rolling":10,"lineage_count_rolling":0,"proportion":0,"proportion_ci_lower":0.00004789043315758197,"proportion_ci_upper":0.21719626750921056,"dateTime":"2021-04-06T14:00:00.000Z"},{"date":"2021-04-08","total_count":11,"lineage_count":0,"total_count_rolling":10,"lineage_count_rolling":0,"proportion":0,"proportion_ci_lower":0.00004789043315758197,"proportion_ci_upper":0.21719626750921056,"dateTime":"2021-04-07T14:00:00.000Z"},{"date":"2021-04-09","total_count":14,"lineage_count":0,"total_count_rolling":10,"lineage_count_rolling":0,"proportion":0,"proportion_ci_lower":0.00004789043315758197,"proportion_ci_upper":0.21719626750921056,"dateTime":"2021-04-08T14:00:00.000Z"},{"date":"2021-04-10","total_count":11,"lineage_count":0,"total_count_rolling":11.142857142857142,"lineage_count_rolling":0,"proportion":0,"proportion_ci_lower":0.00004363579814218975,"proportion_ci_upper":0.19999456902620805,"dateTime":"2021-04-09T14:00:00.000Z"},{"date":"2021-04-11","total_count":12,"lineage_count":0,"total_count_rolling":12.285714285714286,"lineage_count_rolling":0,"proportion":0,"proportion_ci_lower":0.00004007531007659888,"proportion_ci_upper":0.18530593831248504,"dateTime":"2021-04-10T14:00:00.000Z"},{"date":"2021-04-12","total_count":28,"lineage_count":0,"total_count_rolling":15.714285714285714,"lineage_count_rolling":0,"proportion":0,"proportion_ci_lower":0.000030213479978023642,"proportion_ci_upper":0.1431841379314448,"dateTime":"2021-04-11T14:00:00.000Z"},{"date":"2021-04-13","total_count":15,"lineage_count":0,"total_count_rolling":15,"lineage_count_rolling":0,"proportion":0,"proportion_ci_lower":0.000032194144323726923,"proportion_ci_upper":0.15181666211439768,"dateTime":"2021-04-12T14:00:00.000Z"},{"date":"2021-04-14","total_count":31,"lineage_count":0,"total_count_rolling":17.428571428571427,"lineage_count_rolling":0,"proportion":0,"proportion_ci_lower":0.000028462377723109497,"proportion_ci_upper":0.1354784378916884,"dateTime":"2021-04-13T14:00:00.000Z"},{"date":"2021-04-15","total_count":6,"lineage_count":0,"total_count_rolling":16.714285714285715,"lineage_count_rolling":0,"proportion":0,"proportion_ci_lower":0.000028462377723109497,"proportion_ci_upper":0.1354784378916884,"dateTime":"2021-04-14T14:00:00.000Z"},{"date":"2021-04-16","total_count":11,"lineage_count":0,"total_count_rolling":16.285714285714285,"lineage_count_rolling":0,"proportion":0,"proportion_ci_lower":0.000030213479978023642,"proportion_ci_upper":0.1431841379314448,"dateTime":"2021-04-15T14:00:00.000Z"},{"date":"2021-04-17","total_count":11,"lineage_count":0,"total_count_rolling":16.285714285714285,"lineage_count_rolling":0,"proportion":0,"proportion_ci_lower":0.000030213479978023642,"proportion_ci_upper":0.1431841379314448,"dateTime":"2021-04-16T14:00:00.000Z"},{"date":"2021-04-18","total_count":15,"lineage_count":0,"total_count_rolling":16.714285714285715,"lineage_count_rolling":0,"proportion":0,"proportion_ci_lower":0.000028462377723109497,"proportion_ci_upper":0.1354784378916884,"dateTime":"2021-04-17T14:00:00.000Z"},{"date":"2021-04-19","total_count":11,"lineage_count":0,"total_count_rolling":14.285714285714286,"lineage_count_rolling":0,"proportion":0,"proportion_ci_lower":0.00003445267180200587,"proportion_ci_upper":0.16155330451419395,"dateTime":"2021-04-18T14:00:00.000Z"},{"date":"2021-04-20","total_count":30,"lineage_count":0,"total_count_rolling":16.428571428571427,"lineage_count_rolling":0,"proportion":0,"proportion_ci_lower":0.000030213479978023642,"proportion_ci_upper":0.1431841379314448,"dateTime":"2021-04-19T14:00:00.000Z"},{"date":"2021-04-21","total_count":27,"lineage_count":0,"total_count_rolling":15.857142857142858,"lineage_count_rolling":0,"proportion":0,"proportion_ci_lower":0.000030213479978023642,"proportion_ci_upper":0.1431841379314448,"dateTime":"2021-04-20T14:00:00.000Z"},{"date":"2021-04-22","total_count":29,"lineage_count":0,"total_count_rolling":19.142857142857142,"lineage_count_rolling":0,"proportion":0,"proportion_ci_lower":0.000025505812625695268,"proportion_ci_upper":0.12230940431991393,"dateTime":"2021-04-21T14:00:00.000Z"},{"date":"2021-04-23","total_count":38,"lineage_count":0,"total_count_rolling":23,"lineage_count_rolling":0,"proportion":0,"proportion_ci_lower":0.00002111832201730757,"proportion_ci_upper":0.10239382809160794,"dateTime":"2021-04-22T14:00:00.000Z"},{"date":"2021-04-24","total_count":23,"lineage_count":0,"total_count_rolling":24.714285714285715,"lineage_count_rolling":0,"proportion":0,"proportion_ci_lower":0.000019445770898158813,"proportion_ci_upper":0.0946827641095835,"dateTime":"2021-04-23T14:00:00.000Z"},{"date":"2021-04-25","total_count":18,"lineage_count":0,"total_count_rolling":25.142857142857142,"lineage_count_rolling":0,"proportion":0,"proportion_ci_lower":0.000019445770898158813,"proportion_ci_upper":0.0946827641095835,"dateTime":"2021-04-24T14:00:00.000Z"},{"date":"2021-04-26","total_count":26,"lineage_count":0,"total_count_rolling":27.285714285714285,"lineage_count_rolling":0,"proportion":0,"proportion_ci_lower":0.000018018696079932514,"proportion_ci_upper":0.08805083151105601,"dateTime":"2021-04-25T14:00:00.000Z"},{"date":"2021-04-27","total_count":17,"lineage_count":0,"total_count_rolling":25.428571428571427,"lineage_count_rolling":0,"proportion":0,"proportion_ci_lower":0.000019445770898158813,"proportion_ci_upper":0.0946827641095835,"dateTime":"2021-04-26T14:00:00.000Z"},{"date":"2021-04-28","total_count":28,"lineage_count":0,"total_count_rolling":25.571428571428573,"lineage_count_rolling":0,"proportion":0,"proportion_ci_lower":0.000018705055066259086,"proportion_ci_upper":0.09124656340895625,"dateTime":"2021-04-27T14:00:00.000Z"},{"date":"2021-04-29","total_count":12,"lineage_count":0,"total_count_rolling":23.142857142857142,"lineage_count_rolling":0,"proportion":0,"proportion_ci_lower":0.00002111832201730757,"proportion_ci_upper":0.10239382809160794,"dateTime":"2021-04-28T14:00:00.000Z"},{"date":"2021-04-30","total_count":20,"lineage_count":0,"total_count_rolling":20.571428571428573,"lineage_count_rolling":0,"proportion":0,"proportion_ci_lower":0.00002310564264915348,"proportion_ci_upper":0.11147031619304093,"dateTime":"2021-04-29T14:00:00.000Z"},{"date":"2021-05-01","total_count":19,"lineage_count":0,"total_count_rolling":20,"lineage_count_rolling":0,"proportion":0,"proportion_ci_lower":0.000024246478459242777,"proportion_ci_upper":0.11663898290487537,"dateTime":"2021-04-30T14:00:00.000Z"},{"date":"2021-05-02","total_count":13,"lineage_count":0,"total_count_rolling":19.285714285714285,"lineage_count_rolling":0,"proportion":0,"proportion_ci_lower":0.000025505812625695268,"proportion_ci_upper":0.12230940431991393,"dateTime":"2021-05-01T14:00:00.000Z"},{"date":"2021-05-03","total_count":41,"lineage_count":0,"total_count_rolling":21.428571428571427,"lineage_count_rolling":0,"proportion":0,"proportion_ci_lower":0.00002310564264915348,"proportion_ci_upper":0.11147031619304093,"dateTime":"2021-05-02T14:00:00.000Z"},{"date":"2021-05-04","total_count":43,"lineage_count":0,"total_count_rolling":25.142857142857142,"lineage_count_rolling":0,"proportion":0,"proportion_ci_lower":0.000019445770898158813,"proportion_ci_upper":0.0946827641095835,"dateTime":"2021-05-03T14:00:00.000Z"},{"date":"2021-05-05","total_count":45,"lineage_count":0,"total_count_rolling":27.571428571428573,"lineage_count_rolling":0,"proportion":0,"proportion_ci_lower":0.000017380922536885184,"proportion_ci_upper":0.08507120003233526,"dateTime":"2021-05-04T14:00:00.000Z"},{"date":"2021-05-06","total_count":37,"lineage_count":0,"total_count_rolling":31.142857142857142,"lineage_count_rolling":0,"proportion":0,"proportion_ci_lower":0.000015712479537001282,"proportion_ci_upper":0.07723003565348177,"dateTime":"2021-05-05T14:00:00.000Z"},{"date":"2021-05-07","total_count":26,"lineage_count":0,"total_count_rolling":32,"lineage_count_rolling":0,"proportion":0,"proportion_ci_lower":0.000015225304324521508,"proportion_ci_upper":0.07492776342928391,"dateTime":"2021-05-06T14:00:00.000Z"},{"date":"2021-05-08","total_count":34,"lineage_count":0,"total_count_rolling":34.142857142857146,"lineage_count_rolling":0,"proportion":0,"proportion_ci_lower":0.000014336290671557177,"proportion_ci_upper":0.07071163067902096,"dateTime":"2021-05-07T14:00:00.000Z"},{"date":"2021-05-09","total_count":25,"lineage_count":0,"total_count_rolling":35.857142857142854,"lineage_count_rolling":0,"proportion":0,"proportion_ci_lower":0.000013545366988825864,"proportion_ci_upper":0.06694448234237448,"dateTime":"2021-05-08T14:00:00.000Z"},{"date":"2021-05-10","total_count":33,"lineage_count":0,"total_count_rolling":34.714285714285715,"lineage_count_rolling":0,"proportion":0,"proportion_ci_lower":0.000013929610979532534,"proportion_ci_upper":0.06877653611605908,"dateTime":"2021-05-09T14:00:00.000Z"},{"date":"2021-05-11","total_count":19,"lineage_count":0,"total_count_rolling":31.285714285714285,"lineage_count_rolling":0,"proportion":0,"proportion_ci_lower":0.000015712479537001282,"proportion_ci_upper":0.07723003565348177,"dateTime":"2021-05-10T14:00:00.000Z"},{"date":"2021-05-12","total_count":44,"lineage_count":0,"total_count_rolling":31.142857142857142,"lineage_count_rolling":0,"proportion":0,"proportion_ci_lower":0.000015712479537001282,"proportion_ci_upper":0.07723003565348177,"dateTime":"2021-05-11T14:00:00.000Z"},{"date":"2021-05-13","total_count":38,"lineage_count":0,"total_count_rolling":31.285714285714285,"lineage_count_rolling":0,"proportion":0,"proportion_ci_lower":0.000015712479537001282,"proportion_ci_upper":0.07723003565348177,"dateTime":"2021-05-12T14:00:00.000Z"},{"date":"2021-05-14","total_count":30,"lineage_count":0,"total_count_rolling":31.857142857142858,"lineage_count_rolling":0,"proportion":0,"proportion_ci_lower":0.000015225304324521508,"proportion_ci_upper":0.07492776342928391,"dateTime":"2021-05-13T14:00:00.000Z"},{"date":"2021-05-15","total_count":9,"lineage_count":0,"total_count_rolling":28.285714285714285,"lineage_count_rolling":0,"proportion":0,"proportion_ci_lower":0.000017380922536885184,"proportion_ci_upper":0.08507120003233526,"dateTime":"2021-05-14T14:00:00.000Z"},{"date":"2021-05-16","total_count":6,"lineage_count":0,"total_count_rolling":25.571428571428573,"lineage_count_rolling":0,"proportion":0,"proportion_ci_lower":0.000018705055066259086,"proportion_ci_upper":0.09124656340895625,"dateTime":"2021-05-15T14:00:00.000Z"},{"date":"2021-05-17","total_count":57,"lineage_count":0,"total_count_rolling":29,"lineage_count_rolling":0,"proportion":0,"proportion_ci_lower":0.000016786752124790408,"proportion_ci_upper":0.08228648292382375,"dateTime":"2021-05-16T14:00:00.000Z"},{"date":"2021-05-18","total_count":42,"lineage_count":0,"total_count_rolling":32.285714285714285,"lineage_count_rolling":0,"proportion":0,"proportion_ci_lower":0.000015225304324521508,"proportion_ci_upper":0.07492776342928391,"dateTime":"2021-05-17T14:00:00.000Z"},{"date":"2021-05-19","total_count":42,"lineage_count":0,"total_count_rolling":32,"lineage_count_rolling":0,"proportion":0,"proportion_ci_lower":0.000015225304324521508,"proportion_ci_upper":0.07492776342928391,"dateTime":"2021-05-18T14:00:00.000Z"},{"date":"2021-05-20","total_count":35,"lineage_count":0,"total_count_rolling":31.571428571428573,"lineage_count_rolling":0,"proportion":0,"proportion_ci_lower":0.000015225304324521508,"proportion_ci_upper":0.07492776342928391,"dateTime":"2021-05-19T14:00:00.000Z"},{"date":"2021-05-21","total_count":15,"lineage_count":0,"total_count_rolling":29.428571428571427,"lineage_count_rolling":0,"proportion":0,"proportion_ci_lower":0.000016786752124790408,"proportion_ci_upper":0.08228648292382375,"dateTime":"2021-05-20T14:00:00.000Z"},{"date":"2021-05-22","total_count":4,"lineage_count":0,"total_count_rolling":28.714285714285715,"lineage_count_rolling":0,"proportion":0,"proportion_ci_lower":0.000016786752124790408,"proportion_ci_upper":0.08228648292382375,"dateTime":"2021-05-21T14:00:00.000Z"},{"date":"2021-05-23","total_count":10,"lineage_count":0,"total_count_rolling":29.285714285714285,"lineage_count_rolling":0,"proportion":0,"proportion_ci_lower":0.000016786752124790408,"proportion_ci_upper":0.08228648292382375,"dateTime":"2021-05-22T14:00:00.000Z"},{"date":"2021-05-24","total_count":50,"lineage_count":0,"total_count_rolling":28.285714285714285,"lineage_count_rolling":0,"proportion":0,"proportion_ci_lower":0.000017380922536885184,"proportion_ci_upper":0.08507120003233526,"dateTime":"2021-05-23T14:00:00.000Z"},{"date":"2021-05-25","total_count":33,"lineage_count":0,"total_count_rolling":27,"lineage_count_rolling":0,"proportion":0,"proportion_ci_lower":0.000018018696079932514,"proportion_ci_upper":0.08805083151105601,"dateTime":"2021-05-24T14:00:00.000Z"},{"date":"2021-05-26","total_count":26,"lineage_count":0,"total_count_rolling":24.714285714285715,"lineage_count_rolling":0,"proportion":0,"proportion_ci_lower":0.000019445770898158813,"proportion_ci_upper":0.0946827641095835,"dateTime":"2021-05-25T14:00:00.000Z"},{"date":"2021-05-27","total_count":63,"lineage_count":0,"total_count_rolling":28.714285714285715,"lineage_count_rolling":0,"proportion":0,"proportion_ci_lower":0.000016786752124790408,"proportion_ci_upper":0.08228648292382375,"dateTime":"2021-05-26T14:00:00.000Z"},{"date":"2021-05-28","total_count":39,"lineage_count":0,"total_count_rolling":32.142857142857146,"lineage_count_rolling":0,"proportion":0,"proportion_ci_lower":0.000015225304324521508,"proportion_ci_upper":0.07492776342928391,"dateTime":"2021-05-27T14:00:00.000Z"},{"date":"2021-05-29","total_count":21,"lineage_count":0,"total_count_rolling":34.57142857142857,"lineage_count_rolling":0,"proportion":0,"proportion_ci_lower":0.000013929610979532534,"proportion_ci_upper":0.06877653611605908,"dateTime":"2021-05-28T14:00:00.000Z"},{"date":"2021-05-30","total_count":12,"lineage_count":0,"total_count_rolling":34.857142857142854,"lineage_count_rolling":0,"proportion":0,"proportion_ci_lower":0.000013929610979532534,"proportion_ci_upper":0.06877653611605908,"dateTime":"2021-05-29T14:00:00.000Z"},{"date":"2021-05-31","total_count":60,"lineage_count":0,"total_count_rolling":36.285714285714285,"lineage_count_rolling":0,"proportion":0,"proportion_ci_lower":0.000013545366988825864,"proportion_ci_upper":0.06694448234237448,"dateTime":"2021-05-30T14:00:00.000Z"},{"date":"2021-06-01","total_count":92,"lineage_count":0,"total_count_rolling":44.714285714285715,"lineage_count_rolling":0,"proportion":0,"proportion_ci_lower":0.000010851367920604664,"proportion_ci_upper":0.05399770969071757,"dateTime":"2021-05-31T14:00:00.000Z"},{"date":"2021-06-02","total_count":63,"lineage_count":0,"total_count_rolling":50,"lineage_count_rolling":0,"proportion":0,"proportion_ci_lower":0.000009771663301804058,"proportion_ci_upper":0.04875845944407136,"dateTime":"2021-06-01T14:00:00.000Z"},{"date":"2021-06-03","total_count":82,"lineage_count":0,"total_count_rolling":52.714285714285715,"lineage_count_rolling":0,"proportion":0,"proportion_ci_lower":0.00000922116209664496,"proportion_ci_upper":0.04607597583181053,"dateTime":"2021-06-02T14:00:00.000Z"},{"date":"2021-06-04","total_count":93,"lineage_count":0,"total_count_rolling":60.42857142857143,"lineage_count_rolling":0,"proportion":0,"proportion_ci_lower":0.00000814984778982563,"proportion_ci_upper":0.040833922866898485,"dateTime":"2021-06-03T14:00:00.000Z"},{"date":"2021-06-05","total_count":33,"lineage_count":0,"total_count_rolling":62.142857142857146,"lineage_count_rolling":0,"proportion":0,"proportion_ci_lower":0.000007888010617589366,"proportion_ci_upper":0.03954834307825474,"dateTime":"2021-06-04T14:00:00.000Z"},{"date":"2021-06-06","total_count":28,"lineage_count":0,"total_count_rolling":64.42857142857143,"lineage_count_rolling":0,"proportion":0,"proportion_ci_lower":0.000007642474147531675,"proportion_ci_upper":0.03834122889437086,"dateTime":"2021-06-05T14:00:00.000Z"},{"date":"2021-06-07","total_count":72,"lineage_count":0,"total_count_rolling":66.14285714285714,"lineage_count_rolling":0,"proportion":0,"proportion_ci_lower":0.000007411762139215877,"proportion_ci_upper":0.03720561031849754,"dateTime":"2021-06-06T14:00:00.000Z"},{"date":"2021-06-08","total_count":80,"lineage_count":0,"total_count_rolling":64.42857142857143,"lineage_count_rolling":0,"proportion":0,"proportion_ci_lower":0.000007642474147531675,"proportion_ci_upper":0.03834122889437086,"dateTime":"2021-06-07T14:00:00.000Z"},{"date":"2021-06-09","total_count":60,"lineage_count":0,"total_count_rolling":64,"lineage_count_rolling":0,"proportion":0,"proportion_ci_lower":0.000007642474147531675,"proportion_ci_upper":0.03834122889437086,"dateTime":"2021-06-08T14:00:00.000Z"},{"date":"2021-06-10","total_count":25,"lineage_count":0,"total_count_rolling":55.857142857142854,"lineage_count_rolling":0,"proportion":0,"proportion_ci_lower":0.00000872937892167467,"proportion_ci_upper":0.04367320309540497,"dateTime":"2021-06-09T14:00:00.000Z"},{"date":"2021-06-11","total_count":27,"lineage_count":0,"total_count_rolling":46.42857142857143,"lineage_count_rolling":0,"proportion":0,"proportion_ci_lower":0.000010616751927119647,"proportion_ci_upper":0.05286170463923311,"dateTime":"2021-06-10T14:00:00.000Z"},{"date":"2021-06-12","total_count":20,"lineage_count":0,"total_count_rolling":44.57142857142857,"lineage_count_rolling":0,"proportion":0,"proportion_ci_lower":0.000010851367920604664,"proportion_ci_upper":0.05399770969071757,"dateTime":"2021-06-11T14:00:00.000Z"},{"date":"2021-06-13","total_count":13,"lineage_count":0,"total_count_rolling":42.42857142857143,"lineage_count_rolling":0,"proportion":0,"proportion_ci_lower":0.00001162184868730745,"proportion_ci_upper":0.05771875848759089,"dateTime":"2021-06-12T14:00:00.000Z"},{"date":"2021-06-14","total_count":94,"lineage_count":0,"total_count_rolling":45.57142857142857,"lineage_count_rolling":0,"proportion":0,"proportion_ci_lower":0.000010616751927119647,"proportion_ci_upper":0.05286170463923311,"dateTime":"2021-06-13T14:00:00.000Z"},{"date":"2021-06-15","total_count":96,"lineage_count":0,"total_count_rolling":47.857142857142854,"lineage_count_rolling":0,"proportion":0,"proportion_ci_lower":0.000010176693619626449,"proportion_ci_upper":0.05072726335249247,"dateTime":"2021-06-14T14:00:00.000Z"},{"date":"2021-06-16","total_count":43,"lineage_count":0,"total_count_rolling":45.42857142857143,"lineage_count_rolling":0,"proportion":0,"proportion_ci_lower":0.000010851367920604664,"proportion_ci_upper":0.05399770969071757,"dateTime":"2021-06-15T14:00:00.000Z"},{"date":"2021-06-17","total_count":145,"lineage_count":0,"total_count_rolling":62.57142857142857,"lineage_count_rolling":0,"proportion":0,"proportion_ci_lower":0.000007763301435834223,"proportion_ci_upper":0.038935433654495914,"dateTime":"2021-06-16T14:00:00.000Z"},{"date":"2021-06-18","total_count":75,"lineage_count":0,"total_count_rolling":69.42857142857143,"lineage_count_rolling":0,"proportion":0,"proportion_ci_lower":0.000007090680389630058,"proportion_ci_upper":0.035622934735230344,"dateTime":"2021-06-17T14:00:00.000Z"},{"date":"2021-06-19","total_count":7,"lineage_count":0,"total_count_rolling":67.57142857142857,"lineage_count_rolling":0,"proportion":0,"proportion_ci_lower":0.000007194571384576424,"proportion_ci_upper":0.03613531901631472,"dateTime":"2021-06-18T14:00:00.000Z"},{"date":"2021-06-20","total_count":16,"lineage_count":0,"total_count_rolling":68,"lineage_count_rolling":0,"proportion":0,"proportion_ci_lower":0.000007194571384576424,"proportion_ci_upper":0.03613531901631472,"dateTime":"2021-06-19T14:00:00.000Z"},{"date":"2021-06-21","total_count":44,"lineage_count":0,"total_count_rolling":60.857142857142854,"lineage_count_rolling":0,"proportion":0,"proportion_ci_lower":0.000008016791819405204,"proportion_ci_upper":0.04018085432869683,"dateTime":"2021-06-20T14:00:00.000Z"},{"date":"2021-06-22","total_count":29,"lineage_count":0,"total_count_rolling":51.285714285714285,"lineage_count_rolling":0,"proportion":0,"proportion_ci_lower":0.000009581002197232198,"proportion_ci_upper":0.047830262390909054,"dateTime":"2021-06-21T14:00:00.000Z"},{"date":"2021-06-23","total_count":89,"lineage_count":0,"total_count_rolling":57.857142857142854,"lineage_count_rolling":0,"proportion":0,"proportion_ci_lower":0.000008429664640534895,"proportion_ci_upper":0.0422058745011226,"dateTime":"2021-06-22T14:00:00.000Z"},{"date":"2021-06-24","total_count":87,"lineage_count":0,"total_count_rolling":49.57142857142857,"lineage_count_rolling":0,"proportion":0,"proportion_ci_lower":0.000009771663301804058,"proportion_ci_upper":0.04875845944407136,"dateTime":"2021-06-23T14:00:00.000Z"},{"date":"2021-06-25","total_count":46,"lineage_count":0,"total_count_rolling":45.42857142857143,"lineage_count_rolling":0,"proportion":0,"proportion_ci_lower":0.000010851367920604664,"proportion_ci_upper":0.05399770969071757,"dateTime":"2021-06-24T14:00:00.000Z"},{"date":"2021-06-26","total_count":19,"lineage_count":0,"total_count_rolling":47.142857142857146,"lineage_count_rolling":0,"proportion":0,"proportion_ci_lower":0.000010392066291527431,"proportion_ci_upper":0.051772500175186045,"dateTime":"2021-06-25T14:00:00.000Z"},{"date":"2021-06-27","total_count":37,"lineage_count":0,"total_count_rolling":50.142857142857146,"lineage_count_rolling":0,"proportion":0,"proportion_ci_lower":0.000009771663301804058,"proportion_ci_upper":0.04875845944407136,"dateTime":"2021-06-26T14:00:00.000Z"},{"date":"2021-06-28","total_count":2,"lineage_count":0,"total_count_rolling":44.142857142857146,"lineage_count_rolling":0,"proportion":0,"proportion_ci_lower":0.000011096587471255177,"proportion_ci_upper":0.055183596912170736,"dateTime":"2021-06-27T14:00:00.000Z"},{"date":"2021-06-29","total_count":36,"lineage_count":0,"total_count_rolling":45.142857142857146,"lineage_count_rolling":0,"proportion":0,"proportion_ci_lower":0.000010851367920604664,"proportion_ci_upper":0.05399770969071757,"dateTime":"2021-06-28T14:00:00.000Z"},{"date":"2021-06-30","total_count":25,"lineage_count":0,"total_count_rolling":36,"lineage_count_rolling":0,"proportion":0,"proportion_ci_lower":0.000013545366988825864,"proportion_ci_upper":0.06694448234237448,"dateTime":"2021-06-29T14:00:00.000Z"},{"date":"2021-07-01","total_count":42,"lineage_count":0,"total_count_rolling":29.571428571428573,"lineage_count_rolling":0,"proportion":0,"proportion_ci_lower":0.000016231861223464357,"proportion_ci_upper":0.07967817381725997,"dateTime":"2021-06-30T14:00:00.000Z"},{"date":"2021-07-02","total_count":20,"lineage_count":0,"total_count_rolling":25.857142857142858,"lineage_count_rolling":0,"proportion":0,"proportion_ci_lower":0.000018705055066259086,"proportion_ci_upper":0.09124656340895625,"dateTime":"2021-07-01T14:00:00.000Z"},{"date":"2021-07-03","total_count":11,"lineage_count":0,"total_count_rolling":24.714285714285715,"lineage_count_rolling":0,"proportion":0,"proportion_ci_lower":0.000019445770898158813,"proportion_ci_upper":0.0946827641095835,"dateTime":"2021-07-02T14:00:00.000Z"}]			
"P.1.1"	"pangolin_lineage=P.1.1"	"Variant of Concern"	{"pango":"P.1.1","selected":"ZAF","loc":[]}	[]			
"P.1.2"	"pangolin_lineage=P.1.2"	"Variant of Concern"	{"pango":"P.1.2","selected":"ZAF","loc":[]}	[]			
"AV.1"	"pangolin_lineage=AV.1"	"Variant of Interest"	{"pango":"AV.1","loc":["ZAF"],"selected":"ZAF"}	[{"date":"2021-05-24","total_count":50,"lineage_count":2,"total_count_rolling":50,"lineage_count_rolling":2,"proportion":0.04,"proportion_ci_lower":0.008404035138946046,"proportion_ci_upper":0.12217893558724946,"dateTime":"2021-05-23T14:00:00.000Z"},{"date":"2021-05-25","total_count":33,"lineage_count":0,"total_count_rolling":41.5,"lineage_count_rolling":1,"proportion":0.024096385542168676,"proportion_ci_lower":0.002581118369002407,"proportion_ci_upper":0.10592581752281838,"dateTime":"2021-05-24T14:00:00.000Z"},{"date":"2021-05-26","total_count":26,"lineage_count":0,"total_count_rolling":36.333333333333336,"lineage_count_rolling":0.6666666666666666,"proportion":0.018348623853211007,"proportion_ci_lower":0.0030136938252919216,"proportion_ci_upper":0.12257359234796428,"dateTime":"2021-05-25T14:00:00.000Z"},{"date":"2021-05-27","total_count":63,"lineage_count":0,"total_count_rolling":43,"lineage_count_rolling":0.5,"proportion":0.011627906976744186,"proportion_ci_lower":0.000011353146034219708,"proportion_ci_upper":0.05642272440165041,"dateTime":"2021-05-26T14:00:00.000Z"},{"date":"2021-05-28","total_count":39,"lineage_count":0,"total_count_rolling":42.2,"lineage_count_rolling":0.4,"proportion":0.009478672985781991,"proportion_ci_lower":0.00001162184868730745,"proportion_ci_upper":0.05771875848759089,"dateTime":"2021-05-27T14:00:00.000Z"},{"date":"2021-05-29","total_count":21,"lineage_count":0,"total_count_rolling":38.666666666666664,"lineage_count_rolling":0.3333333333333333,"proportion":0.008620689655172414,"proportion_ci_lower":0.00001251010253530656,"proportion_ci_upper":0.06199038426935264,"dateTime":"2021-05-28T14:00:00.000Z"},{"date":"2021-05-30","total_count":12,"lineage_count":0,"total_count_rolling":34.857142857142854,"lineage_count_rolling":0.2857142857142857,"proportion":0.00819672131147541,"proportion_ci_lower":0.000013929610979532534,"proportion_ci_upper":0.06877653611605908,"dateTime":"2021-05-29T14:00:00.000Z"},{"date":"2021-05-31","total_count":60,"lineage_count":0,"total_count_rolling":36.285714285714285,"lineage_count_rolling":0,"proportion":0,"proportion_ci_lower":0.000013545366988825864,"proportion_ci_upper":0.06694448234237448,"dateTime":"2021-05-30T14:00:00.000Z"},{"date":"2021-06-01","total_count":92,"lineage_count":0,"total_count_rolling":44.714285714285715,"lineage_count_rolling":0,"proportion":0,"proportion_ci_lower":0.000010851367920604664,"proportion_ci_upper":0.05399770969071757,"dateTime":"2021-05-31T14:00:00.000Z"},{"date":"2021-06-02","total_count":63,"lineage_count":0,"total_count_rolling":50,"lineage_count_rolling":0,"proportion":0,"proportion_ci_lower":0.000009771663301804058,"proportion_ci_upper":0.04875845944407136,"dateTime":"2021-06-01T14:00:00.000Z"},{"date":"2021-06-03","total_count":82,"lineage_count":0,"total_count_rolling":52.714285714285715,"lineage_count_rolling":0,"proportion":0,"proportion_ci_lower":0.00000922116209664496,"proportion_ci_upper":0.04607597583181053,"dateTime":"2021-06-02T14:00:00.000Z"},{"date":"2021-06-04","total_count":93,"lineage_count":0,"total_count_rolling":60.42857142857143,"lineage_count_rolling":0,"proportion":0,"proportion_ci_lower":0.00000814984778982563,"proportion_ci_upper":0.040833922866898485,"dateTime":"2021-06-03T14:00:00.000Z"},{"date":"2021-06-05","total_count":33,"lineage_count":0,"total_count_rolling":62.142857142857146,"lineage_count_rolling":0,"proportion":0,"proportion_ci_lower":0.000007888010617589366,"proportion_ci_upper":0.03954834307825474,"dateTime":"2021-06-04T14:00:00.000Z"},{"date":"2021-06-06","total_count":28,"lineage_count":0,"total_count_rolling":64.42857142857143,"lineage_count_rolling":0,"proportion":0,"proportion_ci_lower":0.000007642474147531675,"proportion_ci_upper":0.03834122889437086,"dateTime":"2021-06-05T14:00:00.000Z"},{"date":"2021-06-07","total_count":72,"lineage_count":0,"total_count_rolling":66.14285714285714,"lineage_count_rolling":0,"proportion":0,"proportion_ci_lower":0.000007411762139215877,"proportion_ci_upper":0.03720561031849754,"dateTime":"2021-06-06T14:00:00.000Z"},{"date":"2021-06-08","total_count":80,"lineage_count":0,"total_count_rolling":64.42857142857143,"lineage_count_rolling":0,"proportion":0,"proportion_ci_lower":0.000007642474147531675,"proportion_ci_upper":0.03834122889437086,"dateTime":"2021-06-07T14:00:00.000Z"},{"date":"2021-06-09","total_count":60,"lineage_count":0,"total_count_rolling":64,"lineage_count_rolling":0,"proportion":0,"proportion_ci_lower":0.000007642474147531675,"proportion_ci_upper":0.03834122889437086,"dateTime":"2021-06-08T14:00:00.000Z"},{"date":"2021-06-10","total_count":25,"lineage_count":1,"total_count_rolling":55.857142857142854,"lineage_count_rolling":0.14285714285714285,"proportion":0.0025575447570332483,"proportion_ci_lower":0.00000872937892167467,"proportion_ci_upper":0.04367320309540497,"dateTime":"2021-06-09T14:00:00.000Z"},{"date":"2021-06-11","total_count":27,"lineage_count":1,"total_count_rolling":46.42857142857143,"lineage_count_rolling":0.2857142857142857,"proportion":0.006153846153846153,"proportion_ci_lower":0.000010616751927119647,"proportion_ci_upper":0.05286170463923311,"dateTime":"2021-06-10T14:00:00.000Z"},{"date":"2021-06-12","total_count":20,"lineage_count":0,"total_count_rolling":44.57142857142857,"lineage_count_rolling":0.2857142857142857,"proportion":0.00641025641025641,"proportion_ci_lower":0.000010851367920604664,"proportion_ci_upper":0.05399770969071757,"dateTime":"2021-06-11T14:00:00.000Z"},{"date":"2021-06-13","total_count":13,"lineage_count":0,"total_count_rolling":42.42857142857143,"lineage_count_rolling":0.2857142857142857,"proportion":0.006734006734006734,"proportion_ci_lower":0.00001162184868730745,"proportion_ci_upper":0.05771875848759089,"dateTime":"2021-06-12T14:00:00.000Z"},{"date":"2021-06-14","total_count":94,"lineage_count":0,"total_count_rolling":45.57142857142857,"lineage_count_rolling":0.2857142857142857,"proportion":0.006269592476489028,"proportion_ci_lower":0.000010616751927119647,"proportion_ci_upper":0.05286170463923311,"dateTime":"2021-06-13T14:00:00.000Z"},{"date":"2021-06-15","total_count":96,"lineage_count":0,"total_count_rolling":47.857142857142854,"lineage_count_rolling":0.2857142857142857,"proportion":0.005970149253731343,"proportion_ci_lower":0.000010176693619626449,"proportion_ci_upper":0.05072726335249247,"dateTime":"2021-06-14T14:00:00.000Z"},{"date":"2021-06-16","total_count":43,"lineage_count":0,"total_count_rolling":45.42857142857143,"lineage_count_rolling":0.2857142857142857,"proportion":0.006289308176100628,"proportion_ci_lower":0.000010851367920604664,"proportion_ci_upper":0.05399770969071757,"dateTime":"2021-06-15T14:00:00.000Z"},{"date":"2021-06-17","total_count":145,"lineage_count":0,"total_count_rolling":62.57142857142857,"lineage_count_rolling":0.14285714285714285,"proportion":0.00228310502283105,"proportion_ci_lower":0.000007763301435834223,"proportion_ci_upper":0.038935433654495914,"dateTime":"2021-06-16T14:00:00.000Z"},{"date":"2021-06-18","total_count":75,"lineage_count":0,"total_count_rolling":69.42857142857143,"lineage_count_rolling":0,"proportion":0,"proportion_ci_lower":0.000007090680389630058,"proportion_ci_upper":0.035622934735230344,"dateTime":"2021-06-17T14:00:00.000Z"},{"date":"2021-06-19","total_count":7,"lineage_count":0,"total_count_rolling":67.57142857142857,"lineage_count_rolling":0,"proportion":0,"proportion_ci_lower":0.000007194571384576424,"proportion_ci_upper":0.03613531901631472,"dateTime":"2021-06-18T14:00:00.000Z"},{"date":"2021-06-20","total_count":16,"lineage_count":0,"total_count_rolling":68,"lineage_count_rolling":0,"proportion":0,"proportion_ci_lower":0.000007194571384576424,"proportion_ci_upper":0.03613531901631472,"dateTime":"2021-06-19T14:00:00.000Z"},{"date":"2021-06-21","total_count":44,"lineage_count":0,"total_count_rolling":60.857142857142854,"lineage_count_rolling":0,"proportion":0,"proportion_ci_lower":0.000008016791819405204,"proportion_ci_upper":0.04018085432869683,"dateTime":"2021-06-20T14:00:00.000Z"},{"date":"2021-06-22","total_count":29,"lineage_count":0,"total_count_rolling":51.285714285714285,"lineage_count_rolling":0,"proportion":0,"proportion_ci_lower":0.000009581002197232198,"proportion_ci_upper":0.047830262390909054,"dateTime":"2021-06-21T14:00:00.000Z"},{"date":"2021-06-23","total_count":89,"lineage_count":0,"total_count_rolling":57.857142857142854,"lineage_count_rolling":0,"proportion":0,"proportion_ci_lower":0.000008429664640534895,"proportion_ci_upper":0.0422058745011226,"dateTime":"2021-06-22T14:00:00.000Z"},{"date":"2021-06-24","total_count":87,"lineage_count":0,"total_count_rolling":49.57142857142857,"lineage_count_rolling":0,"proportion":0,"proportion_ci_lower":0.000009771663301804058,"proportion_ci_upper":0.04875845944407136,"dateTime":"2021-06-23T14:00:00.000Z"},{"date":"2021-06-25","total_count":46,"lineage_count":0,"total_count_rolling":45.42857142857143,"lineage_count_rolling":0,"proportion":0,"proportion_ci_lower":0.000010851367920604664,"proportion_ci_upper":0.05399770969071757,"dateTime":"2021-06-24T14:00:00.000Z"},{"date":"2021-06-26","total_count":19,"lineage_count":0,"total_count_rolling":47.142857142857146,"lineage_count_rolling":0,"proportion":0,"proportion_ci_lower":0.000010392066291527431,"proportion_ci_upper":0.051772500175186045,"dateTime":"2021-06-25T14:00:00.000Z"},{"date":"2021-06-27","total_count":37,"lineage_count":0,"total_count_rolling":50.142857142857146,"lineage_count_rolling":0,"proportion":0,"proportion_ci_lower":0.000009771663301804058,"proportion_ci_upper":0.04875845944407136,"dateTime":"2021-06-26T14:00:00.000Z"},{"date":"2021-06-28","total_count":2,"lineage_count":0,"total_count_rolling":44.142857142857146,"lineage_count_rolling":0,"proportion":0,"proportion_ci_lower":0.000011096587471255177,"proportion_ci_upper":0.055183596912170736,"dateTime":"2021-06-27T14:00:00.000Z"},{"date":"2021-06-29","total_count":36,"lineage_count":0,"total_count_rolling":45.142857142857146,"lineage_count_rolling":0,"proportion":0,"proportion_ci_lower":0.000010851367920604664,"proportion_ci_upper":0.05399770969071757,"dateTime":"2021-06-28T14:00:00.000Z"},{"date":"2021-06-30","total_count":25,"lineage_count":0,"total_count_rolling":36,"lineage_count_rolling":0,"proportion":0,"proportion_ci_lower":0.000013545366988825864,"proportion_ci_upper":0.06694448234237448,"dateTime":"2021-06-29T14:00:00.000Z"},{"date":"2021-07-01","total_count":42,"lineage_count":0,"total_count_rolling":29.571428571428573,"lineage_count_rolling":0,"proportion":0,"proportion_ci_lower":0.000016231861223464357,"proportion_ci_upper":0.07967817381725997,"dateTime":"2021-06-30T14:00:00.000Z"},{"date":"2021-07-02","total_count":20,"lineage_count":0,"total_count_rolling":25.857142857142858,"lineage_count_rolling":0,"proportion":0,"proportion_ci_lower":0.000018705055066259086,"proportion_ci_upper":0.09124656340895625,"dateTime":"2021-07-01T14:00:00.000Z"},{"date":"2021-07-03","total_count":11,"lineage_count":0,"total_count_rolling":24.714285714285715,"lineage_count_rolling":0,"proportion":0,"proportion_ci_lower":0.000019445770898158813,"proportion_ci_upper":0.0946827641095835,"dateTime":"2021-07-02T14:00:00.000Z"}]			
"B.1.1.318"	"pangolin_lineage=B.1.1.318"	"Variant of Interest"	{"pango":"B.1.1.318","selected":"ZAF","loc":[]}	[]			
"B.1.427"	"pangolin_lineage=B.1.427"	"Variant of Interest"	{"pango":"B.1.427","loc":[],"selected":"ZAF"}	[]			
"B.1.429"	"pangolin_lineage=B.1.429"	"Variant of Interest"	{"pango":"B.1.429","loc":[],"selected":"ZAF"}	[]			
"B.1.525"	"pangolin_lineage=B.1.525"	"Variant of Interest"	{"pango":"B.1.525","selected":"ZAF","loc":[]}	[{"date":"2021-03-10","total_count":34,"lineage_count":1,"total_count_rolling":34,"lineage_count_rolling":1,"proportion":0.029411764705882353,"proportion_ci_lower":0.0031920142976644083,"proportion_ci_upper":0.12934810214188408,"dateTime":"2021-03-09T13:00:00.000Z"},{"date":"2021-03-11","total_count":57,"lineage_count":0,"total_count_rolling":45.5,"lineage_count_rolling":0.5,"proportion":0.01098901098901099,"proportion_ci_lower":0.000010616751927119647,"proportion_ci_upper":0.05286170463923311,"dateTime":"2021-03-10T13:00:00.000Z"},{"date":"2021-03-12","total_count":25,"lineage_count":0,"total_count_rolling":38.666666666666664,"lineage_count_rolling":0.3333333333333333,"proportion":0.008620689655172414,"proportion_ci_lower":0.00001251010253530656,"proportion_ci_upper":0.06199038426935264,"dateTime":"2021-03-11T13:00:00.000Z"},{"date":"2021-03-13","total_count":24,"lineage_count":0,"total_count_rolling":35,"lineage_count_rolling":0.25,"proportion":0.007142857142857143,"proportion_ci_lower":0.000013929610979532534,"proportion_ci_upper":0.06877653611605908,"dateTime":"2021-03-12T13:00:00.000Z"},{"date":"2021-03-14","total_count":15,"lineage_count":0,"total_count_rolling":31,"lineage_count_rolling":0.2,"proportion":0.0064516129032258064,"proportion_ci_lower":0.000015712479537001282,"proportion_ci_upper":0.07723003565348177,"dateTime":"2021-03-13T13:00:00.000Z"},{"date":"2021-03-15","total_count":50,"lineage_count":0,"total_count_rolling":34.166666666666664,"lineage_count_rolling":0.16666666666666666,"proportion":0.004878048780487805,"proportion_ci_lower":0.000014336290671557177,"proportion_ci_upper":0.07071163067902096,"dateTime":"2021-03-14T13:00:00.000Z"},{"date":"2021-03-16","total_count":30,"lineage_count":0,"total_count_rolling":33.57142857142857,"lineage_count_rolling":0.14285714285714285,"proportion":0.00425531914893617,"proportion_ci_lower":0.000014336290671557177,"proportion_ci_upper":0.07071163067902096,"dateTime":"2021-03-15T13:00:00.000Z"},{"date":"2021-03-17","total_count":33,"lineage_count":0,"total_count_rolling":33.42857142857143,"lineage_count_rolling":0,"proportion":0,"proportion_ci_lower":0.000014767430104586674,"proportion_ci_upper":0.07275870531262567,"dateTime":"2021-03-16T13:00:00.000Z"},{"date":"2021-03-18","total_count":15,"lineage_count":0,"total_count_rolling":27.428571428571427,"lineage_count_rolling":0,"proportion":0,"proportion_ci_lower":0.000018018696079932514,"proportion_ci_upper":0.08805083151105601,"dateTime":"2021-03-17T13:00:00.000Z"},{"date":"2021-03-19","total_count":26,"lineage_count":0,"total_count_rolling":27.571428571428573,"lineage_count_rolling":0,"proportion":0,"proportion_ci_lower":0.000017380922536885184,"proportion_ci_upper":0.08507120003233526,"dateTime":"2021-03-18T13:00:00.000Z"},{"date":"2021-03-20","total_count":23,"lineage_count":0,"total_count_rolling":27.428571428571427,"lineage_count_rolling":0,"proportion":0,"proportion_ci_lower":0.000018018696079932514,"proportion_ci_upper":0.08805083151105601,"dateTime":"2021-03-19T13:00:00.000Z"},{"date":"2021-03-21","total_count":7,"lineage_count":0,"total_count_rolling":26.285714285714285,"lineage_count_rolling":0,"proportion":0,"proportion_ci_lower":0.000018705055066259086,"proportion_ci_upper":0.09124656340895625,"dateTime":"2021-03-20T13:00:00.000Z"},{"date":"2021-03-22","total_count":22,"lineage_count":0,"total_count_rolling":22.285714285714285,"lineage_count_rolling":0,"proportion":0,"proportion_ci_lower":0.000022067332398350842,"proportion_ci_upper":0.10673971791178566,"dateTime":"2021-03-21T13:00:00.000Z"},{"date":"2021-03-23","total_count":27,"lineage_count":0,"total_count_rolling":21.857142857142858,"lineage_count_rolling":0,"proportion":0,"proportion_ci_lower":0.000022067332398350842,"proportion_ci_upper":0.10673971791178566,"dateTime":"2021-03-22T13:00:00.000Z"},{"date":"2021-03-24","total_count":32,"lineage_count":0,"total_count_rolling":21.714285714285715,"lineage_count_rolling":0,"proportion":0,"proportion_ci_lower":0.000022067332398350842,"proportion_ci_upper":0.10673971791178566,"dateTime":"2021-03-23T13:00:00.000Z"},{"date":"2021-03-25","total_count":21,"lineage_count":0,"total_count_rolling":22.571428571428573,"lineage_count_rolling":0,"proportion":0,"proportion_ci_lower":0.00002111832201730757,"proportion_ci_upper":0.10239382809160794,"dateTime":"2021-03-24T13:00:00.000Z"},{"date":"2021-03-26","total_count":28,"lineage_count":0,"total_count_rolling":22.857142857142858,"lineage_count_rolling":0,"proportion":0,"proportion_ci_lower":0.00002111832201730757,"proportion_ci_upper":0.10239382809160794,"dateTime":"2021-03-25T13:00:00.000Z"},{"date":"2021-03-27","total_count":12,"lineage_count":0,"total_count_rolling":21.285714285714285,"lineage_count_rolling":0,"proportion":0,"proportion_ci_lower":0.00002310564264915348,"proportion_ci_upper":0.11147031619304093,"dateTime":"2021-03-26T13:00:00.000Z"},{"date":"2021-03-28","total_count":4,"lineage_count":0,"total_count_rolling":20.857142857142858,"lineage_count_rolling":0,"proportion":0,"proportion_ci_lower":0.00002310564264915348,"proportion_ci_upper":0.11147031619304093,"dateTime":"2021-03-27T13:00:00.000Z"},{"date":"2021-03-29","total_count":30,"lineage_count":0,"total_count_rolling":22,"lineage_count_rolling":0,"proportion":0,"proportion_ci_lower":0.000022067332398350842,"proportion_ci_upper":0.10673971791178566,"dateTime":"2021-03-28T13:00:00.000Z"},{"date":"2021-03-30","total_count":19,"lineage_count":0,"total_count_rolling":20.857142857142858,"lineage_count_rolling":0,"proportion":0,"proportion_ci_lower":0.00002310564264915348,"proportion_ci_upper":0.11147031619304093,"dateTime":"2021-03-29T13:00:00.000Z"},{"date":"2021-03-31","total_count":16,"lineage_count":0,"total_count_rolling":18.571428571428573,"lineage_count_rolling":0,"proportion":0,"proportion_ci_lower":0.000025505812625695268,"proportion_ci_upper":0.12230940431991393,"dateTime":"2021-03-30T13:00:00.000Z"},{"date":"2021-04-01","total_count":11,"lineage_count":0,"total_count_rolling":17.142857142857142,"lineage_count_rolling":0,"proportion":0,"proportion_ci_lower":0.000028462377723109497,"proportion_ci_upper":0.1354784378916884,"dateTime":"2021-03-31T13:00:00.000Z"},{"date":"2021-04-02","total_count":14,"lineage_count":0,"total_count_rolling":15.142857142857142,"lineage_count_rolling":0,"proportion":0,"proportion_ci_lower":0.000032194144323726923,"proportion_ci_upper":0.15181666211439768,"dateTime":"2021-04-01T13:00:00.000Z"},{"date":"2021-04-03","total_count":3,"lineage_count":0,"total_count_rolling":13.857142857142858,"lineage_count_rolling":0,"proportion":0,"proportion_ci_lower":0.00003445267180200587,"proportion_ci_upper":0.16155330451419395,"dateTime":"2021-04-02T13:00:00.000Z"},{"date":"2021-04-04","total_count":4,"lineage_count":0,"total_count_rolling":13.857142857142858,"lineage_count_rolling":0,"proportion":0,"proportion_ci_lower":0.00003445267180200587,"proportion_ci_upper":0.16155330451419395,"dateTime":"2021-04-03T13:00:00.000Z"},{"date":"2021-04-05","total_count":4,"lineage_count":0,"total_count_rolling":10.142857142857142,"lineage_count_rolling":0,"proportion":0,"proportion_ci_lower":0.00004789043315758197,"proportion_ci_upper":0.21719626750921056,"dateTime":"2021-04-04T14:00:00.000Z"},{"date":"2021-04-06","total_count":20,"lineage_count":0,"total_count_rolling":10.285714285714286,"lineage_count_rolling":0,"proportion":0,"proportion_ci_lower":0.00004789043315758197,"proportion_ci_upper":0.21719626750921056,"dateTime":"2021-04-05T14:00:00.000Z"},{"date":"2021-04-07","total_count":14,"lineage_count":0,"total_count_rolling":10,"lineage_count_rolling":0,"proportion":0,"proportion_ci_lower":0.00004789043315758197,"proportion_ci_upper":0.21719626750921056,"dateTime":"2021-04-06T14:00:00.000Z"},{"date":"2021-04-08","total_count":11,"lineage_count":0,"total_count_rolling":10,"lineage_count_rolling":0,"proportion":0,"proportion_ci_lower":0.00004789043315758197,"proportion_ci_upper":0.21719626750921056,"dateTime":"2021-04-07T14:00:00.000Z"},{"date":"2021-04-09","total_count":14,"lineage_count":0,"total_count_rolling":10,"lineage_count_rolling":0,"proportion":0,"proportion_ci_lower":0.00004789043315758197,"proportion_ci_upper":0.21719626750921056,"dateTime":"2021-04-08T14:00:00.000Z"},{"date":"2021-04-10","total_count":11,"lineage_count":0,"total_count_rolling":11.142857142857142,"lineage_count_rolling":0,"proportion":0,"proportion_ci_lower":0.00004363579814218975,"proportion_ci_upper":0.19999456902620805,"dateTime":"2021-04-09T14:00:00.000Z"},{"date":"2021-04-11","total_count":12,"lineage_count":0,"total_count_rolling":12.285714285714286,"lineage_count_rolling":0,"proportion":0,"proportion_ci_lower":0.00004007531007659888,"proportion_ci_upper":0.18530593831248504,"dateTime":"2021-04-10T14:00:00.000Z"},{"date":"2021-04-12","total_count":28,"lineage_count":0,"total_count_rolling":15.714285714285714,"lineage_count_rolling":0,"proportion":0,"proportion_ci_lower":0.000030213479978023642,"proportion_ci_upper":0.1431841379314448,"dateTime":"2021-04-11T14:00:00.000Z"},{"date":"2021-04-13","total_count":15,"lineage_count":0,"total_count_rolling":15,"lineage_count_rolling":0,"proportion":0,"proportion_ci_lower":0.000032194144323726923,"proportion_ci_upper":0.15181666211439768,"dateTime":"2021-04-12T14:00:00.000Z"},{"date":"2021-04-14","total_count":31,"lineage_count":0,"total_count_rolling":17.428571428571427,"lineage_count_rolling":0,"proportion":0,"proportion_ci_lower":0.000028462377723109497,"proportion_ci_upper":0.1354784378916884,"dateTime":"2021-04-13T14:00:00.000Z"},{"date":"2021-04-15","total_count":6,"lineage_count":0,"total_count_rolling":16.714285714285715,"lineage_count_rolling":0,"proportion":0,"proportion_ci_lower":0.000028462377723109497,"proportion_ci_upper":0.1354784378916884,"dateTime":"2021-04-14T14:00:00.000Z"},{"date":"2021-04-16","total_count":11,"lineage_count":1,"total_count_rolling":16.285714285714285,"lineage_count_rolling":0.14285714285714285,"proportion":0.008771929824561403,"proportion_ci_lower":0.000030213479978023642,"proportion_ci_upper":0.1431841379314448,"dateTime":"2021-04-15T14:00:00.000Z"},{"date":"2021-04-17","total_count":11,"lineage_count":0,"total_count_rolling":16.285714285714285,"lineage_count_rolling":0.14285714285714285,"proportion":0.008771929824561403,"proportion_ci_lower":0.000030213479978023642,"proportion_ci_upper":0.1431841379314448,"dateTime":"2021-04-16T14:00:00.000Z"},{"date":"2021-04-18","total_count":15,"lineage_count":0,"total_count_rolling":16.714285714285715,"lineage_count_rolling":0.14285714285714285,"proportion":0.008547008547008546,"proportion_ci_lower":0.000028462377723109497,"proportion_ci_upper":0.1354784378916884,"dateTime":"2021-04-17T14:00:00.000Z"},{"date":"2021-04-19","total_count":11,"lineage_count":0,"total_count_rolling":14.285714285714286,"lineage_count_rolling":0.14285714285714285,"proportion":0.009999999999999998,"proportion_ci_lower":0.00003445267180200587,"proportion_ci_upper":0.16155330451419395,"dateTime":"2021-04-18T14:00:00.000Z"},{"date":"2021-04-20","total_count":30,"lineage_count":0,"total_count_rolling":16.428571428571427,"lineage_count_rolling":0.14285714285714285,"proportion":0.008695652173913044,"proportion_ci_lower":0.000030213479978023642,"proportion_ci_upper":0.1431841379314448,"dateTime":"2021-04-19T14:00:00.000Z"},{"date":"2021-04-21","total_count":27,"lineage_count":0,"total_count_rolling":15.857142857142858,"lineage_count_rolling":0.14285714285714285,"proportion":0.009009009009009009,"proportion_ci_lower":0.000030213479978023642,"proportion_ci_upper":0.1431841379314448,"dateTime":"2021-04-20T14:00:00.000Z"},{"date":"2021-04-22","total_count":29,"lineage_count":0,"total_count_rolling":19.142857142857142,"lineage_count_rolling":0.14285714285714285,"proportion":0.007462686567164179,"proportion_ci_lower":0.000025505812625695268,"proportion_ci_upper":0.12230940431991393,"dateTime":"2021-04-21T14:00:00.000Z"},{"date":"2021-04-23","total_count":38,"lineage_count":0,"total_count_rolling":23,"lineage_count_rolling":0,"proportion":0,"proportion_ci_lower":0.00002111832201730757,"proportion_ci_upper":0.10239382809160794,"dateTime":"2021-04-22T14:00:00.000Z"},{"date":"2021-04-24","total_count":23,"lineage_count":0,"total_count_rolling":24.714285714285715,"lineage_count_rolling":0,"proportion":0,"proportion_ci_lower":0.000019445770898158813,"proportion_ci_upper":0.0946827641095835,"dateTime":"2021-04-23T14:00:00.000Z"},{"date":"2021-04-25","total_count":18,"lineage_count":0,"total_count_rolling":25.142857142857142,"lineage_count_rolling":0,"proportion":0,"proportion_ci_lower":0.000019445770898158813,"proportion_ci_upper":0.0946827641095835,"dateTime":"2021-04-24T14:00:00.000Z"},{"date":"2021-04-26","total_count":26,"lineage_count":0,"total_count_rolling":27.285714285714285,"lineage_count_rolling":0,"proportion":0,"proportion_ci_lower":0.000018018696079932514,"proportion_ci_upper":0.08805083151105601,"dateTime":"2021-04-25T14:00:00.000Z"},{"date":"2021-04-27","total_count":17,"lineage_count":0,"total_count_rolling":25.428571428571427,"lineage_count_rolling":0,"proportion":0,"proportion_ci_lower":0.000019445770898158813,"proportion_ci_upper":0.0946827641095835,"dateTime":"2021-04-26T14:00:00.000Z"},{"date":"2021-04-28","total_count":28,"lineage_count":0,"total_count_rolling":25.571428571428573,"lineage_count_rolling":0,"proportion":0,"proportion_ci_lower":0.000018705055066259086,"proportion_ci_upper":0.09124656340895625,"dateTime":"2021-04-27T14:00:00.000Z"},{"date":"2021-04-29","total_count":12,"lineage_count":0,"total_count_rolling":23.142857142857142,"lineage_count_rolling":0,"proportion":0,"proportion_ci_lower":0.00002111832201730757,"proportion_ci_upper":0.10239382809160794,"dateTime":"2021-04-28T14:00:00.000Z"},{"date":"2021-04-30","total_count":20,"lineage_count":1,"total_count_rolling":20.571428571428573,"lineage_count_rolling":0.14285714285714285,"proportion":0.006944444444444443,"proportion_ci_lower":0.00002310564264915348,"proportion_ci_upper":0.11147031619304093,"dateTime":"2021-04-29T14:00:00.000Z"},{"date":"2021-05-01","total_count":19,"lineage_count":0,"total_count_rolling":20,"lineage_count_rolling":0.14285714285714285,"proportion":0.007142857142857143,"proportion_ci_lower":0.000024246478459242777,"proportion_ci_upper":0.11663898290487537,"dateTime":"2021-04-30T14:00:00.000Z"},{"date":"2021-05-02","total_count":13,"lineage_count":0,"total_count_rolling":19.285714285714285,"lineage_count_rolling":0.14285714285714285,"proportion":0.007407407407407408,"proportion_ci_lower":0.000025505812625695268,"proportion_ci_upper":0.12230940431991393,"dateTime":"2021-05-01T14:00:00.000Z"},{"date":"2021-05-03","total_count":41,"lineage_count":0,"total_count_rolling":21.428571428571427,"lineage_count_rolling":0.14285714285714285,"proportion":0.006666666666666667,"proportion_ci_lower":0.00002310564264915348,"proportion_ci_upper":0.11147031619304093,"dateTime":"2021-05-02T14:00:00.000Z"},{"date":"2021-05-04","total_count":43,"lineage_count":0,"total_count_rolling":25.142857142857142,"lineage_count_rolling":0.14285714285714285,"proportion":0.005681818181818182,"proportion_ci_lower":0.000019445770898158813,"proportion_ci_upper":0.0946827641095835,"dateTime":"2021-05-03T14:00:00.000Z"},{"date":"2021-05-05","total_count":45,"lineage_count":0,"total_count_rolling":27.571428571428573,"lineage_count_rolling":0.14285714285714285,"proportion":0.005181347150259067,"proportion_ci_lower":0.000017380922536885184,"proportion_ci_upper":0.08507120003233526,"dateTime":"2021-05-04T14:00:00.000Z"},{"date":"2021-05-06","total_count":37,"lineage_count":0,"total_count_rolling":31.142857142857142,"lineage_count_rolling":0.14285714285714285,"proportion":0.004587155963302752,"proportion_ci_lower":0.000015712479537001282,"proportion_ci_upper":0.07723003565348177,"dateTime":"2021-05-05T14:00:00.000Z"},{"date":"2021-05-07","total_count":26,"lineage_count":1,"total_count_rolling":32,"lineage_count_rolling":0.14285714285714285,"proportion":0.004464285714285714,"proportion_ci_lower":0.000015225304324521508,"proportion_ci_upper":0.07492776342928391,"dateTime":"2021-05-06T14:00:00.000Z"},{"date":"2021-05-08","total_count":34,"lineage_count":1,"total_count_rolling":34.142857142857146,"lineage_count_rolling":0.2857142857142857,"proportion":0.008368200836820083,"proportion_ci_lower":0.000014336290671557177,"proportion_ci_upper":0.07071163067902096,"dateTime":"2021-05-07T14:00:00.000Z"},{"date":"2021-05-09","total_count":25,"lineage_count":0,"total_count_rolling":35.857142857142854,"lineage_count_rolling":0.2857142857142857,"proportion":0.00796812749003984,"proportion_ci_lower":0.000013545366988825864,"proportion_ci_upper":0.06694448234237448,"dateTime":"2021-05-08T14:00:00.000Z"},{"date":"2021-05-10","total_count":33,"lineage_count":1,"total_count_rolling":34.714285714285715,"lineage_count_rolling":0.42857142857142855,"proportion":0.012345679012345678,"proportion_ci_lower":0.000013929610979532534,"proportion_ci_upper":0.06877653611605908,"dateTime":"2021-05-09T14:00:00.000Z"},{"date":"2021-05-11","total_count":19,"lineage_count":0,"total_count_rolling":31.285714285714285,"lineage_count_rolling":0.42857142857142855,"proportion":0.0136986301369863,"proportion_ci_lower":0.000015712479537001282,"proportion_ci_upper":0.07723003565348177,"dateTime":"2021-05-10T14:00:00.000Z"},{"date":"2021-05-12","total_count":44,"lineage_count":1,"total_count_rolling":31.142857142857142,"lineage_count_rolling":0.5714285714285714,"proportion":0.018348623853211007,"proportion_ci_lower":0.00350291842130598,"proportion_ci_upper":0.14103799412369988,"dateTime":"2021-05-11T14:00:00.000Z"},{"date":"2021-05-13","total_count":38,"lineage_count":1,"total_count_rolling":31.285714285714285,"lineage_count_rolling":0.7142857142857143,"proportion":0.022831050228310504,"proportion_ci_lower":0.00350291842130598,"proportion_ci_upper":0.14103799412369988,"dateTime":"2021-05-12T14:00:00.000Z"},{"date":"2021-05-14","total_count":30,"lineage_count":2,"total_count_rolling":31.857142857142858,"lineage_count_rolling":0.8571428571428571,"proportion":0.026905829596412554,"proportion_ci_lower":0.0033927655909424016,"proportion_ci_upper":0.1369138623518783,"dateTime":"2021-05-13T14:00:00.000Z"},{"date":"2021-05-15","total_count":9,"lineage_count":0,"total_count_rolling":28.285714285714285,"lineage_count_rolling":0.7142857142857143,"proportion":0.025252525252525256,"proportion_ci_lower":0.0038809272881955006,"proportion_ci_upper":0.15504541199610367,"dateTime":"2021-05-14T14:00:00.000Z"},{"date":"2021-05-16","total_count":6,"lineage_count":0,"total_count_rolling":25.571428571428573,"lineage_count_rolling":0.7142857142857143,"proportion":0.027932960893854747,"proportion_ci_lower":0.004181774944604056,"proportion_ci_upper":0.16603455828794433,"dateTime":"2021-05-15T14:00:00.000Z"},{"date":"2021-05-17","total_count":57,"lineage_count":0,"total_count_rolling":29,"lineage_count_rolling":0.5714285714285714,"proportion":0.019704433497536946,"proportion_ci_lower":0.003746173649057076,"proportion_ci_upper":0.1500776860022317,"dateTime":"2021-05-16T14:00:00.000Z"},{"date":"2021-05-18","total_count":42,"lineage_count":0,"total_count_rolling":32.285714285714285,"lineage_count_rolling":0.5714285714285714,"proportion":0.017699115044247787,"proportion_ci_lower":0.0033927655909424016,"proportion_ci_upper":0.1369138623518783,"dateTime":"2021-05-17T14:00:00.000Z"},{"date":"2021-05-19","total_count":42,"lineage_count":0,"total_count_rolling":32,"lineage_count_rolling":0.42857142857142855,"proportion":0.013392857142857142,"proportion_ci_lower":0.000015225304324521508,"proportion_ci_upper":0.07492776342928391,"dateTime":"2021-05-18T14:00:00.000Z"},{"date":"2021-05-20","total_count":35,"lineage_count":0,"total_count_rolling":31.571428571428573,"lineage_count_rolling":0.2857142857142857,"proportion":0.009049773755656108,"proportion_ci_lower":0.000015225304324521508,"proportion_ci_upper":0.07492776342928391,"dateTime":"2021-05-19T14:00:00.000Z"},{"date":"2021-05-21","total_count":15,"lineage_count":0,"total_count_rolling":29.428571428571427,"lineage_count_rolling":0,"proportion":0,"proportion_ci_lower":0.000016786752124790408,"proportion_ci_upper":0.08228648292382375,"dateTime":"2021-05-20T14:00:00.000Z"},{"date":"2021-05-22","total_count":4,"lineage_count":0,"total_count_rolling":28.714285714285715,"lineage_count_rolling":0,"proportion":0,"proportion_ci_lower":0.000016786752124790408,"proportion_ci_upper":0.08228648292382375,"dateTime":"2021-05-21T14:00:00.000Z"},{"date":"2021-05-23","total_count":10,"lineage_count":0,"total_count_rolling":29.285714285714285,"lineage_count_rolling":0,"proportion":0,"proportion_ci_lower":0.000016786752124790408,"proportion_ci_upper":0.08228648292382375,"dateTime":"2021-05-22T14:00:00.000Z"},{"date":"2021-05-24","total_count":50,"lineage_count":0,"total_count_rolling":28.285714285714285,"lineage_count_rolling":0,"proportion":0,"proportion_ci_lower":0.000017380922536885184,"proportion_ci_upper":0.08507120003233526,"dateTime":"2021-05-23T14:00:00.000Z"},{"date":"2021-05-25","total_count":33,"lineage_count":0,"total_count_rolling":27,"lineage_count_rolling":0,"proportion":0,"proportion_ci_lower":0.000018018696079932514,"proportion_ci_upper":0.08805083151105601,"dateTime":"2021-05-24T14:00:00.000Z"},{"date":"2021-05-26","total_count":26,"lineage_count":3,"total_count_rolling":24.714285714285715,"lineage_count_rolling":0.42857142857142855,"proportion":0.017341040462427744,"proportion_ci_lower":0.000019445770898158813,"proportion_ci_upper":0.0946827641095835,"dateTime":"2021-05-25T14:00:00.000Z"},{"date":"2021-05-27","total_count":63,"lineage_count":0,"total_count_rolling":28.714285714285715,"lineage_count_rolling":0.42857142857142855,"proportion":0.014925373134328356,"proportion_ci_lower":0.000016786752124790408,"proportion_ci_upper":0.08228648292382375,"dateTime":"2021-05-26T14:00:00.000Z"},{"date":"2021-05-28","total_count":39,"lineage_count":0,"total_count_rolling":32.142857142857146,"lineage_count_rolling":0.42857142857142855,"proportion":0.01333333333333333,"proportion_ci_lower":0.000015225304324521508,"proportion_ci_upper":0.07492776342928391,"dateTime":"2021-05-27T14:00:00.000Z"},{"date":"2021-05-29","total_count":21,"lineage_count":0,"total_count_rolling":34.57142857142857,"lineage_count_rolling":0.42857142857142855,"proportion":0.012396694214876033,"proportion_ci_lower":0.000013929610979532534,"proportion_ci_upper":0.06877653611605908,"dateTime":"2021-05-28T14:00:00.000Z"},{"date":"2021-05-30","total_count":12,"lineage_count":0,"total_count_rolling":34.857142857142854,"lineage_count_rolling":0.42857142857142855,"proportion":0.012295081967213115,"proportion_ci_lower":0.000013929610979532534,"proportion_ci_upper":0.06877653611605908,"dateTime":"2021-05-29T14:00:00.000Z"},{"date":"2021-05-31","total_count":60,"lineage_count":0,"total_count_rolling":36.285714285714285,"lineage_count_rolling":0.42857142857142855,"proportion":0.011811023622047244,"proportion_ci_lower":0.000013545366988825864,"proportion_ci_upper":0.06694448234237448,"dateTime":"2021-05-30T14:00:00.000Z"},{"date":"2021-06-01","total_count":92,"lineage_count":0,"total_count_rolling":44.714285714285715,"lineage_count_rolling":0.42857142857142855,"proportion":0.009584664536741214,"proportion_ci_lower":0.000010851367920604664,"proportion_ci_upper":0.05399770969071757,"dateTime":"2021-05-31T14:00:00.000Z"},{"date":"2021-06-02","total_count":63,"lineage_count":0,"total_count_rolling":50,"lineage_count_rolling":0,"proportion":0,"proportion_ci_lower":0.000009771663301804058,"proportion_ci_upper":0.04875845944407136,"dateTime":"2021-06-01T14:00:00.000Z"},{"date":"2021-06-03","total_count":82,"lineage_count":0,"total_count_rolling":52.714285714285715,"lineage_count_rolling":0,"proportion":0,"proportion_ci_lower":0.00000922116209664496,"proportion_ci_upper":0.04607597583181053,"dateTime":"2021-06-02T14:00:00.000Z"},{"date":"2021-06-04","total_count":93,"lineage_count":0,"total_count_rolling":60.42857142857143,"lineage_count_rolling":0,"proportion":0,"proportion_ci_lower":0.00000814984778982563,"proportion_ci_upper":0.040833922866898485,"dateTime":"2021-06-03T14:00:00.000Z"},{"date":"2021-06-05","total_count":33,"lineage_count":0,"total_count_rolling":62.142857142857146,"lineage_count_rolling":0,"proportion":0,"proportion_ci_lower":0.000007888010617589366,"proportion_ci_upper":0.03954834307825474,"dateTime":"2021-06-04T14:00:00.000Z"},{"date":"2021-06-06","total_count":28,"lineage_count":0,"total_count_rolling":64.42857142857143,"lineage_count_rolling":0,"proportion":0,"proportion_ci_lower":0.000007642474147531675,"proportion_ci_upper":0.03834122889437086,"dateTime":"2021-06-05T14:00:00.000Z"},{"date":"2021-06-07","total_count":72,"lineage_count":0,"total_count_rolling":66.14285714285714,"lineage_count_rolling":0,"proportion":0,"proportion_ci_lower":0.000007411762139215877,"proportion_ci_upper":0.03720561031849754,"dateTime":"2021-06-06T14:00:00.000Z"},{"date":"2021-06-08","total_count":80,"lineage_count":0,"total_count_rolling":64.42857142857143,"lineage_count_rolling":0,"proportion":0,"proportion_ci_lower":0.000007642474147531675,"proportion_ci_upper":0.03834122889437086,"dateTime":"2021-06-07T14:00:00.000Z"},{"date":"2021-06-09","total_count":60,"lineage_count":0,"total_count_rolling":64,"lineage_count_rolling":0,"proportion":0,"proportion_ci_lower":0.000007642474147531675,"proportion_ci_upper":0.03834122889437086,"dateTime":"2021-06-08T14:00:00.000Z"},{"date":"2021-06-10","total_count":25,"lineage_count":0,"total_count_rolling":55.857142857142854,"lineage_count_rolling":0,"proportion":0,"proportion_ci_lower":0.00000872937892167467,"proportion_ci_upper":0.04367320309540497,"dateTime":"2021-06-09T14:00:00.000Z"},{"date":"2021-06-11","total_count":27,"lineage_count":0,"total_count_rolling":46.42857142857143,"lineage_count_rolling":0,"proportion":0,"proportion_ci_lower":0.000010616751927119647,"proportion_ci_upper":0.05286170463923311,"dateTime":"2021-06-10T14:00:00.000Z"},{"date":"2021-06-12","total_count":20,"lineage_count":0,"total_count_rolling":44.57142857142857,"lineage_count_rolling":0,"proportion":0,"proportion_ci_lower":0.000010851367920604664,"proportion_ci_upper":0.05399770969071757,"dateTime":"2021-06-11T14:00:00.000Z"},{"date":"2021-06-13","total_count":13,"lineage_count":0,"total_count_rolling":42.42857142857143,"lineage_count_rolling":0,"proportion":0,"proportion_ci_lower":0.00001162184868730745,"proportion_ci_upper":0.05771875848759089,"dateTime":"2021-06-12T14:00:00.000Z"},{"date":"2021-06-14","total_count":94,"lineage_count":0,"total_count_rolling":45.57142857142857,"lineage_count_rolling":0,"proportion":0,"proportion_ci_lower":0.000010616751927119647,"proportion_ci_upper":0.05286170463923311,"dateTime":"2021-06-13T14:00:00.000Z"},{"date":"2021-06-15","total_count":96,"lineage_count":0,"total_count_rolling":47.857142857142854,"lineage_count_rolling":0,"proportion":0,"proportion_ci_lower":0.000010176693619626449,"proportion_ci_upper":0.05072726335249247,"dateTime":"2021-06-14T14:00:00.000Z"},{"date":"2021-06-16","total_count":43,"lineage_count":0,"total_count_rolling":45.42857142857143,"lineage_count_rolling":0,"proportion":0,"proportion_ci_lower":0.000010851367920604664,"proportion_ci_upper":0.05399770969071757,"dateTime":"2021-06-15T14:00:00.000Z"},{"date":"2021-06-17","total_count":145,"lineage_count":0,"total_count_rolling":62.57142857142857,"lineage_count_rolling":0,"proportion":0,"proportion_ci_lower":0.000007763301435834223,"proportion_ci_upper":0.038935433654495914,"dateTime":"2021-06-16T14:00:00.000Z"},{"date":"2021-06-18","total_count":75,"lineage_count":0,"total_count_rolling":69.42857142857143,"lineage_count_rolling":0,"proportion":0,"proportion_ci_lower":0.000007090680389630058,"proportion_ci_upper":0.035622934735230344,"dateTime":"2021-06-17T14:00:00.000Z"},{"date":"2021-06-19","total_count":7,"lineage_count":0,"total_count_rolling":67.57142857142857,"lineage_count_rolling":0,"proportion":0,"proportion_ci_lower":0.000007194571384576424,"proportion_ci_upper":0.03613531901631472,"dateTime":"2021-06-18T14:00:00.000Z"},{"date":"2021-06-20","total_count":16,"lineage_count":0,"total_count_rolling":68,"lineage_count_rolling":0,"proportion":0,"proportion_ci_lower":0.000007194571384576424,"proportion_ci_upper":0.03613531901631472,"dateTime":"2021-06-19T14:00:00.000Z"},{"date":"2021-06-21","total_count":44,"lineage_count":0,"total_count_rolling":60.857142857142854,"lineage_count_rolling":0,"proportion":0,"proportion_ci_lower":0.000008016791819405204,"proportion_ci_upper":0.04018085432869683,"dateTime":"2021-06-20T14:00:00.000Z"},{"date":"2021-06-22","total_count":29,"lineage_count":0,"total_count_rolling":51.285714285714285,"lineage_count_rolling":0,"proportion":0,"proportion_ci_lower":0.000009581002197232198,"proportion_ci_upper":0.047830262390909054,"dateTime":"2021-06-21T14:00:00.000Z"},{"date":"2021-06-23","total_count":89,"lineage_count":0,"total_count_rolling":57.857142857142854,"lineage_count_rolling":0,"proportion":0,"proportion_ci_lower":0.000008429664640534895,"proportion_ci_upper":0.0422058745011226,"dateTime":"2021-06-22T14:00:00.000Z"},{"date":"2021-06-24","total_count":87,"lineage_count":0,"total_count_rolling":49.57142857142857,"lineage_count_rolling":0,"proportion":0,"proportion_ci_lower":0.000009771663301804058,"proportion_ci_upper":0.04875845944407136,"dateTime":"2021-06-23T14:00:00.000Z"},{"date":"2021-06-25","total_count":46,"lineage_count":0,"total_count_rolling":45.42857142857143,"lineage_count_rolling":0,"proportion":0,"proportion_ci_lower":0.000010851367920604664,"proportion_ci_upper":0.05399770969071757,"dateTime":"2021-06-24T14:00:00.000Z"},{"date":"2021-06-26","total_count":19,"lineage_count":0,"total_count_rolling":47.142857142857146,"lineage_count_rolling":0,"proportion":0,"proportion_ci_lower":0.000010392066291527431,"proportion_ci_upper":0.051772500175186045,"dateTime":"2021-06-25T14:00:00.000Z"},{"date":"2021-06-27","total_count":37,"lineage_count":0,"total_count_rolling":50.142857142857146,"lineage_count_rolling":0,"proportion":0,"proportion_ci_lower":0.000009771663301804058,"proportion_ci_upper":0.04875845944407136,"dateTime":"2021-06-26T14:00:00.000Z"},{"date":"2021-06-28","total_count":2,"lineage_count":0,"total_count_rolling":44.142857142857146,"lineage_count_rolling":0,"proportion":0,"proportion_ci_lower":0.000011096587471255177,"proportion_ci_upper":0.055183596912170736,"dateTime":"2021-06-27T14:00:00.000Z"},{"date":"2021-06-29","total_count":36,"lineage_count":0,"total_count_rolling":45.142857142857146,"lineage_count_rolling":0,"proportion":0,"proportion_ci_lower":0.000010851367920604664,"proportion_ci_upper":0.05399770969071757,"dateTime":"2021-06-28T14:00:00.000Z"},{"date":"2021-06-30","total_count":25,"lineage_count":0,"total_count_rolling":36,"lineage_count_rolling":0,"proportion":0,"proportion_ci_lower":0.000013545366988825864,"proportion_ci_upper":0.06694448234237448,"dateTime":"2021-06-29T14:00:00.000Z"},{"date":"2021-07-01","total_count":42,"lineage_count":0,"total_count_rolling":29.571428571428573,"lineage_count_rolling":0,"proportion":0,"proportion_ci_lower":0.000016231861223464357,"proportion_ci_upper":0.07967817381725997,"dateTime":"2021-06-30T14:00:00.000Z"},{"date":"2021-07-02","total_count":20,"lineage_count":0,"total_count_rolling":25.857142857142858,"lineage_count_rolling":0,"proportion":0,"proportion_ci_lower":0.000018705055066259086,"proportion_ci_upper":0.09124656340895625,"dateTime":"2021-07-01T14:00:00.000Z"},{"date":"2021-07-03","total_count":11,"lineage_count":0,"total_count_rolling":24.714285714285715,"lineage_count_rolling":0,"proportion":0,"proportion_ci_lower":0.000019445770898158813,"proportion_ci_upper":0.0946827641095835,"dateTime":"2021-07-02T14:00:00.000Z"}]			
"B.1.526"	"pangolin_lineage=B.1.526"	"Variant of Interest"	{"pango":"B.1.526","loc":[],"selected":"ZAF"}	[]			
"B.1.617.1"	"pangolin_lineage=B.1.617.1"	"Variant of Interest"	{"pango":"B.1.617.1","loc":[],"selected":"ZAF"}	[]			
"B.1.617.3"	"pangolin_lineage=B.1.617.3"	"Variant of Interest"	{"pango":"B.1.617.3","loc":[],"selected":"ZAF"}	[]			
"C.36.3"	"pangolin_lineage=C.36.3"	"Variant of Interest"	{"pango":"C.36.3","loc":[],"selected":"ZAF"}	[]			
"C.37"	"pangolin_lineage=C.37"	"Variant of Interest"	{"pango":"C.37","loc":[],"selected":"ZAF"}	[]			
"P.2"	"pangolin_lineage=P.2"	"Variant of Interest"	{"pango":"P.2","loc":[],"selected":"ZAF"}	[]			
"P.3"	"pangolin_lineage=P.3"	"Variant of Interest"	{"pango":"P.3","loc":[],"selected":"ZAF"}	[]			
"B.1.619"	"pangolin_lineage=B.1.619"	"Custom Lineages & Mutations"	{"pango":"B.1.619"}	[{"date":"2021-05-17","total_count":57,"lineage_count":1,"total_count_rolling":57,"lineage_count_rolling":1,"proportion":0.017543859649122806,"proportion_ci_lower":0.0018995057492598162,"proportion_ci_upper":0.07906757049143665,"dateTime":"2021-05-16T14:00:00.000Z"},{"date":"2021-05-18","total_count":42,"lineage_count":0,"total_count_rolling":49.5,"lineage_count_rolling":0.5,"proportion":0.010101010101010102,"proportion_ci_lower":0.000009771663301804058,"proportion_ci_upper":0.04875845944407136,"dateTime":"2021-05-17T14:00:00.000Z"},{"date":"2021-05-19","total_count":42,"lineage_count":0,"total_count_rolling":47,"lineage_count_rolling":0.3333333333333333,"proportion":0.0070921985815602835,"proportion_ci_lower":0.000010392066291527431,"proportion_ci_upper":0.051772500175186045,"dateTime":"2021-05-18T14:00:00.000Z"},{"date":"2021-05-20","total_count":35,"lineage_count":0,"total_count_rolling":44,"lineage_count_rolling":0.25,"proportion":0.005681818181818182,"proportion_ci_lower":0.000011096587471255177,"proportion_ci_upper":0.055183596912170736,"dateTime":"2021-05-19T14:00:00.000Z"},{"date":"2021-05-21","total_count":15,"lineage_count":0,"total_count_rolling":38.2,"lineage_count_rolling":0.2,"proportion":0.005235602094240838,"proportion_ci_lower":0.000012837148145041117,"proportion_ci_upper":0.06355825497022041,"dateTime":"2021-05-20T14:00:00.000Z"},{"date":"2021-05-22","total_count":4,"lineage_count":0,"total_count_rolling":32.5,"lineage_count_rolling":0.16666666666666666,"proportion":0.005128205128205128,"proportion_ci_lower":0.000015225304324521508,"proportion_ci_upper":0.07492776342928391,"dateTime":"2021-05-21T14:00:00.000Z"},{"date":"2021-05-23","total_count":10,"lineage_count":0,"total_count_rolling":29.285714285714285,"lineage_count_rolling":0.14285714285714285,"proportion":0.004878048780487805,"proportion_ci_lower":0.000016786752124790408,"proportion_ci_upper":0.08228648292382375,"dateTime":"2021-05-22T14:00:00.000Z"},{"date":"2021-05-24","total_count":50,"lineage_count":0,"total_count_rolling":28.285714285714285,"lineage_count_rolling":0,"proportion":0,"proportion_ci_lower":0.000017380922536885184,"proportion_ci_upper":0.08507120003233526,"dateTime":"2021-05-23T14:00:00.000Z"},{"date":"2021-05-25","total_count":33,"lineage_count":0,"total_count_rolling":27,"lineage_count_rolling":0,"proportion":0,"proportion_ci_lower":0.000018018696079932514,"proportion_ci_upper":0.08805083151105601,"dateTime":"2021-05-24T14:00:00.000Z"},{"date":"2021-05-26","total_count":26,"lineage_count":0,"total_count_rolling":24.714285714285715,"lineage_count_rolling":0,"proportion":0,"proportion_ci_lower":0.000019445770898158813,"proportion_ci_upper":0.0946827641095835,"dateTime":"2021-05-25T14:00:00.000Z"},{"date":"2021-05-27","total_count":63,"lineage_count":0,"total_count_rolling":28.714285714285715,"lineage_count_rolling":0,"proportion":0,"proportion_ci_lower":0.000016786752124790408,"proportion_ci_upper":0.08228648292382375,"dateTime":"2021-05-26T14:00:00.000Z"},{"date":"2021-05-28","total_count":39,"lineage_count":0,"total_count_rolling":32.142857142857146,"lineage_count_rolling":0,"proportion":0,"proportion_ci_lower":0.000015225304324521508,"proportion_ci_upper":0.07492776342928391,"dateTime":"2021-05-27T14:00:00.000Z"},{"date":"2021-05-29","total_count":21,"lineage_count":0,"total_count_rolling":34.57142857142857,"lineage_count_rolling":0,"proportion":0,"proportion_ci_lower":0.000013929610979532534,"proportion_ci_upper":0.06877653611605908,"dateTime":"2021-05-28T14:00:00.000Z"},{"date":"2021-05-30","total_count":12,"lineage_count":0,"total_count_rolling":34.857142857142854,"lineage_count_rolling":0,"proportion":0,"proportion_ci_lower":0.000013929610979532534,"proportion_ci_upper":0.06877653611605908,"dateTime":"2021-05-29T14:00:00.000Z"},{"date":"2021-05-31","total_count":60,"lineage_count":0,"total_count_rolling":36.285714285714285,"lineage_count_rolling":0,"proportion":0,"proportion_ci_lower":0.000013545366988825864,"proportion_ci_upper":0.06694448234237448,"dateTime":"2021-05-30T14:00:00.000Z"},{"date":"2021-06-01","total_count":92,"lineage_count":0,"total_count_rolling":44.714285714285715,"lineage_count_rolling":0,"proportion":0,"proportion_ci_lower":0.000010851367920604664,"proportion_ci_upper":0.05399770969071757,"dateTime":"2021-05-31T14:00:00.000Z"},{"date":"2021-06-02","total_count":63,"lineage_count":0,"total_count_rolling":50,"lineage_count_rolling":0,"proportion":0,"proportion_ci_lower":0.000009771663301804058,"proportion_ci_upper":0.04875845944407136,"dateTime":"2021-06-01T14:00:00.000Z"},{"date":"2021-06-03","total_count":82,"lineage_count":0,"total_count_rolling":52.714285714285715,"lineage_count_rolling":0,"proportion":0,"proportion_ci_lower":0.00000922116209664496,"proportion_ci_upper":0.04607597583181053,"dateTime":"2021-06-02T14:00:00.000Z"},{"date":"2021-06-04","total_count":93,"lineage_count":0,"total_count_rolling":60.42857142857143,"lineage_count_rolling":0,"proportion":0,"proportion_ci_lower":0.00000814984778982563,"proportion_ci_upper":0.040833922866898485,"dateTime":"2021-06-03T14:00:00.000Z"},{"date":"2021-06-05","total_count":33,"lineage_count":0,"total_count_rolling":62.142857142857146,"lineage_count_rolling":0,"proportion":0,"proportion_ci_lower":0.000007888010617589366,"proportion_ci_upper":0.03954834307825474,"dateTime":"2021-06-04T14:00:00.000Z"},{"date":"2021-06-06","total_count":28,"lineage_count":1,"total_count_rolling":64.42857142857143,"lineage_count_rolling":0.14285714285714285,"proportion":0.0022172949002217295,"proportion_ci_lower":0.000007642474147531675,"proportion_ci_upper":0.03834122889437086,"dateTime":"2021-06-05T14:00:00.000Z"},{"date":"2021-06-07","total_count":72,"lineage_count":0,"total_count_rolling":66.14285714285714,"lineage_count_rolling":0.14285714285714285,"proportion":0.0021598272138228943,"proportion_ci_lower":0.000007411762139215877,"proportion_ci_upper":0.03720561031849754,"dateTime":"2021-06-06T14:00:00.000Z"},{"date":"2021-06-08","total_count":80,"lineage_count":0,"total_count_rolling":64.42857142857143,"lineage_count_rolling":0.14285714285714285,"proportion":0.0022172949002217295,"proportion_ci_lower":0.000007642474147531675,"proportion_ci_upper":0.03834122889437086,"dateTime":"2021-06-07T14:00:00.000Z"},{"date":"2021-06-09","total_count":60,"lineage_count":0,"total_count_rolling":64,"lineage_count_rolling":0.14285714285714285,"proportion":0.002232142857142857,"proportion_ci_lower":0.000007642474147531675,"proportion_ci_upper":0.03834122889437086,"dateTime":"2021-06-08T14:00:00.000Z"},{"date":"2021-06-10","total_count":25,"lineage_count":0,"total_count_rolling":55.857142857142854,"lineage_count_rolling":0.14285714285714285,"proportion":0.0025575447570332483,"proportion_ci_lower":0.00000872937892167467,"proportion_ci_upper":0.04367320309540497,"dateTime":"2021-06-09T14:00:00.000Z"},{"date":"2021-06-11","total_count":27,"lineage_count":2,"total_count_rolling":46.42857142857143,"lineage_count_rolling":0.42857142857142855,"proportion":0.00923076923076923,"proportion_ci_lower":0.000010616751927119647,"proportion_ci_upper":0.05286170463923311,"dateTime":"2021-06-10T14:00:00.000Z"},{"date":"2021-06-12","total_count":20,"lineage_count":0,"total_count_rolling":44.57142857142857,"lineage_count_rolling":0.42857142857142855,"proportion":0.009615384615384616,"proportion_ci_lower":0.000010851367920604664,"proportion_ci_upper":0.05399770969071757,"dateTime":"2021-06-11T14:00:00.000Z"},{"date":"2021-06-13","total_count":13,"lineage_count":0,"total_count_rolling":42.42857142857143,"lineage_count_rolling":0.2857142857142857,"proportion":0.006734006734006734,"proportion_ci_lower":0.00001162184868730745,"proportion_ci_upper":0.05771875848759089,"dateTime":"2021-06-12T14:00:00.000Z"},{"date":"2021-06-14","total_count":94,"lineage_count":0,"total_count_rolling":45.57142857142857,"lineage_count_rolling":0.2857142857142857,"proportion":0.006269592476489028,"proportion_ci_lower":0.000010616751927119647,"proportion_ci_upper":0.05286170463923311,"dateTime":"2021-06-13T14:00:00.000Z"},{"date":"2021-06-15","total_count":96,"lineage_count":0,"total_count_rolling":47.857142857142854,"lineage_count_rolling":0.2857142857142857,"proportion":0.005970149253731343,"proportion_ci_lower":0.000010176693619626449,"proportion_ci_upper":0.05072726335249247,"dateTime":"2021-06-14T14:00:00.000Z"},{"date":"2021-06-16","total_count":43,"lineage_count":0,"total_count_rolling":45.42857142857143,"lineage_count_rolling":0.2857142857142857,"proportion":0.006289308176100628,"proportion_ci_lower":0.000010851367920604664,"proportion_ci_upper":0.05399770969071757,"dateTime":"2021-06-15T14:00:00.000Z"},{"date":"2021-06-17","total_count":145,"lineage_count":0,"total_count_rolling":62.57142857142857,"lineage_count_rolling":0.2857142857142857,"proportion":0.0045662100456621,"proportion_ci_lower":0.000007763301435834223,"proportion_ci_upper":0.038935433654495914,"dateTime":"2021-06-16T14:00:00.000Z"},{"date":"2021-06-18","total_count":75,"lineage_count":0,"total_count_rolling":69.42857142857143,"lineage_count_rolling":0,"proportion":0,"proportion_ci_lower":0.000007090680389630058,"proportion_ci_upper":0.035622934735230344,"dateTime":"2021-06-17T14:00:00.000Z"},{"date":"2021-06-19","total_count":7,"lineage_count":0,"total_count_rolling":67.57142857142857,"lineage_count_rolling":0,"proportion":0,"proportion_ci_lower":0.000007194571384576424,"proportion_ci_upper":0.03613531901631472,"dateTime":"2021-06-18T14:00:00.000Z"},{"date":"2021-06-20","total_count":16,"lineage_count":0,"total_count_rolling":68,"lineage_count_rolling":0,"proportion":0,"proportion_ci_lower":0.000007194571384576424,"proportion_ci_upper":0.03613531901631472,"dateTime":"2021-06-19T14:00:00.000Z"},{"date":"2021-06-21","total_count":44,"lineage_count":0,"total_count_rolling":60.857142857142854,"lineage_count_rolling":0,"proportion":0,"proportion_ci_lower":0.000008016791819405204,"proportion_ci_upper":0.04018085432869683,"dateTime":"2021-06-20T14:00:00.000Z"},{"date":"2021-06-22","total_count":29,"lineage_count":0,"total_count_rolling":51.285714285714285,"lineage_count_rolling":0,"proportion":0,"proportion_ci_lower":0.000009581002197232198,"proportion_ci_upper":0.047830262390909054,"dateTime":"2021-06-21T14:00:00.000Z"},{"date":"2021-06-23","total_count":89,"lineage_count":0,"total_count_rolling":57.857142857142854,"lineage_count_rolling":0,"proportion":0,"proportion_ci_lower":0.000008429664640534895,"proportion_ci_upper":0.0422058745011226,"dateTime":"2021-06-22T14:00:00.000Z"},{"date":"2021-06-24","total_count":87,"lineage_count":0,"total_count_rolling":49.57142857142857,"lineage_count_rolling":0,"proportion":0,"proportion_ci_lower":0.000009771663301804058,"proportion_ci_upper":0.04875845944407136,"dateTime":"2021-06-23T14:00:00.000Z"},{"date":"2021-06-25","total_count":46,"lineage_count":0,"total_count_rolling":45.42857142857143,"lineage_count_rolling":0,"proportion":0,"proportion_ci_lower":0.000010851367920604664,"proportion_ci_upper":0.05399770969071757,"dateTime":"2021-06-24T14:00:00.000Z"},{"date":"2021-06-26","total_count":19,"lineage_count":0,"total_count_rolling":47.142857142857146,"lineage_count_rolling":0,"proportion":0,"proportion_ci_lower":0.000010392066291527431,"proportion_ci_upper":0.051772500175186045,"dateTime":"2021-06-25T14:00:00.000Z"},{"date":"2021-06-27","total_count":37,"lineage_count":0,"total_count_rolling":50.142857142857146,"lineage_count_rolling":0,"proportion":0,"proportion_ci_lower":0.000009771663301804058,"proportion_ci_upper":0.04875845944407136,"dateTime":"2021-06-26T14:00:00.000Z"},{"date":"2021-06-28","total_count":2,"lineage_count":0,"total_count_rolling":44.142857142857146,"lineage_count_rolling":0,"proportion":0,"proportion_ci_lower":0.000011096587471255177,"proportion_ci_upper":0.055183596912170736,"dateTime":"2021-06-27T14:00:00.000Z"},{"date":"2021-06-29","total_count":36,"lineage_count":0,"total_count_rolling":45.142857142857146,"lineage_count_rolling":0,"proportion":0,"proportion_ci_lower":0.000010851367920604664,"proportion_ci_upper":0.05399770969071757,"dateTime":"2021-06-28T14:00:00.000Z"},{"date":"2021-06-30","total_count":25,"lineage_count":0,"total_count_rolling":36,"lineage_count_rolling":0,"proportion":0,"proportion_ci_lower":0.000013545366988825864,"proportion_ci_upper":0.06694448234237448,"dateTime":"2021-06-29T14:00:00.000Z"},{"date":"2021-07-01","total_count":42,"lineage_count":0,"total_count_rolling":29.571428571428573,"lineage_count_rolling":0,"proportion":0,"proportion_ci_lower":0.000016231861223464357,"proportion_ci_upper":0.07967817381725997,"dateTime":"2021-06-30T14:00:00.000Z"},{"date":"2021-07-02","total_count":20,"lineage_count":0,"total_count_rolling":25.857142857142858,"lineage_count_rolling":0,"proportion":0,"proportion_ci_lower":0.000018705055066259086,"proportion_ci_upper":0.09124656340895625,"dateTime":"2021-07-01T14:00:00.000Z"},{"date":"2021-07-03","total_count":11,"lineage_count":0,"total_count_rolling":24.714285714285715,"lineage_count_rolling":0,"proportion":0,"proportion_ci_lower":0.000019445770898158813,"proportion_ci_upper":0.0946827641095835,"dateTime":"2021-07-02T14:00:00.000Z"}]		"pango"	"B.1.619"
"B.1.620"	"pangolin_lineage=B.1.620"	"Custom Lineages & Mutations"	{"pango":"B.1.620"}	[]		"pango"	"B.1.620"
"B.1.621"	"pangolin_lineage=B.1.621"	"Custom Lineages & Mutations"	{"pango":"B.1.621"}	[]		"pango"	"B.1.621"
