label	query	variantType	route	data	source	type	qParam
"AY.1"	"pangolin_lineage=AY.1"	"Variant of Concern"	{"pango":"AY.1","loc":[],"selected":"CHL"}	[]			
"AY.2"	"pangolin_lineage=AY.2"	"Variant of Concern"	{"pango":"AY.2","loc":[],"selected":"CHL"}	[]			
"AY.3"	"pangolin_lineage=AY.3"	"Variant of Concern"	{"pango":"AY.3","loc":[],"selected":"CHL"}	[]			
"B.1.1.7"	"pangolin_lineage=B.1.1.7"	"Variant of Concern"	{"pango":"B.1.1.7","loc":[],"selected":"CHL"}	[]			
"B.1.1.7 + S:E484K"	"pangolin_lineage=B.1.1.7&mutations=S:E484K"	"Variant of Concern"	{"pango":"B.1.1.7","muts":["S:E484K"],"loc":[],"selected":"CHL"}	[]			
"B.1.351"	"pangolin_lineage=B.1.351"	"Variant of Concern"	{"pango":"B.1.351","selected":"CHL","loc":[]}	[]			
"B.1.617.2"	"pangolin_lineage=B.1.617.2"	"Variant of Concern"	{"pango":"B.1.617.2","loc":[],"selected":"CHL"}	[{"date":"2021-06-13","total_count":74,"lineage_count":1,"total_count_rolling":74,"lineage_count_rolling":1,"proportion":0.013513513513513514,"proportion_ci_lower":0.0014619637677675225,"proportion_ci_upper":0.06141396013597744,"dateTime":"2021-06-12T14:00:00.000Z"},{"date":"2021-06-14","total_count":48,"lineage_count":0,"total_count_rolling":61,"lineage_count_rolling":0.5,"proportion":0.00819672131147541,"proportion_ci_lower":0.000008016791819405204,"proportion_ci_upper":0.04018085432869683,"dateTime":"2021-06-13T14:00:00.000Z"},{"date":"2021-06-15","total_count":40,"lineage_count":0,"total_count_rolling":54,"lineage_count_rolling":0.3333333333333333,"proportion":0.006172839506172839,"proportion_ci_lower":0.000009051191172037456,"proportion_ci_upper":0.04524621037882053,"dateTime":"2021-06-14T14:00:00.000Z"},{"date":"2021-06-16","total_count":44,"lineage_count":0,"total_count_rolling":51.5,"lineage_count_rolling":0.25,"proportion":0.0048543689320388345,"proportion_ci_lower":0.000009397638835474116,"proportion_ci_upper":0.04693673671899196,"dateTime":"2021-06-15T14:00:00.000Z"},{"date":"2021-06-17","total_count":30,"lineage_count":1,"total_count_rolling":47.2,"lineage_count_rolling":0.4,"proportion":0.00847457627118644,"proportion_ci_lower":0.000010392066291527431,"proportion_ci_upper":0.051772500175186045,"dateTime":"2021-06-16T14:00:00.000Z"},{"date":"2021-06-18","total_count":11,"lineage_count":0,"total_count_rolling":41.166666666666664,"lineage_count_rolling":0.3333333333333333,"proportion":0.008097165991902834,"proportion_ci_lower":0.000011903578569170632,"proportion_ci_upper":0.05907570990931319,"dateTime":"2021-06-17T14:00:00.000Z"},{"date":"2021-06-19","total_count":21,"lineage_count":0,"total_count_rolling":38.285714285714285,"lineage_count_rolling":0.2857142857142857,"proportion":0.007462686567164179,"proportion_ci_lower":0.000012837148145041117,"proportion_ci_upper":0.06355825497022041,"dateTime":"2021-06-18T14:00:00.000Z"},{"date":"2021-06-20","total_count":33,"lineage_count":0,"total_count_rolling":32.42857142857143,"lineage_count_rolling":0.14285714285714285,"proportion":0.004405286343612334,"proportion_ci_lower":0.000015225304324521508,"proportion_ci_upper":0.07492776342928391,"dateTime":"2021-06-19T14:00:00.000Z"},{"date":"2021-06-21","total_count":77,"lineage_count":0,"total_count_rolling":36.57142857142857,"lineage_count_rolling":0.14285714285714285,"proportion":0.00390625,"proportion_ci_lower":0.000013181751978965987,"proportion_ci_upper":0.06520745644543388,"dateTime":"2021-06-20T14:00:00.000Z"},{"date":"2021-06-22","total_count":27,"lineage_count":0,"total_count_rolling":34.714285714285715,"lineage_count_rolling":0.14285714285714285,"proportion":0.004115226337448559,"proportion_ci_lower":0.000013929610979532534,"proportion_ci_upper":0.06877653611605908,"dateTime":"2021-06-21T14:00:00.000Z"},{"date":"2021-06-23","total_count":34,"lineage_count":0,"total_count_rolling":33.285714285714285,"lineage_count_rolling":0.14285714285714285,"proportion":0.004291845493562232,"proportion_ci_lower":0.000014767430104586674,"proportion_ci_upper":0.07275870531262567,"dateTime":"2021-06-22T14:00:00.000Z"},{"date":"2021-06-24","total_count":37,"lineage_count":0,"total_count_rolling":34.285714285714285,"lineage_count_rolling":0,"proportion":0,"proportion_ci_lower":0.000014336290671557177,"proportion_ci_upper":0.07071163067902096,"dateTime":"2021-06-23T14:00:00.000Z"},{"date":"2021-06-25","total_count":19,"lineage_count":0,"total_count_rolling":35.42857142857143,"lineage_count_rolling":0,"proportion":0,"proportion_ci_lower":0.000013929610979532534,"proportion_ci_upper":0.06877653611605908,"dateTime":"2021-06-24T14:00:00.000Z"},{"date":"2021-06-26","total_count":10,"lineage_count":1,"total_count_rolling":33.857142857142854,"lineage_count_rolling":0.14285714285714285,"proportion":0.0042194092827004225,"proportion_ci_lower":0.000014336290671557177,"proportion_ci_upper":0.07071163067902096,"dateTime":"2021-06-25T14:00:00.000Z"},{"date":"2021-06-27","total_count":42,"lineage_count":0,"total_count_rolling":35.142857142857146,"lineage_count_rolling":0.14285714285714285,"proportion":0.004065040650406504,"proportion_ci_lower":0.000013929610979532534,"proportion_ci_upper":0.06877653611605908,"dateTime":"2021-06-26T14:00:00.000Z"},{"date":"2021-06-28","total_count":66,"lineage_count":0,"total_count_rolling":33.57142857142857,"lineage_count_rolling":0.14285714285714285,"proportion":0.00425531914893617,"proportion_ci_lower":0.000014336290671557177,"proportion_ci_upper":0.07071163067902096,"dateTime":"2021-06-27T14:00:00.000Z"},{"date":"2021-06-29","total_count":8,"lineage_count":0,"total_count_rolling":30.857142857142858,"lineage_count_rolling":0.14285714285714285,"proportion":0.004629629629629629,"proportion_ci_lower":0.000015712479537001282,"proportion_ci_upper":0.07723003565348177,"dateTime":"2021-06-28T14:00:00.000Z"},{"date":"2021-06-30","total_count":5,"lineage_count":0,"total_count_rolling":26.714285714285715,"lineage_count_rolling":0.14285714285714285,"proportion":0.0053475935828877,"proportion_ci_lower":0.000018018696079932514,"proportion_ci_upper":0.08805083151105601,"dateTime":"2021-06-29T14:00:00.000Z"}]			
"P.1"	"pangolin_lineage=P.1"	"Variant of Concern"	{"pango":"P.1","selected":"CHL","loc":[]}	[]			
"P.1.1"	"pangolin_lineage=P.1.1"	"Variant of Concern"	{"pango":"P.1.1","selected":"CHL","loc":[]}	[]			
"P.1.2"	"pangolin_lineage=P.1.2"	"Variant of Concern"	{"pango":"P.1.2","selected":"CHL","loc":[]}	[]			
"AV.1"	"pangolin_lineage=AV.1"	"Variant of Interest"	{"pango":"AV.1","loc":["CHL"],"selected":"CHL"}	[]			
"B.1.1.318"	"pangolin_lineage=B.1.1.318"	"Variant of Interest"	{"pango":"B.1.1.318","selected":"CHL","loc":[]}	[]			
"B.1.427"	"pangolin_lineage=B.1.427"	"Variant of Interest"	{"pango":"B.1.427","loc":[],"selected":"CHL"}	[{"date":"2021-02-11","total_count":2,"lineage_count":1,"total_count_rolling":2,"lineage_count_rolling":1,"proportion":0.5,"proportion_ci_lower":0.06083027592009738,"proportion_ci_upper":0.9391697240799026,"dateTime":"2021-02-10T13:00:00.000Z"},{"date":"2021-02-12","total_count":2,"lineage_count":0,"total_count_rolling":2,"lineage_count_rolling":0.5,"proportion":0.25,"proportion_ci_lower":0.00021690847003096627,"proportion_ci_upper":0.6668217544012093,"dateTime":"2021-02-11T13:00:00.000Z"},{"date":"2021-02-13","total_count":6,"lineage_count":0,"total_count_rolling":3.3333333333333335,"lineage_count_rolling":0.3333333333333333,"proportion":0.09999999999999999,"proportion_ci_lower":0.00015063602543656854,"proportion_ci_upper":0.5355832430429506,"dateTime":"2021-02-12T13:00:00.000Z"},{"date":"2021-02-14","total_count":5,"lineage_count":0,"total_count_rolling":3.75,"lineage_count_rolling":0.25,"proportion":0.06666666666666667,"proportion_ci_lower":0.000115332788238275,"proportion_ci_upper":0.4447626176576397,"dateTime":"2021-02-13T13:00:00.000Z"},{"date":"2021-02-15","total_count":4,"lineage_count":0,"total_count_rolling":3.8,"lineage_count_rolling":0.2,"proportion":0.052631578947368425,"proportion_ci_lower":0.000115332788238275,"proportion_ci_upper":0.4447626176576397,"dateTime":"2021-02-14T13:00:00.000Z"},{"date":"2021-02-16","total_count":4,"lineage_count":0,"total_count_rolling":3.8333333333333335,"lineage_count_rolling":0.16666666666666666,"proportion":0.043478260869565216,"proportion_ci_lower":0.000115332788238275,"proportion_ci_upper":0.4447626176576397,"dateTime":"2021-02-15T13:00:00.000Z"},{"date":"2021-02-17","total_count":5,"lineage_count":0,"total_count_rolling":4,"lineage_count_rolling":0.14285714285714285,"proportion":0.03571428571428571,"proportion_ci_lower":0.000115332788238275,"proportion_ci_upper":0.4447626176576397,"dateTime":"2021-02-16T13:00:00.000Z"},{"date":"2021-02-18","total_count":8,"lineage_count":0,"total_count_rolling":4.857142857142857,"lineage_count_rolling":0,"proportion":0,"proportion_ci_lower":0.0000934206000395449,"proportion_ci_upper":0.37937714229903935,"dateTime":"2021-02-17T13:00:00.000Z"},{"date":"2021-02-19","total_count":7,"lineage_count":0,"total_count_rolling":5.571428571428571,"lineage_count_rolling":0,"proportion":0,"proportion_ci_lower":0.0000784998483662081,"proportion_ci_upper":0.33038890915155017,"dateTime":"2021-02-18T13:00:00.000Z"},{"date":"2021-02-20","total_count":6,"lineage_count":0,"total_count_rolling":5.571428571428571,"lineage_count_rolling":0,"proportion":0,"proportion_ci_lower":0.0000784998483662081,"proportion_ci_upper":0.33038890915155017,"dateTime":"2021-02-19T13:00:00.000Z"},{"date":"2021-02-21","total_count":10,"lineage_count":0,"total_count_rolling":6.285714285714286,"lineage_count_rolling":0,"proportion":0,"proportion_ci_lower":0.0000784998483662081,"proportion_ci_upper":0.33038890915155017,"dateTime":"2021-02-20T13:00:00.000Z"},{"date":"2021-02-22","total_count":2,"lineage_count":0,"total_count_rolling":6,"lineage_count_rolling":0,"proportion":0,"proportion_ci_lower":0.0000784998483662081,"proportion_ci_upper":0.33038890915155017,"dateTime":"2021-02-21T13:00:00.000Z"},{"date":"2021-02-23","total_count":9,"lineage_count":0,"total_count_rolling":6.714285714285714,"lineage_count_rolling":0,"proportion":0,"proportion_ci_lower":0.00006768646424383031,"proportion_ci_upper":0.29243617366230995,"dateTime":"2021-02-22T13:00:00.000Z"},{"date":"2021-02-24","total_count":7,"lineage_count":0,"total_count_rolling":7,"lineage_count_rolling":0,"proportion":0,"proportion_ci_lower":0.00006768646424383031,"proportion_ci_upper":0.29243617366230995,"dateTime":"2021-02-23T13:00:00.000Z"},{"date":"2021-02-25","total_count":7,"lineage_count":0,"total_count_rolling":6.857142857142857,"lineage_count_rolling":0,"proportion":0,"proportion_ci_lower":0.00006768646424383031,"proportion_ci_upper":0.29243617366230995,"dateTime":"2021-02-24T13:00:00.000Z"},{"date":"2021-02-26","total_count":8,"lineage_count":1,"total_count_rolling":7,"lineage_count_rolling":0.14285714285714285,"proportion":0.02040816326530612,"proportion_ci_lower":0.00006768646424383031,"proportion_ci_upper":0.29243617366230995,"dateTime":"2021-02-25T13:00:00.000Z"},{"date":"2021-02-27","total_count":2,"lineage_count":0,"total_count_rolling":6.428571428571429,"lineage_count_rolling":0.14285714285714285,"proportion":0.02222222222222222,"proportion_ci_lower":0.0000784998483662081,"proportion_ci_upper":0.33038890915155017,"dateTime":"2021-02-26T13:00:00.000Z"},{"date":"2021-02-28","total_count":4,"lineage_count":0,"total_count_rolling":5.571428571428571,"lineage_count_rolling":0.14285714285714285,"proportion":0.02564102564102564,"proportion_ci_lower":0.0000784998483662081,"proportion_ci_upper":0.33038890915155017,"dateTime":"2021-02-27T13:00:00.000Z"},{"date":"2021-03-01","total_count":5,"lineage_count":0,"total_count_rolling":6,"lineage_count_rolling":0.14285714285714285,"proportion":0.023809523809523808,"proportion_ci_lower":0.0000784998483662081,"proportion_ci_upper":0.33038890915155017,"dateTime":"2021-02-28T13:00:00.000Z"},{"date":"2021-03-02","total_count":3,"lineage_count":0,"total_count_rolling":5.142857142857143,"lineage_count_rolling":0.14285714285714285,"proportion":0.027777777777777773,"proportion_ci_lower":0.0000934206000395449,"proportion_ci_upper":0.37937714229903935,"dateTime":"2021-03-01T13:00:00.000Z"},{"date":"2021-03-03","total_count":4,"lineage_count":0,"total_count_rolling":4.714285714285714,"lineage_count_rolling":0.14285714285714285,"proportion":0.0303030303030303,"proportion_ci_lower":0.0000934206000395449,"proportion_ci_upper":0.37937714229903935,"dateTime":"2021-03-02T13:00:00.000Z"},{"date":"2021-03-04","total_count":3,"lineage_count":0,"total_count_rolling":4.142857142857143,"lineage_count_rolling":0.14285714285714285,"proportion":0.03448275862068965,"proportion_ci_lower":0.000115332788238275,"proportion_ci_upper":0.4447626176576397,"dateTime":"2021-03-03T13:00:00.000Z"},{"date":"2021-03-05","total_count":7,"lineage_count":0,"total_count_rolling":4,"lineage_count_rolling":0,"proportion":0,"proportion_ci_lower":0.000115332788238275,"proportion_ci_upper":0.4447626176576397,"dateTime":"2021-03-04T13:00:00.000Z"},{"date":"2021-03-06","total_count":3,"lineage_count":0,"total_count_rolling":4.142857142857143,"lineage_count_rolling":0,"proportion":0,"proportion_ci_lower":0.000115332788238275,"proportion_ci_upper":0.4447626176576397,"dateTime":"2021-03-05T13:00:00.000Z"},{"date":"2021-03-07","total_count":6,"lineage_count":0,"total_count_rolling":4.428571428571429,"lineage_count_rolling":0,"proportion":0,"proportion_ci_lower":0.000115332788238275,"proportion_ci_upper":0.4447626176576397,"dateTime":"2021-03-06T13:00:00.000Z"},{"date":"2021-03-08","total_count":5,"lineage_count":0,"total_count_rolling":4.428571428571429,"lineage_count_rolling":0,"proportion":0,"proportion_ci_lower":0.000115332788238275,"proportion_ci_upper":0.4447626176576397,"dateTime":"2021-03-07T13:00:00.000Z"},{"date":"2021-03-09","total_count":9,"lineage_count":0,"total_count_rolling":5.285714285714286,"lineage_count_rolling":0,"proportion":0,"proportion_ci_lower":0.0000934206000395449,"proportion_ci_upper":0.37937714229903935,"dateTime":"2021-03-08T13:00:00.000Z"},{"date":"2021-03-10","total_count":4,"lineage_count":0,"total_count_rolling":5.285714285714286,"lineage_count_rolling":0,"proportion":0,"proportion_ci_lower":0.0000934206000395449,"proportion_ci_upper":0.37937714229903935,"dateTime":"2021-03-09T13:00:00.000Z"},{"date":"2021-03-11","total_count":10,"lineage_count":0,"total_count_rolling":6.285714285714286,"lineage_count_rolling":0,"proportion":0,"proportion_ci_lower":0.0000784998483662081,"proportion_ci_upper":0.33038890915155017,"dateTime":"2021-03-10T13:00:00.000Z"},{"date":"2021-03-12","total_count":11,"lineage_count":0,"total_count_rolling":6.857142857142857,"lineage_count_rolling":0,"proportion":0,"proportion_ci_lower":0.00006768646424383031,"proportion_ci_upper":0.29243617366230995,"dateTime":"2021-03-11T13:00:00.000Z"},{"date":"2021-03-13","total_count":10,"lineage_count":0,"total_count_rolling":7.857142857142857,"lineage_count_rolling":0,"proportion":0,"proportion_ci_lower":0.00005949030289440227,"proportion_ci_upper":0.26221724871718577,"dateTime":"2021-03-12T13:00:00.000Z"},{"date":"2021-03-14","total_count":8,"lineage_count":0,"total_count_rolling":8.142857142857142,"lineage_count_rolling":0,"proportion":0,"proportion_ci_lower":0.00005949030289440227,"proportion_ci_upper":0.26221724871718577,"dateTime":"2021-03-13T13:00:00.000Z"},{"date":"2021-03-15","total_count":28,"lineage_count":0,"total_count_rolling":11.428571428571429,"lineage_count_rolling":0,"proportion":0,"proportion_ci_lower":0.00004363579814218975,"proportion_ci_upper":0.19999456902620805,"dateTime":"2021-03-14T13:00:00.000Z"},{"date":"2021-03-16","total_count":8,"lineage_count":0,"total_count_rolling":11.285714285714286,"lineage_count_rolling":0,"proportion":0,"proportion_ci_lower":0.00004363579814218975,"proportion_ci_upper":0.19999456902620805,"dateTime":"2021-03-15T13:00:00.000Z"},{"date":"2021-03-17","total_count":22,"lineage_count":0,"total_count_rolling":13.857142857142858,"lineage_count_rolling":0,"proportion":0,"proportion_ci_lower":0.00003445267180200587,"proportion_ci_upper":0.16155330451419395,"dateTime":"2021-03-16T13:00:00.000Z"},{"date":"2021-03-18","total_count":10,"lineage_count":0,"total_count_rolling":13.857142857142858,"lineage_count_rolling":0,"proportion":0,"proportion_ci_lower":0.00003445267180200587,"proportion_ci_upper":0.16155330451419395,"dateTime":"2021-03-17T13:00:00.000Z"},{"date":"2021-03-19","total_count":5,"lineage_count":0,"total_count_rolling":13,"lineage_count_rolling":0,"proportion":0,"proportion_ci_lower":0.0000370519332987658,"proportion_ci_upper":0.17261944528205697,"dateTime":"2021-03-18T13:00:00.000Z"},{"date":"2021-03-20","total_count":1,"lineage_count":0,"total_count_rolling":11.714285714285714,"lineage_count_rolling":0,"proportion":0,"proportion_ci_lower":0.00004007531007659888,"proportion_ci_upper":0.18530593831248504,"dateTime":"2021-03-19T13:00:00.000Z"},{"date":"2021-03-21","total_count":4,"lineage_count":0,"total_count_rolling":11.142857142857142,"lineage_count_rolling":0,"proportion":0,"proportion_ci_lower":0.00004363579814218975,"proportion_ci_upper":0.19999456902620805,"dateTime":"2021-03-20T13:00:00.000Z"},{"date":"2021-03-22","total_count":25,"lineage_count":0,"total_count_rolling":10.714285714285714,"lineage_count_rolling":0,"proportion":0,"proportion_ci_lower":0.00004363579814218975,"proportion_ci_upper":0.19999456902620805,"dateTime":"2021-03-21T13:00:00.000Z"},{"date":"2021-03-23","total_count":12,"lineage_count":0,"total_count_rolling":11.285714285714286,"lineage_count_rolling":0,"proportion":0,"proportion_ci_lower":0.00004363579814218975,"proportion_ci_upper":0.19999456902620805,"dateTime":"2021-03-22T13:00:00.000Z"},{"date":"2021-03-24","total_count":26,"lineage_count":0,"total_count_rolling":11.857142857142858,"lineage_count_rolling":0,"proportion":0,"proportion_ci_lower":0.00004007531007659888,"proportion_ci_upper":0.18530593831248504,"dateTime":"2021-03-23T13:00:00.000Z"},{"date":"2021-03-25","total_count":3,"lineage_count":0,"total_count_rolling":10.857142857142858,"lineage_count_rolling":0,"proportion":0,"proportion_ci_lower":0.00004363579814218975,"proportion_ci_upper":0.19999456902620805,"dateTime":"2021-03-24T13:00:00.000Z"},{"date":"2021-03-26","total_count":5,"lineage_count":0,"total_count_rolling":10.857142857142858,"lineage_count_rolling":0,"proportion":0,"proportion_ci_lower":0.00004363579814218975,"proportion_ci_upper":0.19999456902620805,"dateTime":"2021-03-25T13:00:00.000Z"},{"date":"2021-03-27","total_count":18,"lineage_count":0,"total_count_rolling":13.285714285714286,"lineage_count_rolling":0,"proportion":0,"proportion_ci_lower":0.0000370519332987658,"proportion_ci_upper":0.17261944528205697,"dateTime":"2021-03-26T13:00:00.000Z"},{"date":"2021-03-28","total_count":30,"lineage_count":0,"total_count_rolling":17,"lineage_count_rolling":0,"proportion":0,"proportion_ci_lower":0.000028462377723109497,"proportion_ci_upper":0.1354784378916884,"dateTime":"2021-03-27T13:00:00.000Z"},{"date":"2021-03-29","total_count":23,"lineage_count":0,"total_count_rolling":16.714285714285715,"lineage_count_rolling":0,"proportion":0,"proportion_ci_lower":0.000028462377723109497,"proportion_ci_upper":0.1354784378916884,"dateTime":"2021-03-28T13:00:00.000Z"},{"date":"2021-03-30","total_count":15,"lineage_count":0,"total_count_rolling":17.142857142857142,"lineage_count_rolling":0,"proportion":0,"proportion_ci_lower":0.000028462377723109497,"proportion_ci_upper":0.1354784378916884,"dateTime":"2021-03-29T13:00:00.000Z"},{"date":"2021-03-31","total_count":17,"lineage_count":0,"total_count_rolling":15.857142857142858,"lineage_count_rolling":0,"proportion":0,"proportion_ci_lower":0.000030213479978023642,"proportion_ci_upper":0.1431841379314448,"dateTime":"2021-03-30T13:00:00.000Z"},{"date":"2021-04-01","total_count":14,"lineage_count":0,"total_count_rolling":17.428571428571427,"lineage_count_rolling":0,"proportion":0,"proportion_ci_lower":0.000028462377723109497,"proportion_ci_upper":0.1354784378916884,"dateTime":"2021-03-31T13:00:00.000Z"},{"date":"2021-04-02","total_count":11,"lineage_count":0,"total_count_rolling":18.285714285714285,"lineage_count_rolling":0,"proportion":0,"proportion_ci_lower":0.00002690311730090928,"proportion_ci_upper":0.12855821182175955,"dateTime":"2021-04-01T13:00:00.000Z"},{"date":"2021-04-03","total_count":23,"lineage_count":0,"total_count_rolling":19,"lineage_count_rolling":0,"proportion":0,"proportion_ci_lower":0.000025505812625695268,"proportion_ci_upper":0.12230940431991393,"dateTime":"2021-04-02T13:00:00.000Z"},{"date":"2021-04-04","total_count":31,"lineage_count":0,"total_count_rolling":19.142857142857142,"lineage_count_rolling":0,"proportion":0,"proportion_ci_lower":0.000025505812625695268,"proportion_ci_upper":0.12230940431991393,"dateTime":"2021-04-03T13:00:00.000Z"},{"date":"2021-04-05","total_count":40,"lineage_count":0,"total_count_rolling":21.571428571428573,"lineage_count_rolling":0,"proportion":0,"proportion_ci_lower":0.000022067332398350842,"proportion_ci_upper":0.10673971791178566,"dateTime":"2021-04-04T14:00:00.000Z"},{"date":"2021-04-06","total_count":45,"lineage_count":0,"total_count_rolling":25.857142857142858,"lineage_count_rolling":0,"proportion":0,"proportion_ci_lower":0.000018705055066259086,"proportion_ci_upper":0.09124656340895625,"dateTime":"2021-04-05T14:00:00.000Z"},{"date":"2021-04-07","total_count":18,"lineage_count":0,"total_count_rolling":26,"lineage_count_rolling":0,"proportion":0,"proportion_ci_lower":0.000018705055066259086,"proportion_ci_upper":0.09124656340895625,"dateTime":"2021-04-06T14:00:00.000Z"},{"date":"2021-04-08","total_count":12,"lineage_count":0,"total_count_rolling":25.714285714285715,"lineage_count_rolling":0,"proportion":0,"proportion_ci_lower":0.000018705055066259086,"proportion_ci_upper":0.09124656340895625,"dateTime":"2021-04-07T14:00:00.000Z"},{"date":"2021-04-09","total_count":16,"lineage_count":0,"total_count_rolling":26.428571428571427,"lineage_count_rolling":0,"proportion":0,"proportion_ci_lower":0.000018705055066259086,"proportion_ci_upper":0.09124656340895625,"dateTime":"2021-04-08T14:00:00.000Z"},{"date":"2021-04-10","total_count":13,"lineage_count":0,"total_count_rolling":25,"lineage_count_rolling":0,"proportion":0,"proportion_ci_lower":0.000019445770898158813,"proportion_ci_upper":0.0946827641095835,"dateTime":"2021-04-09T14:00:00.000Z"},{"date":"2021-04-11","total_count":25,"lineage_count":0,"total_count_rolling":24.142857142857142,"lineage_count_rolling":0,"proportion":0,"proportion_ci_lower":0.00002024756671804834,"proportion_ci_upper":0.09838760438586978,"dateTime":"2021-04-10T14:00:00.000Z"},{"date":"2021-04-12","total_count":44,"lineage_count":0,"total_count_rolling":24.714285714285715,"lineage_count_rolling":0,"proportion":0,"proportion_ci_lower":0.000019445770898158813,"proportion_ci_upper":0.0946827641095835,"dateTime":"2021-04-11T14:00:00.000Z"},{"date":"2021-04-13","total_count":20,"lineage_count":0,"total_count_rolling":21.142857142857142,"lineage_count_rolling":0,"proportion":0,"proportion_ci_lower":0.00002310564264915348,"proportion_ci_upper":0.11147031619304093,"dateTime":"2021-04-12T14:00:00.000Z"},{"date":"2021-04-14","total_count":31,"lineage_count":0,"total_count_rolling":23,"lineage_count_rolling":0,"proportion":0,"proportion_ci_lower":0.00002111832201730757,"proportion_ci_upper":0.10239382809160794,"dateTime":"2021-04-13T14:00:00.000Z"},{"date":"2021-04-15","total_count":12,"lineage_count":0,"total_count_rolling":23,"lineage_count_rolling":0,"proportion":0,"proportion_ci_lower":0.00002111832201730757,"proportion_ci_upper":0.10239382809160794,"dateTime":"2021-04-14T14:00:00.000Z"},{"date":"2021-04-16","total_count":7,"lineage_count":0,"total_count_rolling":21.714285714285715,"lineage_count_rolling":0,"proportion":0,"proportion_ci_lower":0.000022067332398350842,"proportion_ci_upper":0.10673971791178566,"dateTime":"2021-04-15T14:00:00.000Z"},{"date":"2021-04-17","total_count":16,"lineage_count":0,"total_count_rolling":22.142857142857142,"lineage_count_rolling":0,"proportion":0,"proportion_ci_lower":0.000022067332398350842,"proportion_ci_upper":0.10673971791178566,"dateTime":"2021-04-16T14:00:00.000Z"},{"date":"2021-04-18","total_count":46,"lineage_count":0,"total_count_rolling":25.142857142857142,"lineage_count_rolling":0,"proportion":0,"proportion_ci_lower":0.000019445770898158813,"proportion_ci_upper":0.0946827641095835,"dateTime":"2021-04-17T14:00:00.000Z"},{"date":"2021-04-19","total_count":44,"lineage_count":0,"total_count_rolling":25.142857142857142,"lineage_count_rolling":0,"proportion":0,"proportion_ci_lower":0.000019445770898158813,"proportion_ci_upper":0.0946827641095835,"dateTime":"2021-04-18T14:00:00.000Z"},{"date":"2021-04-20","total_count":51,"lineage_count":0,"total_count_rolling":29.571428571428573,"lineage_count_rolling":0,"proportion":0,"proportion_ci_lower":0.000016231861223464357,"proportion_ci_upper":0.07967817381725997,"dateTime":"2021-04-19T14:00:00.000Z"},{"date":"2021-04-21","total_count":30,"lineage_count":0,"total_count_rolling":29.428571428571427,"lineage_count_rolling":0,"proportion":0,"proportion_ci_lower":0.000016786752124790408,"proportion_ci_upper":0.08228648292382375,"dateTime":"2021-04-20T14:00:00.000Z"},{"date":"2021-04-22","total_count":18,"lineage_count":0,"total_count_rolling":30.285714285714285,"lineage_count_rolling":0,"proportion":0,"proportion_ci_lower":0.000016231861223464357,"proportion_ci_upper":0.07967817381725997,"dateTime":"2021-04-21T14:00:00.000Z"},{"date":"2021-04-23","total_count":30,"lineage_count":0,"total_count_rolling":33.57142857142857,"lineage_count_rolling":0,"proportion":0,"proportion_ci_lower":0.000014336290671557177,"proportion_ci_upper":0.07071163067902096,"dateTime":"2021-04-22T14:00:00.000Z"},{"date":"2021-04-24","total_count":24,"lineage_count":0,"total_count_rolling":34.714285714285715,"lineage_count_rolling":0,"proportion":0,"proportion_ci_lower":0.000013929610979532534,"proportion_ci_upper":0.06877653611605908,"dateTime":"2021-04-23T14:00:00.000Z"},{"date":"2021-04-25","total_count":57,"lineage_count":0,"total_count_rolling":36.285714285714285,"lineage_count_rolling":0,"proportion":0,"proportion_ci_lower":0.000013545366988825864,"proportion_ci_upper":0.06694448234237448,"dateTime":"2021-04-24T14:00:00.000Z"},{"date":"2021-04-26","total_count":63,"lineage_count":0,"total_count_rolling":39,"lineage_count_rolling":0,"proportion":0,"proportion_ci_lower":0.00001251010253530656,"proportion_ci_upper":0.06199038426935264,"dateTime":"2021-04-25T14:00:00.000Z"},{"date":"2021-04-27","total_count":52,"lineage_count":0,"total_count_rolling":39.142857142857146,"lineage_count_rolling":0,"proportion":0,"proportion_ci_lower":0.00001251010253530656,"proportion_ci_upper":0.06199038426935264,"dateTime":"2021-04-26T14:00:00.000Z"},{"date":"2021-04-28","total_count":25,"lineage_count":0,"total_count_rolling":38.42857142857143,"lineage_count_rolling":0,"proportion":0,"proportion_ci_lower":0.000012837148145041117,"proportion_ci_upper":0.06355825497022041,"dateTime":"2021-04-27T14:00:00.000Z"},{"date":"2021-04-29","total_count":29,"lineage_count":0,"total_count_rolling":40,"lineage_count_rolling":0,"proportion":0,"proportion_ci_lower":0.00001219930657518636,"proportion_ci_upper":0.060497975214079645,"dateTime":"2021-04-28T14:00:00.000Z"},{"date":"2021-04-30","total_count":23,"lineage_count":0,"total_count_rolling":39,"lineage_count_rolling":0,"proportion":0,"proportion_ci_lower":0.00001251010253530656,"proportion_ci_upper":0.06199038426935264,"dateTime":"2021-04-29T14:00:00.000Z"},{"date":"2021-05-01","total_count":26,"lineage_count":0,"total_count_rolling":39.285714285714285,"lineage_count_rolling":0,"proportion":0,"proportion_ci_lower":0.00001251010253530656,"proportion_ci_upper":0.06199038426935264,"dateTime":"2021-04-30T14:00:00.000Z"},{"date":"2021-05-02","total_count":44,"lineage_count":0,"total_count_rolling":37.42857142857143,"lineage_count_rolling":0,"proportion":0,"proportion_ci_lower":0.000013181751978965987,"proportion_ci_upper":0.06520745644543388,"dateTime":"2021-05-01T14:00:00.000Z"},{"date":"2021-05-03","total_count":85,"lineage_count":0,"total_count_rolling":40.57142857142857,"lineage_count_rolling":0,"proportion":0,"proportion_ci_lower":0.000011903578569170632,"proportion_ci_upper":0.05907570990931319,"dateTime":"2021-05-02T14:00:00.000Z"},{"date":"2021-05-04","total_count":59,"lineage_count":0,"total_count_rolling":41.57142857142857,"lineage_count_rolling":0,"proportion":0,"proportion_ci_lower":0.00001162184868730745,"proportion_ci_upper":0.05771875848759089,"dateTime":"2021-05-03T14:00:00.000Z"},{"date":"2021-05-05","total_count":54,"lineage_count":0,"total_count_rolling":45.714285714285715,"lineage_count_rolling":0,"proportion":0,"proportion_ci_lower":0.000010616751927119647,"proportion_ci_upper":0.05286170463923311,"dateTime":"2021-05-04T14:00:00.000Z"},{"date":"2021-05-06","total_count":25,"lineage_count":0,"total_count_rolling":45.142857142857146,"lineage_count_rolling":0,"proportion":0,"proportion_ci_lower":0.000010851367920604664,"proportion_ci_upper":0.05399770969071757,"dateTime":"2021-05-05T14:00:00.000Z"},{"date":"2021-05-07","total_count":33,"lineage_count":0,"total_count_rolling":46.57142857142857,"lineage_count_rolling":0,"proportion":0,"proportion_ci_lower":0.000010392066291527431,"proportion_ci_upper":0.051772500175186045,"dateTime":"2021-05-06T14:00:00.000Z"},{"date":"2021-05-08","total_count":18,"lineage_count":0,"total_count_rolling":45.42857142857143,"lineage_count_rolling":0,"proportion":0,"proportion_ci_lower":0.000010851367920604664,"proportion_ci_upper":0.05399770969071757,"dateTime":"2021-05-07T14:00:00.000Z"},{"date":"2021-05-09","total_count":39,"lineage_count":0,"total_count_rolling":44.714285714285715,"lineage_count_rolling":0,"proportion":0,"proportion_ci_lower":0.000010851367920604664,"proportion_ci_upper":0.05399770969071757,"dateTime":"2021-05-08T14:00:00.000Z"},{"date":"2021-05-10","total_count":71,"lineage_count":0,"total_count_rolling":42.714285714285715,"lineage_count_rolling":0,"proportion":0,"proportion_ci_lower":0.000011353146034219708,"proportion_ci_upper":0.05642272440165041,"dateTime":"2021-05-09T14:00:00.000Z"},{"date":"2021-05-11","total_count":42,"lineage_count":0,"total_count_rolling":40.285714285714285,"lineage_count_rolling":0,"proportion":0,"proportion_ci_lower":0.00001219930657518636,"proportion_ci_upper":0.060497975214079645,"dateTime":"2021-05-10T14:00:00.000Z"},{"date":"2021-05-12","total_count":41,"lineage_count":0,"total_count_rolling":38.42857142857143,"lineage_count_rolling":0,"proportion":0,"proportion_ci_lower":0.000012837148145041117,"proportion_ci_upper":0.06355825497022041,"dateTime":"2021-05-11T14:00:00.000Z"},{"date":"2021-05-13","total_count":16,"lineage_count":0,"total_count_rolling":37.142857142857146,"lineage_count_rolling":0,"proportion":0,"proportion_ci_lower":0.000013181751978965987,"proportion_ci_upper":0.06520745644543388,"dateTime":"2021-05-12T14:00:00.000Z"},{"date":"2021-05-14","total_count":8,"lineage_count":0,"total_count_rolling":33.57142857142857,"lineage_count_rolling":0,"proportion":0,"proportion_ci_lower":0.000014336290671557177,"proportion_ci_upper":0.07071163067902096,"dateTime":"2021-05-13T14:00:00.000Z"},{"date":"2021-05-15","total_count":12,"lineage_count":0,"total_count_rolling":32.714285714285715,"lineage_count_rolling":0,"proportion":0,"proportion_ci_lower":0.000014767430104586674,"proportion_ci_upper":0.07275870531262567,"dateTime":"2021-05-14T14:00:00.000Z"},{"date":"2021-05-16","total_count":42,"lineage_count":0,"total_count_rolling":33.142857142857146,"lineage_count_rolling":0,"proportion":0,"proportion_ci_lower":0.000014767430104586674,"proportion_ci_upper":0.07275870531262567,"dateTime":"2021-05-15T14:00:00.000Z"},{"date":"2021-05-17","total_count":36,"lineage_count":0,"total_count_rolling":28.142857142857142,"lineage_count_rolling":0,"proportion":0,"proportion_ci_lower":0.000017380922536885184,"proportion_ci_upper":0.08507120003233526,"dateTime":"2021-05-16T14:00:00.000Z"},{"date":"2021-05-18","total_count":57,"lineage_count":0,"total_count_rolling":30.285714285714285,"lineage_count_rolling":0,"proportion":0,"proportion_ci_lower":0.000016231861223464357,"proportion_ci_upper":0.07967817381725997,"dateTime":"2021-05-17T14:00:00.000Z"},{"date":"2021-05-19","total_count":22,"lineage_count":0,"total_count_rolling":27.571428571428573,"lineage_count_rolling":0,"proportion":0,"proportion_ci_lower":0.000017380922536885184,"proportion_ci_upper":0.08507120003233526,"dateTime":"2021-05-18T14:00:00.000Z"},{"date":"2021-05-20","total_count":8,"lineage_count":0,"total_count_rolling":26.428571428571427,"lineage_count_rolling":0,"proportion":0,"proportion_ci_lower":0.000018705055066259086,"proportion_ci_upper":0.09124656340895625,"dateTime":"2021-05-19T14:00:00.000Z"},{"date":"2021-05-21","total_count":16,"lineage_count":0,"total_count_rolling":27.571428571428573,"lineage_count_rolling":0,"proportion":0,"proportion_ci_lower":0.000017380922536885184,"proportion_ci_upper":0.08507120003233526,"dateTime":"2021-05-20T14:00:00.000Z"},{"date":"2021-05-22","total_count":8,"lineage_count":0,"total_count_rolling":27,"lineage_count_rolling":0,"proportion":0,"proportion_ci_lower":0.000018018696079932514,"proportion_ci_upper":0.08805083151105601,"dateTime":"2021-05-21T14:00:00.000Z"},{"date":"2021-05-23","total_count":45,"lineage_count":0,"total_count_rolling":27.428571428571427,"lineage_count_rolling":0,"proportion":0,"proportion_ci_lower":0.000018018696079932514,"proportion_ci_upper":0.08805083151105601,"dateTime":"2021-05-22T14:00:00.000Z"},{"date":"2021-05-24","total_count":58,"lineage_count":0,"total_count_rolling":30.571428571428573,"lineage_count_rolling":0,"proportion":0,"proportion_ci_lower":0.000015712479537001282,"proportion_ci_upper":0.07723003565348177,"dateTime":"2021-05-23T14:00:00.000Z"},{"date":"2021-05-25","total_count":50,"lineage_count":0,"total_count_rolling":29.571428571428573,"lineage_count_rolling":0,"proportion":0,"proportion_ci_lower":0.000016231861223464357,"proportion_ci_upper":0.07967817381725997,"dateTime":"2021-05-24T14:00:00.000Z"},{"date":"2021-05-26","total_count":14,"lineage_count":0,"total_count_rolling":28.428571428571427,"lineage_count_rolling":0,"proportion":0,"proportion_ci_lower":0.000017380922536885184,"proportion_ci_upper":0.08507120003233526,"dateTime":"2021-05-25T14:00:00.000Z"},{"date":"2021-05-27","total_count":10,"lineage_count":0,"total_count_rolling":28.714285714285715,"lineage_count_rolling":0,"proportion":0,"proportion_ci_lower":0.000016786752124790408,"proportion_ci_upper":0.08228648292382375,"dateTime":"2021-05-26T14:00:00.000Z"},{"date":"2021-05-28","total_count":14,"lineage_count":0,"total_count_rolling":28.428571428571427,"lineage_count_rolling":0,"proportion":0,"proportion_ci_lower":0.000017380922536885184,"proportion_ci_upper":0.08507120003233526,"dateTime":"2021-05-27T14:00:00.000Z"},{"date":"2021-05-29","total_count":10,"lineage_count":0,"total_count_rolling":28.714285714285715,"lineage_count_rolling":0,"proportion":0,"proportion_ci_lower":0.000016786752124790408,"proportion_ci_upper":0.08228648292382375,"dateTime":"2021-05-28T14:00:00.000Z"},{"date":"2021-05-30","total_count":51,"lineage_count":0,"total_count_rolling":29.571428571428573,"lineage_count_rolling":0,"proportion":0,"proportion_ci_lower":0.000016231861223464357,"proportion_ci_upper":0.07967817381725997,"dateTime":"2021-05-29T14:00:00.000Z"},{"date":"2021-05-31","total_count":52,"lineage_count":0,"total_count_rolling":28.714285714285715,"lineage_count_rolling":0,"proportion":0,"proportion_ci_lower":0.000016786752124790408,"proportion_ci_upper":0.08228648292382375,"dateTime":"2021-05-30T14:00:00.000Z"},{"date":"2021-06-01","total_count":31,"lineage_count":0,"total_count_rolling":26,"lineage_count_rolling":0,"proportion":0,"proportion_ci_lower":0.000018705055066259086,"proportion_ci_upper":0.09124656340895625,"dateTime":"2021-05-31T14:00:00.000Z"},{"date":"2021-06-02","total_count":25,"lineage_count":0,"total_count_rolling":27.571428571428573,"lineage_count_rolling":0,"proportion":0,"proportion_ci_lower":0.000017380922536885184,"proportion_ci_upper":0.08507120003233526,"dateTime":"2021-06-01T14:00:00.000Z"},{"date":"2021-06-03","total_count":14,"lineage_count":0,"total_count_rolling":28.142857142857142,"lineage_count_rolling":0,"proportion":0,"proportion_ci_lower":0.000017380922536885184,"proportion_ci_upper":0.08507120003233526,"dateTime":"2021-06-02T14:00:00.000Z"},{"date":"2021-06-04","total_count":21,"lineage_count":0,"total_count_rolling":29.142857142857142,"lineage_count_rolling":0,"proportion":0,"proportion_ci_lower":0.000016786752124790408,"proportion_ci_upper":0.08228648292382375,"dateTime":"2021-06-03T14:00:00.000Z"},{"date":"2021-06-05","total_count":17,"lineage_count":0,"total_count_rolling":30.142857142857142,"lineage_count_rolling":0,"proportion":0,"proportion_ci_lower":0.000016231861223464357,"proportion_ci_upper":0.07967817381725997,"dateTime":"2021-06-04T14:00:00.000Z"},{"date":"2021-06-06","total_count":29,"lineage_count":0,"total_count_rolling":27,"lineage_count_rolling":0,"proportion":0,"proportion_ci_lower":0.000018018696079932514,"proportion_ci_upper":0.08805083151105601,"dateTime":"2021-06-05T14:00:00.000Z"},{"date":"2021-06-07","total_count":68,"lineage_count":0,"total_count_rolling":29.285714285714285,"lineage_count_rolling":0,"proportion":0,"proportion_ci_lower":0.000016786752124790408,"proportion_ci_upper":0.08228648292382375,"dateTime":"2021-06-06T14:00:00.000Z"},{"date":"2021-06-08","total_count":60,"lineage_count":0,"total_count_rolling":33.42857142857143,"lineage_count_rolling":0,"proportion":0,"proportion_ci_lower":0.000014767430104586674,"proportion_ci_upper":0.07275870531262567,"dateTime":"2021-06-07T14:00:00.000Z"},{"date":"2021-06-09","total_count":34,"lineage_count":0,"total_count_rolling":34.714285714285715,"lineage_count_rolling":0,"proportion":0,"proportion_ci_lower":0.000013929610979532534,"proportion_ci_upper":0.06877653611605908,"dateTime":"2021-06-08T14:00:00.000Z"},{"date":"2021-06-10","total_count":17,"lineage_count":0,"total_count_rolling":35.142857142857146,"lineage_count_rolling":0,"proportion":0,"proportion_ci_lower":0.000013929610979532534,"proportion_ci_upper":0.06877653611605908,"dateTime":"2021-06-09T14:00:00.000Z"},{"date":"2021-06-11","total_count":28,"lineage_count":0,"total_count_rolling":36.142857142857146,"lineage_count_rolling":0,"proportion":0,"proportion_ci_lower":0.000013545366988825864,"proportion_ci_upper":0.06694448234237448,"dateTime":"2021-06-10T14:00:00.000Z"},{"date":"2021-06-12","total_count":23,"lineage_count":0,"total_count_rolling":37,"lineage_count_rolling":0,"proportion":0,"proportion_ci_lower":0.000013181751978965987,"proportion_ci_upper":0.06520745644543388,"dateTime":"2021-06-11T14:00:00.000Z"},{"date":"2021-06-13","total_count":74,"lineage_count":0,"total_count_rolling":43.42857142857143,"lineage_count_rolling":0,"proportion":0,"proportion_ci_lower":0.000011353146034219708,"proportion_ci_upper":0.05642272440165041,"dateTime":"2021-06-12T14:00:00.000Z"},{"date":"2021-06-14","total_count":48,"lineage_count":0,"total_count_rolling":40.57142857142857,"lineage_count_rolling":0,"proportion":0,"proportion_ci_lower":0.000011903578569170632,"proportion_ci_upper":0.05907570990931319,"dateTime":"2021-06-13T14:00:00.000Z"},{"date":"2021-06-15","total_count":40,"lineage_count":0,"total_count_rolling":37.714285714285715,"lineage_count_rolling":0,"proportion":0,"proportion_ci_lower":0.000012837148145041117,"proportion_ci_upper":0.06355825497022041,"dateTime":"2021-06-14T14:00:00.000Z"},{"date":"2021-06-16","total_count":44,"lineage_count":0,"total_count_rolling":39.142857142857146,"lineage_count_rolling":0,"proportion":0,"proportion_ci_lower":0.00001251010253530656,"proportion_ci_upper":0.06199038426935264,"dateTime":"2021-06-15T14:00:00.000Z"},{"date":"2021-06-17","total_count":30,"lineage_count":0,"total_count_rolling":41,"lineage_count_rolling":0,"proportion":0,"proportion_ci_lower":0.000011903578569170632,"proportion_ci_upper":0.05907570990931319,"dateTime":"2021-06-16T14:00:00.000Z"},{"date":"2021-06-18","total_count":11,"lineage_count":0,"total_count_rolling":38.57142857142857,"lineage_count_rolling":0,"proportion":0,"proportion_ci_lower":0.00001251010253530656,"proportion_ci_upper":0.06199038426935264,"dateTime":"2021-06-17T14:00:00.000Z"},{"date":"2021-06-19","total_count":21,"lineage_count":0,"total_count_rolling":38.285714285714285,"lineage_count_rolling":0,"proportion":0,"proportion_ci_lower":0.000012837148145041117,"proportion_ci_upper":0.06355825497022041,"dateTime":"2021-06-18T14:00:00.000Z"},{"date":"2021-06-20","total_count":33,"lineage_count":0,"total_count_rolling":32.42857142857143,"lineage_count_rolling":0,"proportion":0,"proportion_ci_lower":0.000015225304324521508,"proportion_ci_upper":0.07492776342928391,"dateTime":"2021-06-19T14:00:00.000Z"},{"date":"2021-06-21","total_count":77,"lineage_count":0,"total_count_rolling":36.57142857142857,"lineage_count_rolling":0,"proportion":0,"proportion_ci_lower":0.000013181751978965987,"proportion_ci_upper":0.06520745644543388,"dateTime":"2021-06-20T14:00:00.000Z"},{"date":"2021-06-22","total_count":27,"lineage_count":0,"total_count_rolling":34.714285714285715,"lineage_count_rolling":0,"proportion":0,"proportion_ci_lower":0.000013929610979532534,"proportion_ci_upper":0.06877653611605908,"dateTime":"2021-06-21T14:00:00.000Z"},{"date":"2021-06-23","total_count":34,"lineage_count":0,"total_count_rolling":33.285714285714285,"lineage_count_rolling":0,"proportion":0,"proportion_ci_lower":0.000014767430104586674,"proportion_ci_upper":0.07275870531262567,"dateTime":"2021-06-22T14:00:00.000Z"},{"date":"2021-06-24","total_count":37,"lineage_count":0,"total_count_rolling":34.285714285714285,"lineage_count_rolling":0,"proportion":0,"proportion_ci_lower":0.000014336290671557177,"proportion_ci_upper":0.07071163067902096,"dateTime":"2021-06-23T14:00:00.000Z"},{"date":"2021-06-25","total_count":19,"lineage_count":0,"total_count_rolling":35.42857142857143,"lineage_count_rolling":0,"proportion":0,"proportion_ci_lower":0.000013929610979532534,"proportion_ci_upper":0.06877653611605908,"dateTime":"2021-06-24T14:00:00.000Z"},{"date":"2021-06-26","total_count":10,"lineage_count":0,"total_count_rolling":33.857142857142854,"lineage_count_rolling":0,"proportion":0,"proportion_ci_lower":0.000014336290671557177,"proportion_ci_upper":0.07071163067902096,"dateTime":"2021-06-25T14:00:00.000Z"},{"date":"2021-06-27","total_count":42,"lineage_count":0,"total_count_rolling":35.142857142857146,"lineage_count_rolling":0,"proportion":0,"proportion_ci_lower":0.000013929610979532534,"proportion_ci_upper":0.06877653611605908,"dateTime":"2021-06-26T14:00:00.000Z"},{"date":"2021-06-28","total_count":66,"lineage_count":0,"total_count_rolling":33.57142857142857,"lineage_count_rolling":0,"proportion":0,"proportion_ci_lower":0.000014336290671557177,"proportion_ci_upper":0.07071163067902096,"dateTime":"2021-06-27T14:00:00.000Z"},{"date":"2021-06-29","total_count":8,"lineage_count":0,"total_count_rolling":30.857142857142858,"lineage_count_rolling":0,"proportion":0,"proportion_ci_lower":0.000015712479537001282,"proportion_ci_upper":0.07723003565348177,"dateTime":"2021-06-28T14:00:00.000Z"},{"date":"2021-06-30","total_count":5,"lineage_count":0,"total_count_rolling":26.714285714285715,"lineage_count_rolling":0,"proportion":0,"proportion_ci_lower":0.000018018696079932514,"proportion_ci_upper":0.08805083151105601,"dateTime":"2021-06-29T14:00:00.000Z"}]			
"B.1.429"	"pangolin_lineage=B.1.429"	"Variant of Interest"	{"pango":"B.1.429","loc":[],"selected":"CHL"}	[]			
"B.1.525"	"pangolin_lineage=B.1.525"	"Variant of Interest"	{"pango":"B.1.525","selected":"CHL","loc":[]}	[]			
"B.1.526"	"pangolin_lineage=B.1.526"	"Variant of Interest"	{"pango":"B.1.526","loc":[],"selected":"CHL"}	[]			
"B.1.617.1"	"pangolin_lineage=B.1.617.1"	"Variant of Interest"	{"pango":"B.1.617.1","loc":[],"selected":"CHL"}	[]			
"B.1.617.3"	"pangolin_lineage=B.1.617.3"	"Variant of Interest"	{"pango":"B.1.617.3","loc":[],"selected":"CHL"}	[]			
"C.36.3"	"pangolin_lineage=C.36.3"	"Variant of Interest"	{"pango":"C.36.3","loc":[],"selected":"CHL"}	[]			
"C.37"	"pangolin_lineage=C.37"	"Variant of Interest"	{"pango":"C.37","loc":[],"selected":"CHL"}	[{"date":"2021-01-20","total_count":2,"lineage_count":1,"total_count_rolling":2,"lineage_count_rolling":1,"proportion":0.5,"proportion_ci_lower":0.06083027592009738,"proportion_ci_upper":0.9391697240799026,"dateTime":"2021-01-19T13:00:00.000Z"},{"date":"2021-01-21","total_count":2,"lineage_count":1,"total_count_rolling":2,"lineage_count_rolling":1,"proportion":0.5,"proportion_ci_lower":0.06083027592009738,"proportion_ci_upper":0.9391697240799026,"dateTime":"2021-01-20T13:00:00.000Z"},{"date":"2021-01-22","total_count":3,"lineage_count":0,"total_count_rolling":2.3333333333333335,"lineage_count_rolling":0.6666666666666666,"proportion":0.2857142857142857,"proportion_ci_lower":0.06083027592009738,"proportion_ci_upper":0.9391697240799026,"dateTime":"2021-01-21T13:00:00.000Z"},{"date":"2021-01-23","total_count":1,"lineage_count":0,"total_count_rolling":2,"lineage_count_rolling":0.5,"proportion":0.25,"proportion_ci_lower":0.00021690847003096627,"proportion_ci_upper":0.6668217544012093,"dateTime":"2021-01-22T13:00:00.000Z"},{"date":"2021-01-25","total_count":1,"lineage_count":0,"total_count_rolling":1.8,"lineage_count_rolling":0.4,"proportion":0.22222222222222224,"proportion_ci_lower":0.00021690847003096627,"proportion_ci_upper":0.6668217544012093,"dateTime":"2021-01-24T13:00:00.000Z"},{"date":"2021-01-26","total_count":10,"lineage_count":1,"total_count_rolling":3.1666666666666665,"lineage_count_rolling":0.5,"proportion":0.15789473684210528,"proportion_ci_lower":0.00015063602543656854,"proportion_ci_upper":0.5355832430429506,"dateTime":"2021-01-25T13:00:00.000Z"},{"date":"2021-01-27","total_count":6,"lineage_count":0,"total_count_rolling":3.8333333333333335,"lineage_count_rolling":0.3333333333333333,"proportion":0.08695652173913043,"proportion_ci_lower":0.000115332788238275,"proportion_ci_upper":0.4447626176576397,"dateTime":"2021-01-26T13:00:00.000Z"},{"date":"2021-01-28","total_count":2,"lineage_count":0,"total_count_rolling":3.8333333333333335,"lineage_count_rolling":0.16666666666666666,"proportion":0.043478260869565216,"proportion_ci_lower":0.000115332788238275,"proportion_ci_upper":0.4447626176576397,"dateTime":"2021-01-27T13:00:00.000Z"},{"date":"2021-01-29","total_count":2,"lineage_count":1,"total_count_rolling":3.6666666666666665,"lineage_count_rolling":0.3333333333333333,"proportion":0.09090909090909091,"proportion_ci_lower":0.000115332788238275,"proportion_ci_upper":0.4447626176576397,"dateTime":"2021-01-28T13:00:00.000Z"},{"date":"2021-01-31","total_count":2,"lineage_count":0,"total_count_rolling":3.8333333333333335,"lineage_count_rolling":0.3333333333333333,"proportion":0.08695652173913043,"proportion_ci_lower":0.000115332788238275,"proportion_ci_upper":0.4447626176576397,"dateTime":"2021-01-30T13:00:00.000Z"},{"date":"2021-02-01","total_count":9,"lineage_count":0,"total_count_rolling":5.166666666666667,"lineage_count_rolling":0.3333333333333333,"proportion":0.06451612903225806,"proportion_ci_lower":0.0000934206000395449,"proportion_ci_upper":0.37937714229903935,"dateTime":"2021-01-31T13:00:00.000Z"},{"date":"2021-02-02","total_count":3,"lineage_count":0,"total_count_rolling":4,"lineage_count_rolling":0.16666666666666666,"proportion":0.041666666666666664,"proportion_ci_lower":0.000115332788238275,"proportion_ci_upper":0.4447626176576397,"dateTime":"2021-02-01T13:00:00.000Z"},{"date":"2021-02-03","total_count":2,"lineage_count":0,"total_count_rolling":3.3333333333333335,"lineage_count_rolling":0.16666666666666666,"proportion":0.049999999999999996,"proportion_ci_lower":0.00015063602543656854,"proportion_ci_upper":0.5355832430429506,"dateTime":"2021-02-02T13:00:00.000Z"},{"date":"2021-02-04","total_count":2,"lineage_count":0,"total_count_rolling":3.3333333333333335,"lineage_count_rolling":0.16666666666666666,"proportion":0.049999999999999996,"proportion_ci_lower":0.00015063602543656854,"proportion_ci_upper":0.5355832430429506,"dateTime":"2021-02-03T13:00:00.000Z"},{"date":"2021-02-05","total_count":3,"lineage_count":1,"total_count_rolling":3.5,"lineage_count_rolling":0.16666666666666666,"proportion":0.047619047619047616,"proportion_ci_lower":0.000115332788238275,"proportion_ci_upper":0.4447626176576397,"dateTime":"2021-02-04T13:00:00.000Z"},{"date":"2021-02-06","total_count":4,"lineage_count":0,"total_count_rolling":3.5714285714285716,"lineage_count_rolling":0.14285714285714285,"proportion":0.039999999999999994,"proportion_ci_lower":0.000115332788238275,"proportion_ci_upper":0.4447626176576397,"dateTime":"2021-02-05T13:00:00.000Z"},{"date":"2021-02-07","total_count":2,"lineage_count":0,"total_count_rolling":3.5714285714285716,"lineage_count_rolling":0.14285714285714285,"proportion":0.039999999999999994,"proportion_ci_lower":0.000115332788238275,"proportion_ci_upper":0.4447626176576397,"dateTime":"2021-02-06T13:00:00.000Z"},{"date":"2021-02-08","total_count":7,"lineage_count":0,"total_count_rolling":3.2857142857142856,"lineage_count_rolling":0.14285714285714285,"proportion":0.043478260869565216,"proportion_ci_lower":0.00015063602543656854,"proportion_ci_upper":0.5355832430429506,"dateTime":"2021-02-07T13:00:00.000Z"},{"date":"2021-02-09","total_count":6,"lineage_count":2,"total_count_rolling":3.7142857142857144,"lineage_count_rolling":0.42857142857142855,"proportion":0.11538461538461538,"proportion_ci_lower":0.000115332788238275,"proportion_ci_upper":0.4447626176576397,"dateTime":"2021-02-08T13:00:00.000Z"},{"date":"2021-02-10","total_count":7,"lineage_count":0,"total_count_rolling":4.428571428571429,"lineage_count_rolling":0.42857142857142855,"proportion":0.09677419354838708,"proportion_ci_lower":0.000115332788238275,"proportion_ci_upper":0.4447626176576397,"dateTime":"2021-02-09T13:00:00.000Z"},{"date":"2021-02-11","total_count":2,"lineage_count":0,"total_count_rolling":4.428571428571429,"lineage_count_rolling":0.42857142857142855,"proportion":0.09677419354838708,"proportion_ci_lower":0.000115332788238275,"proportion_ci_upper":0.4447626176576397,"dateTime":"2021-02-10T13:00:00.000Z"},{"date":"2021-02-12","total_count":2,"lineage_count":0,"total_count_rolling":4.285714285714286,"lineage_count_rolling":0.2857142857142857,"proportion":0.06666666666666667,"proportion_ci_lower":0.000115332788238275,"proportion_ci_upper":0.4447626176576397,"dateTime":"2021-02-11T13:00:00.000Z"},{"date":"2021-02-13","total_count":6,"lineage_count":0,"total_count_rolling":4.571428571428571,"lineage_count_rolling":0.2857142857142857,"proportion":0.0625,"proportion_ci_lower":0.0000934206000395449,"proportion_ci_upper":0.37937714229903935,"dateTime":"2021-02-12T13:00:00.000Z"},{"date":"2021-02-14","total_count":5,"lineage_count":0,"total_count_rolling":5,"lineage_count_rolling":0.2857142857142857,"proportion":0.05714285714285714,"proportion_ci_lower":0.0000934206000395449,"proportion_ci_upper":0.37937714229903935,"dateTime":"2021-02-13T13:00:00.000Z"},{"date":"2021-02-15","total_count":4,"lineage_count":1,"total_count_rolling":4.571428571428571,"lineage_count_rolling":0.42857142857142855,"proportion":0.09375,"proportion_ci_lower":0.0000934206000395449,"proportion_ci_upper":0.37937714229903935,"dateTime":"2021-02-14T13:00:00.000Z"},{"date":"2021-02-16","total_count":4,"lineage_count":1,"total_count_rolling":4.285714285714286,"lineage_count_rolling":0.2857142857142857,"proportion":0.06666666666666667,"proportion_ci_lower":0.000115332788238275,"proportion_ci_upper":0.4447626176576397,"dateTime":"2021-02-15T13:00:00.000Z"},{"date":"2021-02-17","total_count":5,"lineage_count":1,"total_count_rolling":4,"lineage_count_rolling":0.42857142857142855,"proportion":0.10714285714285714,"proportion_ci_lower":0.000115332788238275,"proportion_ci_upper":0.4447626176576397,"dateTime":"2021-02-16T13:00:00.000Z"},{"date":"2021-02-18","total_count":8,"lineage_count":0,"total_count_rolling":4.857142857142857,"lineage_count_rolling":0.42857142857142855,"proportion":0.08823529411764706,"proportion_ci_lower":0.0000934206000395449,"proportion_ci_upper":0.37937714229903935,"dateTime":"2021-02-17T13:00:00.000Z"},{"date":"2021-02-19","total_count":7,"lineage_count":1,"total_count_rolling":5.571428571428571,"lineage_count_rolling":0.5714285714285714,"proportion":0.10256410256410256,"proportion_ci_lower":0.018620127119442182,"proportion_ci_upper":0.5580567736092482,"dateTime":"2021-02-18T13:00:00.000Z"},{"date":"2021-02-20","total_count":6,"lineage_count":0,"total_count_rolling":5.571428571428571,"lineage_count_rolling":0.5714285714285714,"proportion":0.10256410256410256,"proportion_ci_lower":0.018620127119442182,"proportion_ci_upper":0.5580567736092482,"dateTime":"2021-02-19T13:00:00.000Z"},{"date":"2021-02-21","total_count":10,"lineage_count":0,"total_count_rolling":6.285714285714286,"lineage_count_rolling":0.5714285714285714,"proportion":0.09090909090909091,"proportion_ci_lower":0.018620127119442182,"proportion_ci_upper":0.5580567736092482,"dateTime":"2021-02-20T13:00:00.000Z"},{"date":"2021-02-22","total_count":2,"lineage_count":0,"total_count_rolling":6,"lineage_count_rolling":0.42857142857142855,"proportion":0.07142857142857142,"proportion_ci_lower":0.0000784998483662081,"proportion_ci_upper":0.33038890915155017,"dateTime":"2021-02-21T13:00:00.000Z"},{"date":"2021-02-23","total_count":9,"lineage_count":1,"total_count_rolling":6.714285714285714,"lineage_count_rolling":0.42857142857142855,"proportion":0.06382978723404255,"proportion_ci_lower":0.00006768646424383031,"proportion_ci_upper":0.29243617366230995,"dateTime":"2021-02-22T13:00:00.000Z"},{"date":"2021-02-24","total_count":7,"lineage_count":1,"total_count_rolling":7,"lineage_count_rolling":0.42857142857142855,"proportion":0.061224489795918366,"proportion_ci_lower":0.00006768646424383031,"proportion_ci_upper":0.29243617366230995,"dateTime":"2021-02-23T13:00:00.000Z"},{"date":"2021-02-25","total_count":7,"lineage_count":1,"total_count_rolling":6.857142857142857,"lineage_count_rolling":0.5714285714285714,"proportion":0.08333333333333333,"proportion_ci_lower":0.01587652421274681,"proportion_ci_upper":0.5007974616190776,"dateTime":"2021-02-24T13:00:00.000Z"},{"date":"2021-02-26","total_count":8,"lineage_count":1,"total_count_rolling":7,"lineage_count_rolling":0.5714285714285714,"proportion":0.08163265306122448,"proportion_ci_lower":0.01587652421274681,"proportion_ci_upper":0.5007974616190776,"dateTime":"2021-02-25T13:00:00.000Z"},{"date":"2021-02-27","total_count":2,"lineage_count":0,"total_count_rolling":6.428571428571429,"lineage_count_rolling":0.5714285714285714,"proportion":0.08888888888888888,"proportion_ci_lower":0.018620127119442182,"proportion_ci_upper":0.5580567736092482,"dateTime":"2021-02-26T13:00:00.000Z"},{"date":"2021-02-28","total_count":4,"lineage_count":1,"total_count_rolling":5.571428571428571,"lineage_count_rolling":0.7142857142857143,"proportion":0.12820512820512822,"proportion_ci_lower":0.018620127119442182,"proportion_ci_upper":0.5580567736092482,"dateTime":"2021-02-27T13:00:00.000Z"},{"date":"2021-03-01","total_count":5,"lineage_count":1,"total_count_rolling":6,"lineage_count_rolling":0.8571428571428571,"proportion":0.14285714285714285,"proportion_ci_lower":0.018620127119442182,"proportion_ci_upper":0.5580567736092482,"dateTime":"2021-02-28T13:00:00.000Z"},{"date":"2021-03-02","total_count":3,"lineage_count":1,"total_count_rolling":5.142857142857143,"lineage_count_rolling":0.8571428571428571,"proportion":0.16666666666666666,"proportion_ci_lower":0.022512765999155134,"proportion_ci_upper":0.6286264006319943,"dateTime":"2021-03-01T13:00:00.000Z"},{"date":"2021-03-03","total_count":4,"lineage_count":0,"total_count_rolling":4.714285714285714,"lineage_count_rolling":0.7142857142857143,"proportion":0.15151515151515152,"proportion_ci_lower":0.022512765999155134,"proportion_ci_upper":0.6286264006319943,"dateTime":"2021-03-02T13:00:00.000Z"},{"date":"2021-03-04","total_count":3,"lineage_count":0,"total_count_rolling":4.142857142857143,"lineage_count_rolling":0.5714285714285714,"proportion":0.1379310344827586,"proportion_ci_lower":0.02847089508714681,"proportion_ci_upper":0.7162483204365873,"dateTime":"2021-03-03T13:00:00.000Z"},{"date":"2021-03-05","total_count":7,"lineage_count":1,"total_count_rolling":4,"lineage_count_rolling":0.5714285714285714,"proportion":0.14285714285714285,"proportion_ci_lower":0.02847089508714681,"proportion_ci_upper":0.7162483204365873,"dateTime":"2021-03-04T13:00:00.000Z"},{"date":"2021-03-06","total_count":3,"lineage_count":1,"total_count_rolling":4.142857142857143,"lineage_count_rolling":0.7142857142857143,"proportion":0.17241379310344826,"proportion_ci_lower":0.02847089508714681,"proportion_ci_upper":0.7162483204365873,"dateTime":"2021-03-05T13:00:00.000Z"},{"date":"2021-03-07","total_count":6,"lineage_count":3,"total_count_rolling":4.428571428571429,"lineage_count_rolling":1,"proportion":0.22580645161290322,"proportion_ci_lower":0.02847089508714681,"proportion_ci_upper":0.7162483204365873,"dateTime":"2021-03-06T13:00:00.000Z"},{"date":"2021-03-08","total_count":5,"lineage_count":0,"total_count_rolling":4.428571428571429,"lineage_count_rolling":0.8571428571428571,"proportion":0.19354838709677416,"proportion_ci_lower":0.02847089508714681,"proportion_ci_upper":0.7162483204365873,"dateTime":"2021-03-07T13:00:00.000Z"},{"date":"2021-03-09","total_count":9,"lineage_count":3,"total_count_rolling":5.285714285714286,"lineage_count_rolling":1.1428571428571428,"proportion":0.2162162162162162,"proportion_ci_lower":0.022512765999155134,"proportion_ci_upper":0.6286264006319943,"dateTime":"2021-03-08T13:00:00.000Z"},{"date":"2021-03-10","total_count":4,"lineage_count":1,"total_count_rolling":5.285714285714286,"lineage_count_rolling":1.2857142857142858,"proportion":0.24324324324324326,"proportion_ci_lower":0.022512765999155134,"proportion_ci_upper":0.6286264006319943,"dateTime":"2021-03-09T13:00:00.000Z"},{"date":"2021-03-11","total_count":10,"lineage_count":1,"total_count_rolling":6.285714285714286,"lineage_count_rolling":1.4285714285714286,"proportion":0.2272727272727273,"proportion_ci_lower":0.018620127119442182,"proportion_ci_upper":0.5580567736092482,"dateTime":"2021-03-10T13:00:00.000Z"},{"date":"2021-03-12","total_count":11,"lineage_count":3,"total_count_rolling":6.857142857142857,"lineage_count_rolling":1.7142857142857142,"proportion":0.25,"proportion_ci_lower":0.06472826694948346,"proportion_ci_upper":0.647661654959421,"dateTime":"2021-03-11T13:00:00.000Z"},{"date":"2021-03-13","total_count":10,"lineage_count":3,"total_count_rolling":7.857142857142857,"lineage_count_rolling":2,"proportion":0.2545454545454546,"proportion_ci_lower":0.05596688972465876,"proportion_ci_upper":0.5916235105733374,"dateTime":"2021-03-12T13:00:00.000Z"},{"date":"2021-03-14","total_count":8,"lineage_count":3,"total_count_rolling":8.142857142857142,"lineage_count_rolling":2,"proportion":0.2456140350877193,"proportion_ci_lower":0.05596688972465876,"proportion_ci_upper":0.5916235105733374,"dateTime":"2021-03-13T13:00:00.000Z"},{"date":"2021-03-15","total_count":28,"lineage_count":7,"total_count_rolling":11.428571428571429,"lineage_count_rolling":3,"proportion":0.2625,"proportion_ci_lower":0.0834817598301942,"proportion_ci_upper":0.5650954805017856,"dateTime":"2021-03-14T13:00:00.000Z"},{"date":"2021-03-16","total_count":8,"lineage_count":2,"total_count_rolling":11.285714285714286,"lineage_count_rolling":2.857142857142857,"proportion":0.2531645569620253,"proportion_ci_lower":0.0834817598301942,"proportion_ci_upper":0.5650954805017856,"dateTime":"2021-03-15T13:00:00.000Z"},{"date":"2021-03-17","total_count":22,"lineage_count":5,"total_count_rolling":13.857142857142858,"lineage_count_rolling":3.4285714285714284,"proportion":0.24742268041237112,"proportion_ci_lower":0.06433507753822257,"proportion_ci_upper":0.4690236670935459,"dateTime":"2021-03-16T13:00:00.000Z"},{"date":"2021-03-18","total_count":10,"lineage_count":5,"total_count_rolling":13.857142857142858,"lineage_count_rolling":4,"proportion":0.28865979381443296,"proportion_ci_lower":0.10502856012226534,"proportion_ci_upper":0.5452511415613865,"dateTime":"2021-03-17T13:00:00.000Z"},{"date":"2021-03-19","total_count":5,"lineage_count":2,"total_count_rolling":13,"lineage_count_rolling":3.857142857142857,"proportion":0.2967032967032967,"proportion_ci_lower":0.11394796011537689,"proportion_ci_upper":0.577030234365875,"dateTime":"2021-03-18T13:00:00.000Z"},{"date":"2021-03-20","total_count":1,"lineage_count":0,"total_count_rolling":11.714285714285714,"lineage_count_rolling":3.4285714285714284,"proportion":0.2926829268292683,"proportion_ci_lower":0.07594232891948485,"proportion_ci_upper":0.5291910836265508,"dateTime":"2021-03-19T13:00:00.000Z"},{"date":"2021-03-21","total_count":4,"lineage_count":2,"total_count_rolling":11.142857142857142,"lineage_count_rolling":3.2857142857142856,"proportion":0.2948717948717949,"proportion_ci_lower":0.0834817598301942,"proportion_ci_upper":0.5650954805017856,"dateTime":"2021-03-20T13:00:00.000Z"},{"date":"2021-03-22","total_count":25,"lineage_count":12,"total_count_rolling":10.714285714285714,"lineage_count_rolling":4,"proportion":0.37333333333333335,"proportion_ci_lower":0.13731996759408113,"proportion_ci_upper":0.6520077283697077,"dateTime":"2021-03-21T13:00:00.000Z"},{"date":"2021-03-23","total_count":12,"lineage_count":5,"total_count_rolling":11.285714285714286,"lineage_count_rolling":4.428571428571429,"proportion":0.3924050632911392,"proportion_ci_lower":0.13731996759408113,"proportion_ci_upper":0.6520077283697077,"dateTime":"2021-03-22T13:00:00.000Z"},{"date":"2021-03-24","total_count":26,"lineage_count":8,"total_count_rolling":11.857142857142858,"lineage_count_rolling":4.857142857142857,"proportion":0.4096385542168674,"proportion_ci_lower":0.18047869478970163,"proportion_ci_upper":0.6880595749598803,"dateTime":"2021-03-23T13:00:00.000Z"},{"date":"2021-03-25","total_count":3,"lineage_count":2,"total_count_rolling":10.857142857142858,"lineage_count_rolling":4.428571428571429,"proportion":0.40789473684210525,"proportion_ci_lower":0.13731996759408113,"proportion_ci_upper":0.6520077283697077,"dateTime":"2021-03-24T13:00:00.000Z"},{"date":"2021-03-26","total_count":5,"lineage_count":2,"total_count_rolling":10.857142857142858,"lineage_count_rolling":4.428571428571429,"proportion":0.40789473684210525,"proportion_ci_lower":0.13731996759408113,"proportion_ci_upper":0.6520077283697077,"dateTime":"2021-03-25T13:00:00.000Z"},{"date":"2021-03-27","total_count":18,"lineage_count":6,"total_count_rolling":13.285714285714286,"lineage_count_rolling":5.285714285714286,"proportion":0.3978494623655914,"proportion_ci_lower":0.16470057422717832,"proportion_ci_upper":0.6499610972093938,"dateTime":"2021-03-26T13:00:00.000Z"},{"date":"2021-03-28","total_count":30,"lineage_count":13,"total_count_rolling":17,"lineage_count_rolling":6.857142857142857,"proportion":0.4033613445378151,"proportion_ci_lower":0.20676625460413942,"proportion_ci_upper":0.6441066250821357,"dateTime":"2021-03-27T13:00:00.000Z"},{"date":"2021-03-29","total_count":23,"lineage_count":8,"total_count_rolling":16.714285714285715,"lineage_count_rolling":6.285714285714286,"proportion":0.37606837606837606,"proportion_ci_lower":0.16286939026073097,"proportion_ci_upper":0.5885543160099758,"dateTime":"2021-03-28T13:00:00.000Z"},{"date":"2021-03-30","total_count":15,"lineage_count":4,"total_count_rolling":17.142857142857142,"lineage_count_rolling":6.142857142857143,"proportion":0.3583333333333334,"proportion_ci_lower":0.16286939026073097,"proportion_ci_upper":0.5885543160099758,"dateTime":"2021-03-29T13:00:00.000Z"},{"date":"2021-03-31","total_count":17,"lineage_count":6,"total_count_rolling":15.857142857142858,"lineage_count_rolling":5.857142857142857,"proportion":0.3693693693693693,"proportion_ci_lower":0.17431603316530575,"proportion_ci_upper":0.6165870380180083,"dateTime":"2021-03-30T13:00:00.000Z"},{"date":"2021-04-01","total_count":14,"lineage_count":5,"total_count_rolling":17.428571428571427,"lineage_count_rolling":6.285714285714286,"proportion":0.36065573770491804,"proportion_ci_lower":0.16286939026073097,"proportion_ci_upper":0.5885543160099758,"dateTime":"2021-03-31T13:00:00.000Z"},{"date":"2021-04-02","total_count":11,"lineage_count":2,"total_count_rolling":18.285714285714285,"lineage_count_rolling":6.285714285714286,"proportion":0.34375,"proportion_ci_lower":0.1528456949240097,"proportion_ci_upper":0.5628061795287066,"dateTime":"2021-04-01T13:00:00.000Z"},{"date":"2021-04-03","total_count":23,"lineage_count":6,"total_count_rolling":19,"lineage_count_rolling":6.285714285714286,"proportion":0.3308270676691729,"proportion_ci_lower":0.1439930741346782,"proportion_ci_upper":0.5391023719133485,"dateTime":"2021-04-02T13:00:00.000Z"},{"date":"2021-04-04","total_count":31,"lineage_count":12,"total_count_rolling":19.142857142857142,"lineage_count_rolling":6.142857142857143,"proportion":0.32089552238805974,"proportion_ci_lower":0.1439930741346782,"proportion_ci_upper":0.5391023719133485,"dateTime":"2021-04-03T13:00:00.000Z"},{"date":"2021-04-05","total_count":40,"lineage_count":13,"total_count_rolling":21.571428571428573,"lineage_count_rolling":6.857142857142857,"proportion":0.3178807947019867,"proportion_ci_lower":0.15508012626648762,"proportion_ci_upper":0.5257093753174278,"dateTime":"2021-04-04T14:00:00.000Z"},{"date":"2021-04-06","total_count":45,"lineage_count":23,"total_count_rolling":25.857142857142858,"lineage_count_rolling":9.571428571428571,"proportion":0.3701657458563536,"proportion_ci_lower":0.21775212031907318,"proportion_ci_upper":0.5756221141792104,"dateTime":"2021-04-05T14:00:00.000Z"},{"date":"2021-04-07","total_count":18,"lineage_count":8,"total_count_rolling":26,"lineage_count_rolling":9.857142857142858,"proportion":0.37912087912087916,"proportion_ci_lower":0.21775212031907318,"proportion_ci_upper":0.5756221141792104,"dateTime":"2021-04-06T14:00:00.000Z"},{"date":"2021-04-08","total_count":12,"lineage_count":3,"total_count_rolling":25.714285714285715,"lineage_count_rolling":9.571428571428571,"proportion":0.3722222222222222,"proportion_ci_lower":0.21775212031907318,"proportion_ci_upper":0.5756221141792104,"dateTime":"2021-04-07T14:00:00.000Z"},{"date":"2021-04-09","total_count":16,"lineage_count":6,"total_count_rolling":26.428571428571427,"lineage_count_rolling":10.142857142857142,"proportion":0.3837837837837838,"proportion_ci_lower":0.21775212031907318,"proportion_ci_upper":0.5756221141792104,"dateTime":"2021-04-08T14:00:00.000Z"},{"date":"2021-04-10","total_count":13,"lineage_count":2,"total_count_rolling":25,"lineage_count_rolling":9.571428571428571,"proportion":0.38285714285714284,"proportion_ci_lower":0.22748946575795936,"proportion_ci_upper":0.5942207420435373,"dateTime":"2021-04-09T14:00:00.000Z"},{"date":"2021-04-11","total_count":25,"lineage_count":7,"total_count_rolling":24.142857142857142,"lineage_count_rolling":8.857142857142858,"proportion":0.36686390532544383,"proportion_ci_lower":0.2043743645647127,"proportion_ci_upper":0.5738135852545836,"dateTime":"2021-04-10T14:00:00.000Z"},{"date":"2021-04-12","total_count":44,"lineage_count":19,"total_count_rolling":24.714285714285715,"lineage_count_rolling":9.714285714285714,"proportion":0.39306358381502887,"proportion_ci_lower":0.22748946575795936,"proportion_ci_upper":0.5942207420435373,"dateTime":"2021-04-11T14:00:00.000Z"},{"date":"2021-04-13","total_count":20,"lineage_count":7,"total_count_rolling":21.142857142857142,"lineage_count_rolling":7.428571428571429,"proportion":0.35135135135135137,"proportion_ci_lower":0.1632227345097802,"proportion_ci_upper":0.5459686264257404,"dateTime":"2021-04-12T14:00:00.000Z"},{"date":"2021-04-14","total_count":31,"lineage_count":9,"total_count_rolling":23,"lineage_count_rolling":7.571428571428571,"proportion":0.32919254658385094,"proportion_ci_lower":0.18022269589248685,"proportion_ci_upper":0.5511234299220191,"dateTime":"2021-04-13T14:00:00.000Z"},{"date":"2021-04-15","total_count":12,"lineage_count":5,"total_count_rolling":23,"lineage_count_rolling":7.857142857142857,"proportion":0.3416149068322981,"proportion_ci_lower":0.18022269589248685,"proportion_ci_upper":0.5511234299220191,"dateTime":"2021-04-14T14:00:00.000Z"},{"date":"2021-04-16","total_count":7,"lineage_count":4,"total_count_rolling":21.714285714285715,"lineage_count_rolling":7.571428571428571,"proportion":0.34868421052631576,"proportion_ci_lower":0.18932288948824064,"proportion_ci_upper":0.571289534875405,"dateTime":"2021-04-15T14:00:00.000Z"},{"date":"2021-04-17","total_count":16,"lineage_count":6,"total_count_rolling":22.142857142857142,"lineage_count_rolling":8.142857142857142,"proportion":0.36774193548387096,"proportion_ci_lower":0.18932288948824064,"proportion_ci_upper":0.571289534875405,"dateTime":"2021-04-16T14:00:00.000Z"},{"date":"2021-04-18","total_count":46,"lineage_count":25,"total_count_rolling":25.142857142857142,"lineage_count_rolling":10.714285714285714,"proportion":0.4261363636363636,"proportion_ci_lower":0.2608513570093649,"proportion_ci_upper":0.632177408396372,"dateTime":"2021-04-17T14:00:00.000Z"},{"date":"2021-04-19","total_count":44,"lineage_count":18,"total_count_rolling":25.142857142857142,"lineage_count_rolling":10.571428571428571,"proportion":0.42045454545454547,"proportion_ci_lower":0.2608513570093649,"proportion_ci_upper":0.632177408396372,"dateTime":"2021-04-18T14:00:00.000Z"},{"date":"2021-04-20","total_count":51,"lineage_count":16,"total_count_rolling":29.571428571428573,"lineage_count_rolling":11.857142857142858,"proportion":0.40096618357487923,"proportion_ci_lower":0.2404859156145387,"proportion_ci_upper":0.5777997309662939,"dateTime":"2021-04-19T14:00:00.000Z"},{"date":"2021-04-21","total_count":30,"lineage_count":10,"total_count_rolling":29.428571428571427,"lineage_count_rolling":12,"proportion":0.4077669902912622,"proportion_ci_lower":0.2497443924401617,"proportion_ci_upper":0.594120063959655,"dateTime":"2021-04-20T14:00:00.000Z"},{"date":"2021-04-22","total_count":18,"lineage_count":3,"total_count_rolling":30.285714285714285,"lineage_count_rolling":11.714285714285714,"proportion":0.38679245283018865,"proportion_ci_lower":0.2404859156145387,"proportion_ci_upper":0.5777997309662939,"dateTime":"2021-04-21T14:00:00.000Z"},{"date":"2021-04-23","total_count":30,"lineage_count":7,"total_count_rolling":33.57142857142857,"lineage_count_rolling":12.142857142857142,"proportion":0.3617021276595745,"proportion_ci_lower":0.20948538349843582,"proportion_ci_upper":0.5202665811519755,"dateTime":"2021-04-22T14:00:00.000Z"},{"date":"2021-04-24","total_count":24,"lineage_count":4,"total_count_rolling":34.714285714285715,"lineage_count_rolling":11.857142857142858,"proportion":0.34156378600823045,"proportion_ci_lower":0.20295525941705933,"proportion_ci_upper":0.5075683010548167,"dateTime":"2021-04-23T14:00:00.000Z"},{"date":"2021-04-25","total_count":57,"lineage_count":22,"total_count_rolling":36.285714285714285,"lineage_count_rolling":11.428571428571429,"proportion":0.31496062992125984,"proportion_ci_lower":0.17444381179325616,"proportion_ci_upper":0.4665405885540178,"dateTime":"2021-04-24T14:00:00.000Z"},{"date":"2021-04-26","total_count":63,"lineage_count":15,"total_count_rolling":39,"lineage_count_rolling":11,"proportion":0.28205128205128205,"proportion_ci_lower":0.1600397714484644,"proportion_ci_upper":0.4350709335059415,"dateTime":"2021-04-25T14:00:00.000Z"},{"date":"2021-04-27","total_count":52,"lineage_count":14,"total_count_rolling":39.142857142857146,"lineage_count_rolling":10.714285714285714,"proportion":0.2737226277372262,"proportion_ci_lower":0.1600397714484644,"proportion_ci_upper":0.4350709335059415,"dateTime":"2021-04-26T14:00:00.000Z"},{"date":"2021-04-28","total_count":25,"lineage_count":7,"total_count_rolling":38.42857142857143,"lineage_count_rolling":10.285714285714286,"proportion":0.2676579925650558,"proportion_ci_lower":0.14406614673703766,"proportion_ci_upper":0.41678496785521146,"dateTime":"2021-04-27T14:00:00.000Z"},{"date":"2021-04-29","total_count":29,"lineage_count":5,"total_count_rolling":40,"lineage_count_rolling":10.571428571428571,"proportion":0.2642857142857143,"proportion_ci_lower":0.15575535660662035,"proportion_ci_upper":0.4254857588952704,"dateTime":"2021-04-28T14:00:00.000Z"},{"date":"2021-04-30","total_count":23,"lineage_count":10,"total_count_rolling":39,"lineage_count_rolling":11,"proportion":0.28205128205128205,"proportion_ci_lower":0.1600397714484644,"proportion_ci_upper":0.4350709335059415,"dateTime":"2021-04-29T14:00:00.000Z"},{"date":"2021-05-01","total_count":26,"lineage_count":7,"total_count_rolling":39.285714285714285,"lineage_count_rolling":11.428571428571429,"proportion":0.29090909090909095,"proportion_ci_lower":0.1600397714484644,"proportion_ci_upper":0.4350709335059415,"dateTime":"2021-04-30T14:00:00.000Z"},{"date":"2021-05-02","total_count":44,"lineage_count":20,"total_count_rolling":37.42857142857143,"lineage_count_rolling":11.142857142857142,"proportion":0.29770992366412213,"proportion_ci_lower":0.16936115271413582,"proportion_ci_upper":0.4555680792502379,"dateTime":"2021-05-01T14:00:00.000Z"},{"date":"2021-05-03","total_count":85,"lineage_count":33,"total_count_rolling":40.57142857142857,"lineage_count_rolling":13.714285714285714,"proportion":0.3380281690140845,"proportion_ci_lower":0.21098119750930755,"proportion_ci_upper":0.49345696975071507,"dateTime":"2021-05-02T14:00:00.000Z"},{"date":"2021-05-04","total_count":59,"lineage_count":21,"total_count_rolling":41.57142857142857,"lineage_count_rolling":14.714285714285714,"proportion":0.3539518900343643,"proportion_ci_lower":0.2255685629897349,"proportion_ci_upper":0.5076592248862737,"dateTime":"2021-05-03T14:00:00.000Z"},{"date":"2021-05-05","total_count":54,"lineage_count":22,"total_count_rolling":45.714285714285715,"lineage_count_rolling":16.857142857142858,"proportion":0.36875,"proportion_ci_lower":0.2414368057704443,"proportion_ci_upper":0.5135386418968424,"dateTime":"2021-05-04T14:00:00.000Z"},{"date":"2021-05-06","total_count":25,"lineage_count":8,"total_count_rolling":45.142857142857146,"lineage_count_rolling":17.285714285714285,"proportion":0.3829113924050632,"proportion_ci_lower":0.24728981920198473,"proportion_ci_upper":0.5234318069226598,"dateTime":"2021-05-05T14:00:00.000Z"},{"date":"2021-05-07","total_count":33,"lineage_count":11,"total_count_rolling":46.57142857142857,"lineage_count_rolling":17.428571428571427,"proportion":0.37423312883435583,"proportion_ci_lower":0.2358568392826116,"proportion_ci_upper":0.5040018151337438,"dateTime":"2021-05-06T14:00:00.000Z"},{"date":"2021-05-08","total_count":18,"lineage_count":3,"total_count_rolling":45.42857142857143,"lineage_count_rolling":16.857142857142858,"proportion":0.3710691823899371,"proportion_ci_lower":0.24728981920198473,"proportion_ci_upper":0.5234318069226598,"dateTime":"2021-05-07T14:00:00.000Z"},{"date":"2021-05-09","total_count":39,"lineage_count":15,"total_count_rolling":44.714285714285715,"lineage_count_rolling":16.142857142857142,"proportion":0.36102236421725237,"proportion_ci_lower":0.22814248459648145,"proportion_ci_upper":0.5008901072558842,"dateTime":"2021-05-08T14:00:00.000Z"},{"date":"2021-05-10","total_count":71,"lineage_count":32,"total_count_rolling":42.714285714285715,"lineage_count_rolling":16,"proportion":0.3745819397993311,"proportion_ci_lower":0.23971776307628764,"proportion_ci_upper":0.5210498339681602,"dateTime":"2021-05-09T14:00:00.000Z"},{"date":"2021-05-11","total_count":42,"lineage_count":15,"total_count_rolling":40.285714285714285,"lineage_count_rolling":15.142857142857142,"proportion":0.375886524822695,"proportion_ci_lower":0.23790652330471226,"proportion_ci_upper":0.5294648712998542,"dateTime":"2021-05-10T14:00:00.000Z"},{"date":"2021-05-12","total_count":41,"lineage_count":11,"total_count_rolling":38.42857142857143,"lineage_count_rolling":13.571428571428571,"proportion":0.3531598513011152,"proportion_ci_lower":0.22919943801301182,"proportion_ci_upper":0.5268492609209727,"dateTime":"2021-05-11T14:00:00.000Z"},{"date":"2021-05-13","total_count":16,"lineage_count":5,"total_count_rolling":37.142857142857146,"lineage_count_rolling":13.142857142857142,"proportion":0.3538461538461538,"proportion_ci_lower":0.21327532027723348,"proportion_ci_upper":0.5116840086945627,"dateTime":"2021-05-12T14:00:00.000Z"},{"date":"2021-05-14","total_count":8,"lineage_count":0,"total_count_rolling":33.57142857142857,"lineage_count_rolling":11.571428571428571,"proportion":0.3446808510638298,"proportion_ci_lower":0.20948538349843582,"proportion_ci_upper":0.5202665811519755,"dateTime":"2021-05-13T14:00:00.000Z"},{"date":"2021-05-15","total_count":12,"lineage_count":5,"total_count_rolling":32.714285714285715,"lineage_count_rolling":11.857142857142858,"proportion":0.3624454148471616,"proportion_ci_lower":0.21645378999054798,"proportion_ci_upper":0.5335923853581692,"dateTime":"2021-05-14T14:00:00.000Z"},{"date":"2021-05-16","total_count":42,"lineage_count":21,"total_count_rolling":33.142857142857146,"lineage_count_rolling":12.714285714285714,"proportion":0.3836206896551724,"proportion_ci_lower":0.24183665000266408,"proportion_ci_upper":0.5637581657645455,"dateTime":"2021-05-15T14:00:00.000Z"},{"date":"2021-05-17","total_count":36,"lineage_count":9,"total_count_rolling":28.142857142857142,"lineage_count_rolling":9.428571428571429,"proportion":0.3350253807106599,"proportion_ci_lower":0.17246098092151407,"proportion_ci_upper":0.5052241210562715,"dateTime":"2021-05-16T14:00:00.000Z"},{"date":"2021-05-18","total_count":57,"lineage_count":11,"total_count_rolling":30.285714285714285,"lineage_count_rolling":8.857142857142858,"proportion":0.2924528301886793,"proportion_ci_lower":0.15999318840847201,"proportion_ci_upper":0.4765442027824217,"dateTime":"2021-05-17T14:00:00.000Z"},{"date":"2021-05-19","total_count":22,"lineage_count":6,"total_count_rolling":27.571428571428573,"lineage_count_rolling":8.142857142857142,"proportion":0.2953367875647668,"proportion_ci_lower":0.1453633439968243,"proportion_ci_upper":0.46783687836275,"dateTime":"2021-05-18T14:00:00.000Z"},{"date":"2021-05-20","total_count":8,"lineage_count":0,"total_count_rolling":26.428571428571427,"lineage_count_rolling":7.428571428571429,"proportion":0.2810810810810811,"proportion_ci_lower":0.1293169070327574,"proportion_ci_upper":0.45735747612220456,"dateTime":"2021-05-19T14:00:00.000Z"},{"date":"2021-05-21","total_count":16,"lineage_count":5,"total_count_rolling":27.571428571428573,"lineage_count_rolling":8.142857142857142,"proportion":0.2953367875647668,"proportion_ci_lower":0.1453633439968243,"proportion_ci_upper":0.46783687836275,"dateTime":"2021-05-20T14:00:00.000Z"},{"date":"2021-05-22","total_count":8,"lineage_count":2,"total_count_rolling":27,"lineage_count_rolling":7.714285714285714,"proportion":0.2857142857142857,"proportion_ci_lower":0.15120604980937496,"proportion_ci_upper":0.48248463508898454,"dateTime":"2021-05-21T14:00:00.000Z"},{"date":"2021-05-23","total_count":45,"lineage_count":25,"total_count_rolling":27.428571428571427,"lineage_count_rolling":8.285714285714286,"proportion":0.30208333333333337,"proportion_ci_lower":0.15120604980937496,"proportion_ci_upper":0.48248463508898454,"dateTime":"2021-05-22T14:00:00.000Z"},{"date":"2021-05-24","total_count":58,"lineage_count":14,"total_count_rolling":30.571428571428573,"lineage_count_rolling":9,"proportion":0.29439252336448596,"proportion_ci_lower":0.1544154661296998,"proportion_ci_upper":0.46335922720573786,"dateTime":"2021-05-23T14:00:00.000Z"},{"date":"2021-05-25","total_count":50,"lineage_count":10,"total_count_rolling":29.571428571428573,"lineage_count_rolling":8.857142857142858,"proportion":0.2995169082125604,"proportion_ci_lower":0.15999318840847201,"proportion_ci_upper":0.4765442027824217,"dateTime":"2021-05-24T14:00:00.000Z"},{"date":"2021-05-26","total_count":14,"lineage_count":4,"total_count_rolling":28.428571428571427,"lineage_count_rolling":8.571428571428571,"proportion":0.30150753768844224,"proportion_ci_lower":0.17246098092151407,"proportion_ci_upper":0.5052241210562715,"dateTime":"2021-05-25T14:00:00.000Z"},{"date":"2021-05-27","total_count":10,"lineage_count":1,"total_count_rolling":28.714285714285715,"lineage_count_rolling":8.714285714285714,"proportion":0.30348258706467657,"proportion_ci_lower":0.16599173314837987,"proportion_ci_upper":0.49047834743187413,"dateTime":"2021-05-26T14:00:00.000Z"},{"date":"2021-05-28","total_count":14,"lineage_count":4,"total_count_rolling":28.428571428571427,"lineage_count_rolling":8.571428571428571,"proportion":0.30150753768844224,"proportion_ci_lower":0.17246098092151407,"proportion_ci_upper":0.5052241210562715,"dateTime":"2021-05-27T14:00:00.000Z"},{"date":"2021-05-29","total_count":10,"lineage_count":4,"total_count_rolling":28.714285714285715,"lineage_count_rolling":8.857142857142858,"proportion":0.30845771144278605,"proportion_ci_lower":0.16599173314837987,"proportion_ci_upper":0.49047834743187413,"dateTime":"2021-05-28T14:00:00.000Z"},{"date":"2021-05-30","total_count":51,"lineage_count":21,"total_count_rolling":29.571428571428573,"lineage_count_rolling":8.285714285714286,"proportion":0.28019323671497587,"proportion_ci_lower":0.13494136576133225,"proportion_ci_upper":0.4409956806794211,"dateTime":"2021-05-29T14:00:00.000Z"},{"date":"2021-05-31","total_count":52,"lineage_count":17,"total_count_rolling":28.714285714285715,"lineage_count_rolling":8.714285714285714,"proportion":0.30348258706467657,"proportion_ci_lower":0.16599173314837987,"proportion_ci_upper":0.49047834743187413,"dateTime":"2021-05-30T14:00:00.000Z"},{"date":"2021-06-01","total_count":31,"lineage_count":6,"total_count_rolling":26,"lineage_count_rolling":8.142857142857142,"proportion":0.3131868131868132,"proportion_ci_lower":0.15754134313889773,"proportion_ci_upper":0.49804849951821106,"dateTime":"2021-05-31T14:00:00.000Z"},{"date":"2021-06-02","total_count":25,"lineage_count":1,"total_count_rolling":27.571428571428573,"lineage_count_rolling":7.714285714285714,"proportion":0.27979274611398963,"proportion_ci_lower":0.1453633439968243,"proportion_ci_upper":0.46783687836275,"dateTime":"2021-06-01T14:00:00.000Z"},{"date":"2021-06-03","total_count":14,"lineage_count":3,"total_count_rolling":28.142857142857142,"lineage_count_rolling":8,"proportion":0.28426395939086296,"proportion_ci_lower":0.1453633439968243,"proportion_ci_upper":0.46783687836275,"dateTime":"2021-06-02T14:00:00.000Z"},{"date":"2021-06-04","total_count":21,"lineage_count":3,"total_count_rolling":29.142857142857142,"lineage_count_rolling":7.857142857142857,"proportion":0.2696078431372549,"proportion_ci_lower":0.13995761541110177,"proportion_ci_upper":0.45402983837000643,"dateTime":"2021-06-03T14:00:00.000Z"},{"date":"2021-06-05","total_count":17,"lineage_count":5,"total_count_rolling":30.142857142857142,"lineage_count_rolling":8,"proportion":0.26540284360189575,"proportion_ci_lower":0.13494136576133225,"proportion_ci_upper":0.4409956806794211,"dateTime":"2021-06-04T14:00:00.000Z"},{"date":"2021-06-06","total_count":29,"lineage_count":7,"total_count_rolling":27,"lineage_count_rolling":6,"proportion":0.2222222222222222,"proportion_ci_lower":0.09848531947832449,"proportion_ci_upper":0.4019070895933039,"dateTime":"2021-06-05T14:00:00.000Z"},{"date":"2021-06-07","total_count":68,"lineage_count":22,"total_count_rolling":29.285714285714285,"lineage_count_rolling":6.714285714285714,"proportion":0.22926829268292684,"proportion_ci_lower":0.11500919618729959,"proportion_ci_upper":0.4164793368378633,"dateTime":"2021-06-06T14:00:00.000Z"},{"date":"2021-06-08","total_count":60,"lineage_count":16,"total_count_rolling":33.42857142857143,"lineage_count_rolling":8.142857142857142,"proportion":0.24358974358974356,"proportion_ci_lower":0.12184805554013195,"proportion_ci_upper":0.4059487229981239,"dateTime":"2021-06-07T14:00:00.000Z"},{"date":"2021-06-09","total_count":34,"lineage_count":5,"total_count_rolling":34.714285714285715,"lineage_count_rolling":8.714285714285714,"proportion":0.2510288065843621,"proportion_ci_lower":0.13553243667479797,"proportion_ci_upper":0.41705417508808207,"dateTime":"2021-06-08T14:00:00.000Z"},{"date":"2021-06-10","total_count":17,"lineage_count":7,"total_count_rolling":35.142857142857146,"lineage_count_rolling":9.285714285714286,"proportion":0.26422764227642276,"proportion_ci_lower":0.13553243667479797,"proportion_ci_upper":0.41705417508808207,"dateTime":"2021-06-09T14:00:00.000Z"},{"date":"2021-06-11","total_count":28,"lineage_count":0,"total_count_rolling":36.142857142857146,"lineage_count_rolling":8.857142857142858,"proportion":0.2450592885375494,"proportion_ci_lower":0.13151468841289335,"proportion_ci_upper":0.4068629720510739,"dateTime":"2021-06-10T14:00:00.000Z"},{"date":"2021-06-12","total_count":23,"lineage_count":5,"total_count_rolling":37,"lineage_count_rolling":8.857142857142858,"proportion":0.2393822393822394,"proportion_ci_lower":0.12772914836917118,"proportion_ci_upper":0.39714996934750746,"dateTime":"2021-06-11T14:00:00.000Z"},{"date":"2021-06-13","total_count":74,"lineage_count":19,"total_count_rolling":43.42857142857143,"lineage_count_rolling":10.571428571428571,"proportion":0.24342105263157893,"proportion_ci_lower":0.14418134287457457,"proportion_ci_upper":0.39906875728789826,"dateTime":"2021-06-12T14:00:00.000Z"},{"date":"2021-06-14","total_count":48,"lineage_count":8,"total_count_rolling":40.57142857142857,"lineage_count_rolling":8.571428571428571,"proportion":0.2112676056338028,"proportion_ci_lower":0.11454702457008827,"proportion_ci_upper":0.36247575043612146,"dateTime":"2021-06-13T14:00:00.000Z"},{"date":"2021-06-15","total_count":40,"lineage_count":8,"total_count_rolling":37.714285714285715,"lineage_count_rolling":7.428571428571429,"proportion":0.19696969696969696,"proportion_ci_lower":0.08637854481884068,"proportion_ci_upper":0.3280056308056998,"dateTime":"2021-06-14T14:00:00.000Z"},{"date":"2021-06-16","total_count":44,"lineage_count":10,"total_count_rolling":39.142857142857146,"lineage_count_rolling":8.142857142857142,"proportion":0.20802919708029194,"proportion_ci_lower":0.10206193746040886,"proportion_ci_upper":0.350086962927313,"dateTime":"2021-06-15T14:00:00.000Z"},{"date":"2021-06-17","total_count":30,"lineage_count":6,"total_count_rolling":41,"lineage_count_rolling":8,"proportion":0.1951219512195122,"proportion_ci_lower":0.09682433497025097,"proportion_ci_upper":0.3346974003090665,"dateTime":"2021-06-16T14:00:00.000Z"},{"date":"2021-06-18","total_count":11,"lineage_count":2,"total_count_rolling":38.57142857142857,"lineage_count_rolling":8.285714285714286,"proportion":0.21481481481481485,"proportion_ci_lower":0.10206193746040886,"proportion_ci_upper":0.350086962927313,"dateTime":"2021-06-17T14:00:00.000Z"},{"date":"2021-06-19","total_count":21,"lineage_count":0,"total_count_rolling":38.285714285714285,"lineage_count_rolling":7.571428571428571,"proportion":0.19776119402985073,"proportion_ci_lower":0.104899722587101,"proportion_ci_upper":0.3583184294870171,"dateTime":"2021-06-18T14:00:00.000Z"},{"date":"2021-06-20","total_count":33,"lineage_count":9,"total_count_rolling":32.42857142857143,"lineage_count_rolling":6.142857142857143,"proportion":0.1894273127753304,"proportion_ci_lower":0.08226841351698476,"proportion_ci_upper":0.3462954143339956,"dateTime":"2021-06-19T14:00:00.000Z"},{"date":"2021-06-21","total_count":77,"lineage_count":23,"total_count_rolling":36.57142857142857,"lineage_count_rolling":8.285714285714286,"proportion":0.22656250000000003,"proportion_ci_lower":0.10790029071267147,"proportion_ci_upper":0.36694119167607553,"dateTime":"2021-06-20T14:00:00.000Z"},{"date":"2021-06-22","total_count":27,"lineage_count":3,"total_count_rolling":34.714285714285715,"lineage_count_rolling":7.571428571428571,"proportion":0.21810699588477364,"proportion_ci_lower":0.1144494140840772,"proportion_ci_upper":0.3854755638364983,"dateTime":"2021-06-21T14:00:00.000Z"},{"date":"2021-06-23","total_count":34,"lineage_count":10,"total_count_rolling":33.285714285714285,"lineage_count_rolling":7.571428571428571,"proportion":0.22746781115879827,"proportion_ci_lower":0.12184805554013195,"proportion_ci_upper":0.4059487229981239,"dateTime":"2021-06-22T14:00:00.000Z"},{"date":"2021-06-24","total_count":37,"lineage_count":11,"total_count_rolling":34.285714285714285,"lineage_count_rolling":8.285714285714286,"proportion":0.2416666666666667,"proportion_ci_lower":0.11803250178111283,"proportion_ci_upper":0.39545166699464185,"dateTime":"2021-06-23T14:00:00.000Z"},{"date":"2021-06-25","total_count":19,"lineage_count":6,"total_count_rolling":35.42857142857143,"lineage_count_rolling":8.857142857142858,"proportion":0.25,"proportion_ci_lower":0.13553243667479797,"proportion_ci_upper":0.41705417508808207,"dateTime":"2021-06-24T14:00:00.000Z"},{"date":"2021-06-26","total_count":10,"lineage_count":2,"total_count_rolling":33.857142857142854,"lineage_count_rolling":9.142857142857142,"proportion":0.27004219409282704,"proportion_ci_lower":0.13980454087160055,"proportion_ci_upper":0.42775882047701363,"dateTime":"2021-06-25T14:00:00.000Z"},{"date":"2021-06-27","total_count":42,"lineage_count":10,"total_count_rolling":35.142857142857146,"lineage_count_rolling":9.285714285714286,"proportion":0.26422764227642276,"proportion_ci_lower":0.13553243667479797,"proportion_ci_upper":0.41705417508808207,"dateTime":"2021-06-26T14:00:00.000Z"},{"date":"2021-06-28","total_count":66,"lineage_count":24,"total_count_rolling":33.57142857142857,"lineage_count_rolling":9.428571428571429,"proportion":0.28085106382978725,"proportion_ci_lower":0.13980454087160055,"proportion_ci_upper":0.42775882047701363,"dateTime":"2021-06-27T14:00:00.000Z"},{"date":"2021-06-29","total_count":8,"lineage_count":2,"total_count_rolling":30.857142857142858,"lineage_count_rolling":9.285714285714286,"proportion":0.30092592592592593,"proportion_ci_lower":0.1544154661296998,"proportion_ci_upper":0.46335922720573786,"dateTime":"2021-06-28T14:00:00.000Z"},{"date":"2021-06-30","total_count":5,"lineage_count":0,"total_count_rolling":26.714285714285715,"lineage_count_rolling":7.857142857142857,"proportion":0.2941176470588235,"proportion_ci_lower":0.15120604980937496,"proportion_ci_upper":0.48248463508898454,"dateTime":"2021-06-29T14:00:00.000Z"}]			
"P.2"	"pangolin_lineage=P.2"	"Variant of Interest"	{"pango":"P.2","loc":[],"selected":"CHL"}	[]			
"P.3"	"pangolin_lineage=P.3"	"Variant of Interest"	{"pango":"P.3","loc":[],"selected":"CHL"}	[]			
"B.1.619"	"pangolin_lineage=B.1.619"	"Custom Lineages & Mutations"	{"pango":"B.1.619"}	[]		"pango"	"B.1.619"
"B.1.620"	"pangolin_lineage=B.1.620"	"Custom Lineages & Mutations"	{"pango":"B.1.620"}	[]		"pango"	"B.1.620"
"B.1.621"	"pangolin_lineage=B.1.621"	"Custom Lineages & Mutations"	{"pango":"B.1.621"}	[]		"pango"	"B.1.621"
