label	query	variantType	route	data	source	type	qParam
"AY.1"	"pangolin_lineage=AY.1"	"Variant of Concern"	{"pango":"AY.1","loc":[],"selected":"THA"}	[]			
"AY.2"	"pangolin_lineage=AY.2"	"Variant of Concern"	{"pango":"AY.2","loc":[],"selected":"THA"}	[]			
"AY.3"	"pangolin_lineage=AY.3"	"Variant of Concern"	{"pango":"AY.3","loc":[],"selected":"THA"}	[]			
"B.1.1.7"	"pangolin_lineage=B.1.1.7"	"Variant of Concern"	{"pango":"B.1.1.7","loc":[],"selected":"THA"}	[]			
"B.1.1.7 + S:E484K"	"pangolin_lineage=B.1.1.7&mutations=S:E484K"	"Variant of Concern"	{"pango":"B.1.1.7","muts":["S:E484K"],"loc":[],"selected":"THA"}	[]			
"B.1.351"	"pangolin_lineage=B.1.351"	"Variant of Concern"	{"pango":"B.1.351","selected":"THA","loc":[]}	[{"date":"2021-02-03","total_count":1,"lineage_count":1,"total_count_rolling":1,"lineage_count_rolling":1,"proportion":1,"proportion_ci_lower":0.14674631630957516,"proportion_ci_upper":0.9996144190192441,"dateTime":"2021-02-02T13:00:00.000Z"},{"date":"2021-02-04","total_count":5,"lineage_count":0,"total_count_rolling":3,"lineage_count_rolling":0.5,"proportion":0.16666666666666666,"proportion_ci_lower":0.00015063602543656854,"proportion_ci_upper":0.5355832430429506,"dateTime":"2021-02-03T13:00:00.000Z"},{"date":"2021-02-05","total_count":1,"lineage_count":1,"total_count_rolling":2.3333333333333335,"lineage_count_rolling":0.6666666666666666,"proportion":0.2857142857142857,"proportion_ci_lower":0.06083027592009738,"proportion_ci_upper":0.9391697240799026,"dateTime":"2021-02-04T13:00:00.000Z"},{"date":"2021-02-08","total_count":3,"lineage_count":0,"total_count_rolling":2.5,"lineage_count_rolling":0.5,"proportion":0.2,"proportion_ci_lower":0.00021690847003096627,"proportion_ci_upper":0.6668217544012093,"dateTime":"2021-02-07T13:00:00.000Z"},{"date":"2021-02-09","total_count":27,"lineage_count":0,"total_count_rolling":7.4,"lineage_count_rolling":0.4,"proportion":0.05405405405405406,"proportion_ci_lower":0.00006768646424383031,"proportion_ci_upper":0.29243617366230995,"dateTime":"2021-02-08T13:00:00.000Z"},{"date":"2021-02-10","total_count":3,"lineage_count":0,"total_count_rolling":7.8,"lineage_count_rolling":0.2,"proportion":0.025641025641025644,"proportion_ci_lower":0.00005949030289440227,"proportion_ci_upper":0.26221724871718577,"dateTime":"2021-02-09T13:00:00.000Z"},{"date":"2021-02-11","total_count":18,"lineage_count":0,"total_count_rolling":10.4,"lineage_count_rolling":0.2,"proportion":0.019230769230769232,"proportion_ci_lower":0.00004789043315758197,"proportion_ci_upper":0.21719626750921056,"dateTime":"2021-02-10T13:00:00.000Z"},{"date":"2021-02-12","total_count":3,"lineage_count":2,"total_count_rolling":10.8,"lineage_count_rolling":0.4,"proportion":0.037037037037037035,"proportion_ci_lower":0.00004363579814218975,"proportion_ci_upper":0.19999456902620805,"dateTime":"2021-02-11T13:00:00.000Z"},{"date":"2021-02-13","total_count":4,"lineage_count":0,"total_count_rolling":9.666666666666666,"lineage_count_rolling":0.3333333333333333,"proportion":0.034482758620689655,"proportion_ci_lower":0.00004789043315758197,"proportion_ci_upper":0.21719626750921056,"dateTime":"2021-02-12T13:00:00.000Z"},{"date":"2021-02-14","total_count":4,"lineage_count":0,"total_count_rolling":8.857142857142858,"lineage_count_rolling":0.2857142857142857,"proportion":0.03225806451612903,"proportion_ci_lower":0.00005306405341849297,"proportion_ci_upper":0.23761009863290297,"dateTime":"2021-02-13T13:00:00.000Z"},{"date":"2021-02-15","total_count":21,"lineage_count":0,"total_count_rolling":11.428571428571429,"lineage_count_rolling":0.2857142857142857,"proportion":0.024999999999999998,"proportion_ci_lower":0.00004363579814218975,"proportion_ci_upper":0.19999456902620805,"dateTime":"2021-02-14T13:00:00.000Z"},{"date":"2021-02-16","total_count":7,"lineage_count":0,"total_count_rolling":8.571428571428571,"lineage_count_rolling":0.2857142857142857,"proportion":0.03333333333333333,"proportion_ci_lower":0.00005306405341849297,"proportion_ci_upper":0.23761009863290297,"dateTime":"2021-02-15T13:00:00.000Z"},{"date":"2021-02-17","total_count":2,"lineage_count":0,"total_count_rolling":8.428571428571429,"lineage_count_rolling":0.2857142857142857,"proportion":0.03389830508474576,"proportion_ci_lower":0.00005949030289440227,"proportion_ci_upper":0.26221724871718577,"dateTime":"2021-02-16T13:00:00.000Z"},{"date":"2021-02-18","total_count":4,"lineage_count":0,"total_count_rolling":6.428571428571429,"lineage_count_rolling":0.2857142857142857,"proportion":0.04444444444444444,"proportion_ci_lower":0.0000784998483662081,"proportion_ci_upper":0.33038890915155017,"dateTime":"2021-02-17T13:00:00.000Z"},{"date":"2021-02-22","total_count":2,"lineage_count":0,"total_count_rolling":3.75,"lineage_count_rolling":0,"proportion":0,"proportion_ci_lower":0.000115332788238275,"proportion_ci_upper":0.4447626176576397,"dateTime":"2021-02-21T13:00:00.000Z"},{"date":"2021-02-23","total_count":1,"lineage_count":0,"total_count_rolling":2.25,"lineage_count_rolling":0,"proportion":0,"proportion_ci_lower":0.00021690847003096627,"proportion_ci_upper":0.6668217544012093,"dateTime":"2021-02-22T13:00:00.000Z"},{"date":"2021-02-24","total_count":6,"lineage_count":0,"total_count_rolling":3.25,"lineage_count_rolling":0,"proportion":0,"proportion_ci_lower":0.00015063602543656854,"proportion_ci_upper":0.5355832430429506,"dateTime":"2021-02-23T13:00:00.000Z"},{"date":"2021-03-01","total_count":1,"lineage_count":0,"total_count_rolling":2.6666666666666665,"lineage_count_rolling":0,"proportion":0,"proportion_ci_lower":0.00015063602543656854,"proportion_ci_upper":0.5355832430429506,"dateTime":"2021-02-28T13:00:00.000Z"},{"date":"2021-03-03","total_count":3,"lineage_count":0,"total_count_rolling":2,"lineage_count_rolling":0,"proportion":0,"proportion_ci_lower":0.00021690847003096627,"proportion_ci_upper":0.6668217544012093,"dateTime":"2021-03-02T13:00:00.000Z"},{"date":"2021-03-05","total_count":1,"lineage_count":0,"total_count_rolling":1.6666666666666667,"lineage_count_rolling":0,"proportion":0,"proportion_ci_lower":0.00021690847003096627,"proportion_ci_upper":0.6668217544012093,"dateTime":"2021-03-04T13:00:00.000Z"},{"date":"2021-03-06","total_count":3,"lineage_count":0,"total_count_rolling":2,"lineage_count_rolling":0,"proportion":0,"proportion_ci_lower":0.00021690847003096627,"proportion_ci_upper":0.6668217544012093,"dateTime":"2021-03-05T13:00:00.000Z"},{"date":"2021-03-09","total_count":2,"lineage_count":0,"total_count_rolling":2.25,"lineage_count_rolling":0,"proportion":0,"proportion_ci_lower":0.00021690847003096627,"proportion_ci_upper":0.6668217544012093,"dateTime":"2021-03-08T13:00:00.000Z"},{"date":"2021-03-10","total_count":1,"lineage_count":0,"total_count_rolling":1.75,"lineage_count_rolling":0,"proportion":0,"proportion_ci_lower":0.00021690847003096627,"proportion_ci_upper":0.6668217544012093,"dateTime":"2021-03-09T13:00:00.000Z"},{"date":"2021-03-11","total_count":10,"lineage_count":0,"total_count_rolling":3.4,"lineage_count_rolling":0,"proportion":0,"proportion_ci_lower":0.00015063602543656854,"proportion_ci_upper":0.5355832430429506,"dateTime":"2021-03-10T13:00:00.000Z"},{"date":"2021-03-12","total_count":5,"lineage_count":0,"total_count_rolling":4.2,"lineage_count_rolling":0,"proportion":0,"proportion_ci_lower":0.000115332788238275,"proportion_ci_upper":0.4447626176576397,"dateTime":"2021-03-11T13:00:00.000Z"},{"date":"2021-03-15","total_count":4,"lineage_count":0,"total_count_rolling":4.4,"lineage_count_rolling":0,"proportion":0,"proportion_ci_lower":0.000115332788238275,"proportion_ci_upper":0.4447626176576397,"dateTime":"2021-03-14T13:00:00.000Z"},{"date":"2021-03-16","total_count":3,"lineage_count":2,"total_count_rolling":4.6,"lineage_count_rolling":0.4,"proportion":0.08695652173913045,"proportion_ci_lower":0.0000934206000395449,"proportion_ci_upper":0.37937714229903935,"dateTime":"2021-03-15T13:00:00.000Z"},{"date":"2021-03-17","total_count":1,"lineage_count":0,"total_count_rolling":4.6,"lineage_count_rolling":0.4,"proportion":0.08695652173913045,"proportion_ci_lower":0.0000934206000395449,"proportion_ci_upper":0.37937714229903935,"dateTime":"2021-03-16T13:00:00.000Z"},{"date":"2021-03-20","total_count":2,"lineage_count":0,"total_count_rolling":2.5,"lineage_count_rolling":0.5,"proportion":0.2,"proportion_ci_lower":0.00021690847003096627,"proportion_ci_upper":0.6668217544012093,"dateTime":"2021-03-19T13:00:00.000Z"},{"date":"2021-03-21","total_count":1,"lineage_count":0,"total_count_rolling":2.2,"lineage_count_rolling":0.4,"proportion":0.18181818181818182,"proportion_ci_lower":0.00021690847003096627,"proportion_ci_upper":0.6668217544012093,"dateTime":"2021-03-20T13:00:00.000Z"},{"date":"2021-03-22","total_count":2,"lineage_count":0,"total_count_rolling":1.8,"lineage_count_rolling":0.4,"proportion":0.22222222222222224,"proportion_ci_lower":0.00021690847003096627,"proportion_ci_upper":0.6668217544012093,"dateTime":"2021-03-21T13:00:00.000Z"},{"date":"2021-03-28","total_count":2,"lineage_count":0,"total_count_rolling":2,"lineage_count_rolling":0,"proportion":0,"proportion_ci_lower":0.00021690847003096627,"proportion_ci_upper":0.6668217544012093,"dateTime":"2021-03-27T13:00:00.000Z"},{"date":"2021-04-03","total_count":17,"lineage_count":0,"total_count_rolling":9.5,"lineage_count_rolling":0,"proportion":0,"proportion_ci_lower":0.00004789043315758197,"proportion_ci_upper":0.21719626750921056,"dateTime":"2021-04-02T13:00:00.000Z"},{"date":"2021-04-04","total_count":2,"lineage_count":0,"total_count_rolling":9.5,"lineage_count_rolling":0,"proportion":0,"proportion_ci_lower":0.00004789043315758197,"proportion_ci_upper":0.21719626750921056,"dateTime":"2021-04-03T13:00:00.000Z"},{"date":"2021-04-05","total_count":14,"lineage_count":1,"total_count_rolling":11,"lineage_count_rolling":0.3333333333333333,"proportion":0.0303030303030303,"proportion_ci_lower":0.00004363579814218975,"proportion_ci_upper":0.19999456902620805,"dateTime":"2021-04-04T14:00:00.000Z"},{"date":"2021-04-06","total_count":1,"lineage_count":0,"total_count_rolling":8.5,"lineage_count_rolling":0.25,"proportion":0.029411764705882353,"proportion_ci_lower":0.00005949030289440227,"proportion_ci_upper":0.26221724871718577,"dateTime":"2021-04-05T14:00:00.000Z"},{"date":"2021-04-07","total_count":17,"lineage_count":0,"total_count_rolling":10.2,"lineage_count_rolling":0.2,"proportion":0.019607843137254905,"proportion_ci_lower":0.00004789043315758197,"proportion_ci_upper":0.21719626750921056,"dateTime":"2021-04-06T14:00:00.000Z"},{"date":"2021-04-09","total_count":1,"lineage_count":0,"total_count_rolling":8.666666666666666,"lineage_count_rolling":0.16666666666666666,"proportion":0.019230769230769232,"proportion_ci_lower":0.00005306405341849297,"proportion_ci_upper":0.23761009863290297,"dateTime":"2021-04-08T14:00:00.000Z"},{"date":"2021-04-13","total_count":49,"lineage_count":0,"total_count_rolling":22.333333333333332,"lineage_count_rolling":0,"proportion":0,"proportion_ci_lower":0.000022067332398350842,"proportion_ci_upper":0.10673971791178566,"dateTime":"2021-04-12T14:00:00.000Z"},{"date":"2021-04-15","total_count":2,"lineage_count":0,"total_count_rolling":17.333333333333332,"lineage_count_rolling":0,"proportion":0,"proportion_ci_lower":0.000028462377723109497,"proportion_ci_upper":0.1354784378916884,"dateTime":"2021-04-14T14:00:00.000Z"},{"date":"2021-04-17","total_count":1,"lineage_count":0,"total_count_rolling":17.333333333333332,"lineage_count_rolling":0,"proportion":0,"proportion_ci_lower":0.000028462377723109497,"proportion_ci_upper":0.1354784378916884,"dateTime":"2021-04-16T14:00:00.000Z"},{"date":"2021-04-18","total_count":3,"lineage_count":0,"total_count_rolling":13.75,"lineage_count_rolling":0,"proportion":0,"proportion_ci_lower":0.00003445267180200587,"proportion_ci_upper":0.16155330451419395,"dateTime":"2021-04-17T14:00:00.000Z"},{"date":"2021-04-19","total_count":2,"lineage_count":0,"total_count_rolling":11.4,"lineage_count_rolling":0,"proportion":0,"proportion_ci_lower":0.00004363579814218975,"proportion_ci_upper":0.19999456902620805,"dateTime":"2021-04-18T14:00:00.000Z"},{"date":"2021-04-20","total_count":3,"lineage_count":0,"total_count_rolling":2.2,"lineage_count_rolling":0,"proportion":0,"proportion_ci_lower":0.00021690847003096627,"proportion_ci_upper":0.6668217544012093,"dateTime":"2021-04-19T14:00:00.000Z"},{"date":"2021-04-21","total_count":3,"lineage_count":0,"total_count_rolling":2.3333333333333335,"lineage_count_rolling":0,"proportion":0,"proportion_ci_lower":0.00021690847003096627,"proportion_ci_upper":0.6668217544012093,"dateTime":"2021-04-20T14:00:00.000Z"},{"date":"2021-04-22","total_count":1,"lineage_count":0,"total_count_rolling":2.1666666666666665,"lineage_count_rolling":0,"proportion":0,"proportion_ci_lower":0.00021690847003096627,"proportion_ci_upper":0.6668217544012093,"dateTime":"2021-04-21T14:00:00.000Z"},{"date":"2021-04-23","total_count":5,"lineage_count":0,"total_count_rolling":2.5714285714285716,"lineage_count_rolling":0,"proportion":0,"proportion_ci_lower":0.00015063602543656854,"proportion_ci_upper":0.5355832430429506,"dateTime":"2021-04-22T14:00:00.000Z"},{"date":"2021-04-24","total_count":1,"lineage_count":0,"total_count_rolling":2.5714285714285716,"lineage_count_rolling":0,"proportion":0,"proportion_ci_lower":0.00015063602543656854,"proportion_ci_upper":0.5355832430429506,"dateTime":"2021-04-23T14:00:00.000Z"},{"date":"2021-04-26","total_count":1,"lineage_count":0,"total_count_rolling":2.3333333333333335,"lineage_count_rolling":0,"proportion":0,"proportion_ci_lower":0.00021690847003096627,"proportion_ci_upper":0.6668217544012093,"dateTime":"2021-04-25T14:00:00.000Z"},{"date":"2021-04-27","total_count":8,"lineage_count":0,"total_count_rolling":3.1666666666666665,"lineage_count_rolling":0,"proportion":0,"proportion_ci_lower":0.00015063602543656854,"proportion_ci_upper":0.5355832430429506,"dateTime":"2021-04-26T14:00:00.000Z"},{"date":"2021-04-29","total_count":1,"lineage_count":0,"total_count_rolling":3.2,"lineage_count_rolling":0,"proportion":0,"proportion_ci_lower":0.00015063602543656854,"proportion_ci_upper":0.5355832430429506,"dateTime":"2021-04-28T14:00:00.000Z"},{"date":"2021-04-30","total_count":6,"lineage_count":0,"total_count_rolling":3.4,"lineage_count_rolling":0,"proportion":0,"proportion_ci_lower":0.00015063602543656854,"proportion_ci_upper":0.5355832430429506,"dateTime":"2021-04-29T14:00:00.000Z"},{"date":"2021-05-02","total_count":6,"lineage_count":0,"total_count_rolling":4.4,"lineage_count_rolling":0,"proportion":0,"proportion_ci_lower":0.000115332788238275,"proportion_ci_upper":0.4447626176576397,"dateTime":"2021-05-01T14:00:00.000Z"},{"date":"2021-05-03","total_count":4,"lineage_count":1,"total_count_rolling":5,"lineage_count_rolling":0.2,"proportion":0.04,"proportion_ci_lower":0.0000934206000395449,"proportion_ci_upper":0.37937714229903935,"dateTime":"2021-05-02T14:00:00.000Z"},{"date":"2021-05-04","total_count":17,"lineage_count":0,"total_count_rolling":6.8,"lineage_count_rolling":0.2,"proportion":0.029411764705882356,"proportion_ci_lower":0.00006768646424383031,"proportion_ci_upper":0.29243617366230995,"dateTime":"2021-05-03T14:00:00.000Z"},{"date":"2021-05-05","total_count":11,"lineage_count":0,"total_count_rolling":7.5,"lineage_count_rolling":0.16666666666666666,"proportion":0.02222222222222222,"proportion_ci_lower":0.00005949030289440227,"proportion_ci_upper":0.26221724871718577,"dateTime":"2021-05-04T14:00:00.000Z"},{"date":"2021-05-06","total_count":27,"lineage_count":3,"total_count_rolling":11.833333333333334,"lineage_count_rolling":0.6666666666666666,"proportion":0.05633802816901408,"proportion_ci_lower":0.009144326234148487,"proportion_ci_upper":0.32849572640058833,"dateTime":"2021-05-05T14:00:00.000Z"},{"date":"2021-05-07","total_count":49,"lineage_count":0,"total_count_rolling":19,"lineage_count_rolling":0.6666666666666666,"proportion":0.03508771929824561,"proportion_ci_lower":0.005738899484810237,"proportion_ci_upper":0.22072924806695837,"dateTime":"2021-05-06T14:00:00.000Z"},{"date":"2021-05-08","total_count":82,"lineage_count":2,"total_count_rolling":28,"lineage_count_rolling":0.8571428571428571,"proportion":0.030612244897959183,"proportion_ci_lower":0.0038809272881955006,"proportion_ci_upper":0.15504541199610367,"dateTime":"2021-05-07T14:00:00.000Z"},{"date":"2021-05-09","total_count":10,"lineage_count":4,"total_count_rolling":28.571428571428573,"lineage_count_rolling":1.4285714285714286,"proportion":0.049999999999999996,"proportion_ci_lower":0.003746173649057076,"proportion_ci_upper":0.1500776860022317,"dateTime":"2021-05-08T14:00:00.000Z"},{"date":"2021-05-10","total_count":14,"lineage_count":0,"total_count_rolling":30,"lineage_count_rolling":1.2857142857142858,"proportion":0.04285714285714286,"proportion_ci_lower":0.003620464373791665,"proportion_ci_upper":0.14541777735402006,"dateTime":"2021-05-09T14:00:00.000Z"},{"date":"2021-05-11","total_count":52,"lineage_count":1,"total_count_rolling":35,"lineage_count_rolling":1.4285714285714286,"proportion":0.04081632653061225,"proportion_ci_lower":0.003100291936646488,"proportion_ci_upper":0.12586989440837926,"dateTime":"2021-05-10T14:00:00.000Z"},{"date":"2021-05-12","total_count":45,"lineage_count":3,"total_count_rolling":39.857142857142854,"lineage_count_rolling":1.8571428571428572,"proportion":0.04659498207885305,"proportion_ci_lower":0.010534485022236683,"proportion_ci_upper":0.1508650512346793,"dateTime":"2021-05-11T14:00:00.000Z"},{"date":"2021-05-13","total_count":44,"lineage_count":10,"total_count_rolling":42.285714285714285,"lineage_count_rolling":2.857142857142857,"proportion":0.06756756756756757,"proportion_ci_lower":0.020527921320807073,"proportion_ci_upper":0.17850541668744102,"dateTime":"2021-05-12T14:00:00.000Z"},{"date":"2021-05-14","total_count":53,"lineage_count":0,"total_count_rolling":42.857142857142854,"lineage_count_rolling":2.857142857142857,"proportion":0.06666666666666668,"proportion_ci_lower":0.020040880111349323,"proportion_ci_upper":0.17462140997027242,"dateTime":"2021-05-13T14:00:00.000Z"},{"date":"2021-05-15","total_count":83,"lineage_count":0,"total_count_rolling":43,"lineage_count_rolling":2.5714285714285716,"proportion":0.059800664451827246,"proportion_ci_lower":0.020040880111349323,"proportion_ci_upper":0.17462140997027242,"dateTime":"2021-05-14T14:00:00.000Z"},{"date":"2021-05-16","total_count":43,"lineage_count":0,"total_count_rolling":47.714285714285715,"lineage_count_rolling":2,"proportion":0.041916167664670656,"proportion_ci_lower":0.00875827533255928,"proportion_ci_upper":0.12701017603140674,"dateTime":"2021-05-15T14:00:00.000Z"},{"date":"2021-05-17","total_count":20,"lineage_count":0,"total_count_rolling":48.57142857142857,"lineage_count_rolling":2,"proportion":0.041176470588235294,"proportion_ci_lower":0.008577499009341927,"proportion_ci_upper":0.12454778264448141,"dateTime":"2021-05-16T14:00:00.000Z"},{"date":"2021-05-18","total_count":12,"lineage_count":0,"total_count_rolling":42.857142857142854,"lineage_count_rolling":1.8571428571428572,"proportion":0.043333333333333335,"proportion_ci_lower":0.009789936239028508,"proportion_ci_upper":0.1409401407713926,"dateTime":"2021-05-17T14:00:00.000Z"},{"date":"2021-05-19","total_count":21,"lineage_count":4,"total_count_rolling":39.42857142857143,"lineage_count_rolling":2,"proportion":0.05072463768115942,"proportion_ci_lower":0.010808493187614737,"proportion_ci_upper":0.15449078684500717,"dateTime":"2021-05-18T14:00:00.000Z"},{"date":"2021-05-20","total_count":40,"lineage_count":1,"total_count_rolling":38.857142857142854,"lineage_count_rolling":0.7142857142857143,"proportion":0.01838235294117647,"proportion_ci_lower":0.0027806827312536085,"proportion_ci_upper":0.11364396963309498,"dateTime":"2021-05-19T14:00:00.000Z"},{"date":"2021-05-21","total_count":12,"lineage_count":0,"total_count_rolling":33,"lineage_count_rolling":0.7142857142857143,"proportion":0.021645021645021644,"proportion_ci_lower":0.003289329622616079,"proportion_ci_upper":0.1330236728178359,"dateTime":"2021-05-20T14:00:00.000Z"},{"date":"2021-05-22","total_count":18,"lineage_count":0,"total_count_rolling":23.714285714285715,"lineage_count_rolling":0.7142857142857143,"proportion":0.030120481927710843,"proportion_ci_lower":0.004533190127271505,"proportion_ci_upper":0.17869491879897315,"dateTime":"2021-05-21T14:00:00.000Z"},{"date":"2021-05-23","total_count":24,"lineage_count":0,"total_count_rolling":21,"lineage_count_rolling":0.7142857142857143,"proportion":0.034013605442176874,"proportion_ci_lower":0.005187043107902128,"proportion_ci_upper":0.2017559683216834,"dateTime":"2021-05-22T14:00:00.000Z"},{"date":"2021-05-24","total_count":11,"lineage_count":0,"total_count_rolling":19.714285714285715,"lineage_count_rolling":0.7142857142857143,"proportion":0.036231884057971016,"proportion_ci_lower":0.005449032581426602,"proportion_ci_upper":0.21081863624926522,"dateTime":"2021-05-23T14:00:00.000Z"},{"date":"2021-05-25","total_count":15,"lineage_count":3,"total_count_rolling":20.142857142857142,"lineage_count_rolling":1.1428571428571428,"proportion":0.05673758865248227,"proportion_ci_lower":0.005449032581426602,"proportion_ci_upper":0.21081863624926522,"dateTime":"2021-05-24T14:00:00.000Z"},{"date":"2021-05-26","total_count":16,"lineage_count":0,"total_count_rolling":19.428571428571427,"lineage_count_rolling":0.5714285714285714,"proportion":0.029411764705882353,"proportion_ci_lower":0.005738899484810237,"proportion_ci_upper":0.22072924806695837,"dateTime":"2021-05-25T14:00:00.000Z"},{"date":"2021-05-27","total_count":15,"lineage_count":0,"total_count_rolling":15.857142857142858,"lineage_count_rolling":0.42857142857142855,"proportion":0.027027027027027025,"proportion_ci_lower":0.000030213479978023642,"proportion_ci_upper":0.1431841379314448,"dateTime":"2021-05-26T14:00:00.000Z"},{"date":"2021-05-29","total_count":3,"lineage_count":0,"total_count_rolling":14,"lineage_count_rolling":0.5,"proportion":0.03571428571428571,"proportion_ci_lower":0.00003445267180200587,"proportion_ci_upper":0.16155330451419395,"dateTime":"2021-05-28T14:00:00.000Z"},{"date":"2021-06-02","total_count":7,"lineage_count":0,"total_count_rolling":8.333333333333334,"lineage_count_rolling":0,"proportion":0,"proportion_ci_lower":0.00005949030289440227,"proportion_ci_upper":0.26221724871718577,"dateTime":"2021-06-01T14:00:00.000Z"},{"date":"2021-06-04","total_count":2,"lineage_count":0,"total_count_rolling":4,"lineage_count_rolling":0,"proportion":0,"proportion_ci_lower":0.000115332788238275,"proportion_ci_upper":0.4447626176576397,"dateTime":"2021-06-03T14:00:00.000Z"},{"date":"2021-06-06","total_count":2,"lineage_count":0,"total_count_rolling":3.6666666666666665,"lineage_count_rolling":0,"proportion":0,"proportion_ci_lower":0.000115332788238275,"proportion_ci_upper":0.4447626176576397,"dateTime":"2021-06-05T14:00:00.000Z"},{"date":"2021-06-07","total_count":1,"lineage_count":0,"total_count_rolling":3,"lineage_count_rolling":0,"proportion":0,"proportion_ci_lower":0.00015063602543656854,"proportion_ci_upper":0.5355832430429506,"dateTime":"2021-06-06T14:00:00.000Z"},{"date":"2021-06-08","total_count":11,"lineage_count":0,"total_count_rolling":4.6,"lineage_count_rolling":0,"proportion":0,"proportion_ci_lower":0.0000934206000395449,"proportion_ci_upper":0.37937714229903935,"dateTime":"2021-06-07T14:00:00.000Z"},{"date":"2021-06-11","total_count":1,"lineage_count":0,"total_count_rolling":3.75,"lineage_count_rolling":0,"proportion":0,"proportion_ci_lower":0.000115332788238275,"proportion_ci_upper":0.4447626176576397,"dateTime":"2021-06-10T14:00:00.000Z"},{"date":"2021-06-12","total_count":1,"lineage_count":0,"total_count_rolling":3.2,"lineage_count_rolling":0,"proportion":0,"proportion_ci_lower":0.00015063602543656854,"proportion_ci_upper":0.5355832430429506,"dateTime":"2021-06-11T14:00:00.000Z"},{"date":"2021-06-13","total_count":1,"lineage_count":0,"total_count_rolling":3,"lineage_count_rolling":0,"proportion":0,"proportion_ci_lower":0.00015063602543656854,"proportion_ci_upper":0.5355832430429506,"dateTime":"2021-06-12T14:00:00.000Z"},{"date":"2021-06-15","total_count":10,"lineage_count":1,"total_count_rolling":3.25,"lineage_count_rolling":0.25,"proportion":0.07692307692307693,"proportion_ci_lower":0.00015063602543656854,"proportion_ci_upper":0.5355832430429506,"dateTime":"2021-06-14T14:00:00.000Z"},{"date":"2021-06-17","total_count":1,"lineage_count":0,"total_count_rolling":2.8,"lineage_count_rolling":0.2,"proportion":0.07142857142857144,"proportion_ci_lower":0.00015063602543656854,"proportion_ci_upper":0.5355832430429506,"dateTime":"2021-06-16T14:00:00.000Z"},{"date":"2021-06-18","total_count":7,"lineage_count":0,"total_count_rolling":4,"lineage_count_rolling":0.2,"proportion":0.05,"proportion_ci_lower":0.000115332788238275,"proportion_ci_upper":0.4447626176576397,"dateTime":"2021-06-17T14:00:00.000Z"},{"date":"2021-06-19","total_count":6,"lineage_count":0,"total_count_rolling":5,"lineage_count_rolling":0.2,"proportion":0.04,"proportion_ci_lower":0.0000934206000395449,"proportion_ci_upper":0.37937714229903935,"dateTime":"2021-06-18T14:00:00.000Z"},{"date":"2021-06-20","total_count":13,"lineage_count":0,"total_count_rolling":7.4,"lineage_count_rolling":0.2,"proportion":0.02702702702702703,"proportion_ci_lower":0.00006768646424383031,"proportion_ci_upper":0.29243617366230995,"dateTime":"2021-06-19T14:00:00.000Z"},{"date":"2021-06-21","total_count":4,"lineage_count":0,"total_count_rolling":6.833333333333333,"lineage_count_rolling":0.16666666666666666,"proportion":0.024390243902439025,"proportion_ci_lower":0.00006768646424383031,"proportion_ci_upper":0.29243617366230995,"dateTime":"2021-06-20T14:00:00.000Z"},{"date":"2021-06-23","total_count":1,"lineage_count":0,"total_count_rolling":5.333333333333333,"lineage_count_rolling":0,"proportion":0,"proportion_ci_lower":0.0000934206000395449,"proportion_ci_upper":0.37937714229903935,"dateTime":"2021-06-22T14:00:00.000Z"},{"date":"2021-06-25","total_count":1,"lineage_count":0,"total_count_rolling":5,"lineage_count_rolling":0,"proportion":0,"proportion_ci_lower":0.0000934206000395449,"proportion_ci_upper":0.37937714229903935,"dateTime":"2021-06-24T14:00:00.000Z"},{"date":"2021-06-26","total_count":1,"lineage_count":0,"total_count_rolling":4,"lineage_count_rolling":0,"proportion":0,"proportion_ci_lower":0.000115332788238275,"proportion_ci_upper":0.4447626176576397,"dateTime":"2021-06-25T14:00:00.000Z"},{"date":"2021-06-28","total_count":1,"lineage_count":0,"total_count_rolling":1,"lineage_count_rolling":0,"proportion":0,"proportion_ci_lower":0.00038558098075590136,"proportion_ci_upper":0.8532536836904249,"dateTime":"2021-06-27T14:00:00.000Z"},{"date":"2021-06-29","total_count":2,"lineage_count":0,"total_count_rolling":1.2,"lineage_count_rolling":0,"proportion":0,"proportion_ci_lower":0.00038558098075590136,"proportion_ci_upper":0.8532536836904249,"dateTime":"2021-06-28T14:00:00.000Z"},{"date":"2021-06-30","total_count":5,"lineage_count":0,"total_count_rolling":2,"lineage_count_rolling":0,"proportion":0,"proportion_ci_lower":0.00021690847003096627,"proportion_ci_upper":0.6668217544012093,"dateTime":"2021-06-29T14:00:00.000Z"},{"date":"2021-07-01","total_count":7,"lineage_count":0,"total_count_rolling":2.8333333333333335,"lineage_count_rolling":0,"proportion":0,"proportion_ci_lower":0.00015063602543656854,"proportion_ci_upper":0.5355832430429506,"dateTime":"2021-06-30T14:00:00.000Z"},{"date":"2021-07-03","total_count":10,"lineage_count":0,"total_count_rolling":5,"lineage_count_rolling":0,"proportion":0,"proportion_ci_lower":0.0000934206000395449,"proportion_ci_upper":0.37937714229903935,"dateTime":"2021-07-02T14:00:00.000Z"}]			
"B.1.617.2"	"pangolin_lineage=B.1.617.2"	"Variant of Concern"	{"pango":"B.1.617.2","loc":[],"selected":"THA"}	[]			
"P.1"	"pangolin_lineage=P.1"	"Variant of Concern"	{"pango":"P.1","selected":"THA","loc":[]}	[]			
"P.1.1"	"pangolin_lineage=P.1.1"	"Variant of Concern"	{"pango":"P.1.1","selected":"THA","loc":[]}	[]			
"P.1.2"	"pangolin_lineage=P.1.2"	"Variant of Concern"	{"pango":"P.1.2","selected":"THA","loc":[]}	[]			
"AV.1"	"pangolin_lineage=AV.1"	"Variant of Interest"	{"pango":"AV.1","loc":["THA"],"selected":"THA"}	[]			
"B.1.1.318"	"pangolin_lineage=B.1.1.318"	"Variant of Interest"	{"pango":"B.1.1.318","selected":"THA","loc":[]}	[]			
"B.1.427"	"pangolin_lineage=B.1.427"	"Variant of Interest"	{"pango":"B.1.427","loc":[],"selected":"THA"}	[]			
"B.1.429"	"pangolin_lineage=B.1.429"	"Variant of Interest"	{"pango":"B.1.429","loc":[],"selected":"THA"}	[]			
"B.1.525"	"pangolin_lineage=B.1.525"	"Variant of Interest"	{"pango":"B.1.525","selected":"THA","loc":[]}	[]			
"B.1.526"	"pangolin_lineage=B.1.526"	"Variant of Interest"	{"pango":"B.1.526","loc":[],"selected":"THA"}	[]			
"B.1.617.1"	"pangolin_lineage=B.1.617.1"	"Variant of Interest"	{"pango":"B.1.617.1","loc":[],"selected":"THA"}	[]			
"B.1.617.3"	"pangolin_lineage=B.1.617.3"	"Variant of Interest"	{"pango":"B.1.617.3","loc":[],"selected":"THA"}	[]			
"C.36.3"	"pangolin_lineage=C.36.3"	"Variant of Interest"	{"pango":"C.36.3","loc":[],"selected":"THA"}	[]			
"C.37"	"pangolin_lineage=C.37"	"Variant of Interest"	{"pango":"C.37","loc":[],"selected":"THA"}	[]			
"P.2"	"pangolin_lineage=P.2"	"Variant of Interest"	{"pango":"P.2","loc":[],"selected":"THA"}	[]			
"P.3"	"pangolin_lineage=P.3"	"Variant of Interest"	{"pango":"P.3","loc":[],"selected":"THA"}	[]			
"B.1.619"	"pangolin_lineage=B.1.619"	"Custom Lineages & Mutations"	{"pango":"B.1.619"}	[]		"pango"	"B.1.619"
"B.1.620"	"pangolin_lineage=B.1.620"	"Custom Lineages & Mutations"	{"pango":"B.1.620"}	[]		"pango"	"B.1.620"
"B.1.621"	"pangolin_lineage=B.1.621"	"Custom Lineages & Mutations"	{"pango":"B.1.621"}	[]		"pango"	"B.1.621"
