label	query	variantType	route	data	source	type	qParam
"AY.1"	"pangolin_lineage=AY.1"	"Variant of Concern"	{"pango":"AY.1","loc":[],"selected":"ZAF"}	[]			
"AY.2"	"pangolin_lineage=AY.2"	"Variant of Concern"	{"pango":"AY.2","loc":[],"selected":"ZAF"}	[]			
"B.1.1.7"	"pangolin_lineage=B.1.1.7"	"Variant of Concern"	{"pango":"B.1.1.7","loc":[],"selected":"ZAF"}	[]			
"B.1.1.7 + S:E484K"	"pangolin_lineage=B.1.1.7&mutations=S:E484K"	"Variant of Concern"	{"pango":"B.1.1.7","muts":["S:E484K"],"loc":[],"selected":"ZAF"}	[]			
"B.1.351"	"pangolin_lineage=B.1.351"	"Variant of Concern"	{"pango":"B.1.351","selected":"ZAF","loc":[]}	[]			
"B.1.617.2"	"pangolin_lineage=B.1.617.2"	"Variant of Concern"	{"pango":"B.1.617.2","loc":[],"selected":"ZAF"}	[{"date":"2021-03-10","total_count":34,"lineage_count":2,"total_count_rolling":34,"lineage_count_rolling":2,"proportion":0.058823529411764705,"proportion_ci_lower":0.012424362975775866,"proportion_ci_upper":0.17558249396275072,"dateTime":"2021-03-09T13:00:00.000Z"},{"date":"2021-03-11","total_count":57,"lineage_count":0,"total_count_rolling":45.5,"lineage_count_rolling":1,"proportion":0.02197802197802198,"proportion_ci_lower":0.002355700581374414,"proportion_ci_upper":0.09712904333940475,"dateTime":"2021-03-10T13:00:00.000Z"},{"date":"2021-03-12","total_count":25,"lineage_count":2,"total_count_rolling":38.666666666666664,"lineage_count_rolling":1.3333333333333333,"proportion":0.034482758620689655,"proportion_ci_lower":0.0027806827312536085,"proportion_ci_upper":0.11364396963309498,"dateTime":"2021-03-11T13:00:00.000Z"},{"date":"2021-03-13","total_count":24,"lineage_count":0,"total_count_rolling":35,"lineage_count_rolling":1,"proportion":0.02857142857142857,"proportion_ci_lower":0.003100291936646488,"proportion_ci_upper":0.12586989440837926,"dateTime":"2021-03-12T13:00:00.000Z"},{"date":"2021-03-14","total_count":15,"lineage_count":0,"total_count_rolling":31,"lineage_count_rolling":0.8,"proportion":0.025806451612903226,"proportion_ci_lower":0.00350291842130598,"proportion_ci_upper":0.14103799412369988,"dateTime":"2021-03-13T13:00:00.000Z"},{"date":"2021-03-15","total_count":50,"lineage_count":9,"total_count_rolling":34.166666666666664,"lineage_count_rolling":2.1666666666666665,"proportion":0.06341463414634146,"proportion_ci_lower":0.012424362975775866,"proportion_ci_upper":0.17558249396275072,"dateTime":"2021-03-14T13:00:00.000Z"},{"date":"2021-03-16","total_count":30,"lineage_count":1,"total_count_rolling":33.57142857142857,"lineage_count_rolling":2,"proportion":0.059574468085106386,"proportion_ci_lower":0.012424362975775866,"proportion_ci_upper":0.17558249396275072,"dateTime":"2021-03-15T13:00:00.000Z"},{"date":"2021-03-17","total_count":33,"lineage_count":0,"total_count_rolling":33.42857142857143,"lineage_count_rolling":1.7142857142857142,"proportion":0.05128205128205127,"proportion_ci_lower":0.012807314608238599,"proportion_ci_upper":0.18050923385144613,"dateTime":"2021-03-16T13:00:00.000Z"},{"date":"2021-03-18","total_count":15,"lineage_count":0,"total_count_rolling":27.428571428571427,"lineage_count_rolling":1.7142857142857142,"proportion":0.0625,"proportion_ci_lower":0.015713463540086743,"proportion_ci_upper":0.2170204216209073,"dateTime":"2021-03-17T13:00:00.000Z"},{"date":"2021-03-19","total_count":26,"lineage_count":0,"total_count_rolling":27.571428571428573,"lineage_count_rolling":1.4285714285714286,"proportion":0.05181347150259067,"proportion_ci_lower":0.0038809272881955006,"proportion_ci_upper":0.15504541199610367,"dateTime":"2021-03-18T13:00:00.000Z"},{"date":"2021-03-20","total_count":23,"lineage_count":0,"total_count_rolling":27.428571428571427,"lineage_count_rolling":1.4285714285714286,"proportion":0.052083333333333336,"proportion_ci_lower":0.004025737857380893,"proportion_ci_upper":0.16035241031248948,"dateTime":"2021-03-19T13:00:00.000Z"},{"date":"2021-03-21","total_count":7,"lineage_count":0,"total_count_rolling":26.285714285714285,"lineage_count_rolling":1.4285714285714286,"proportion":0.05434782608695653,"proportion_ci_lower":0.004181774944604056,"proportion_ci_upper":0.16603455828794433,"dateTime":"2021-03-20T13:00:00.000Z"},{"date":"2021-03-22","total_count":22,"lineage_count":0,"total_count_rolling":22.285714285714285,"lineage_count_rolling":0.14285714285714285,"proportion":0.00641025641025641,"proportion_ci_lower":0.000022067332398350842,"proportion_ci_upper":0.10673971791178566,"dateTime":"2021-03-21T13:00:00.000Z"},{"date":"2021-03-23","total_count":27,"lineage_count":2,"total_count_rolling":21.857142857142858,"lineage_count_rolling":0.2857142857142857,"proportion":0.0130718954248366,"proportion_ci_lower":0.000022067332398350842,"proportion_ci_upper":0.10673971791178566,"dateTime":"2021-03-22T13:00:00.000Z"},{"date":"2021-03-24","total_count":32,"lineage_count":0,"total_count_rolling":21.714285714285715,"lineage_count_rolling":0.2857142857142857,"proportion":0.013157894736842105,"proportion_ci_lower":0.000022067332398350842,"proportion_ci_upper":0.10673971791178566,"dateTime":"2021-03-23T13:00:00.000Z"},{"date":"2021-03-25","total_count":21,"lineage_count":0,"total_count_rolling":22.571428571428573,"lineage_count_rolling":0.2857142857142857,"proportion":0.012658227848101264,"proportion_ci_lower":0.00002111832201730757,"proportion_ci_upper":0.10239382809160794,"dateTime":"2021-03-24T13:00:00.000Z"},{"date":"2021-03-26","total_count":28,"lineage_count":2,"total_count_rolling":22.857142857142858,"lineage_count_rolling":0.5714285714285714,"proportion":0.024999999999999998,"proportion_ci_lower":0.004732019904840341,"proportion_ci_upper":0.18577516969402785,"dateTime":"2021-03-25T13:00:00.000Z"},{"date":"2021-03-27","total_count":12,"lineage_count":0,"total_count_rolling":21.285714285714285,"lineage_count_rolling":0.5714285714285714,"proportion":0.026845637583892617,"proportion_ci_lower":0.005187043107902128,"proportion_ci_upper":0.2017559683216834,"dateTime":"2021-03-26T13:00:00.000Z"},{"date":"2021-03-28","total_count":4,"lineage_count":0,"total_count_rolling":20.857142857142858,"lineage_count_rolling":0.5714285714285714,"proportion":0.0273972602739726,"proportion_ci_lower":0.005187043107902128,"proportion_ci_upper":0.2017559683216834,"dateTime":"2021-03-27T13:00:00.000Z"},{"date":"2021-03-29","total_count":30,"lineage_count":2,"total_count_rolling":22,"lineage_count_rolling":0.8571428571428571,"proportion":0.03896103896103896,"proportion_ci_lower":0.00494909354918625,"proportion_ci_upper":0.19343736468330985,"dateTime":"2021-03-28T13:00:00.000Z"},{"date":"2021-03-30","total_count":19,"lineage_count":4,"total_count_rolling":20.857142857142858,"lineage_count_rolling":1.1428571428571428,"proportion":0.0547945205479452,"proportion_ci_lower":0.005187043107902128,"proportion_ci_upper":0.2017559683216834,"dateTime":"2021-03-29T13:00:00.000Z"},{"date":"2021-03-31","total_count":16,"lineage_count":1,"total_count_rolling":18.571428571428573,"lineage_count_rolling":1.2857142857142858,"proportion":0.06923076923076923,"proportion_ci_lower":0.005738899484810237,"proportion_ci_upper":0.22072924806695837,"dateTime":"2021-03-30T13:00:00.000Z"},{"date":"2021-04-01","total_count":11,"lineage_count":2,"total_count_rolling":17.142857142857142,"lineage_count_rolling":1.5714285714285714,"proportion":0.09166666666666667,"proportion_ci_lower":0.025274594891131485,"proportion_ci_upper":0.326842012657679,"dateTime":"2021-03-31T13:00:00.000Z"},{"date":"2021-04-02","total_count":14,"lineage_count":0,"total_count_rolling":15.142857142857142,"lineage_count_rolling":1.2857142857142858,"proportion":0.0849056603773585,"proportion_ci_lower":0.007290217787126258,"proportion_ci_upper":0.27175131446456524,"dateTime":"2021-04-01T13:00:00.000Z"},{"date":"2021-04-03","total_count":3,"lineage_count":0,"total_count_rolling":13.857142857142858,"lineage_count_rolling":1.2857142857142858,"proportion":0.09278350515463918,"proportion_ci_lower":0.007818630730104088,"proportion_ci_upper":0.2883795710080529,"dateTime":"2021-04-02T13:00:00.000Z"},{"date":"2021-04-04","total_count":4,"lineage_count":0,"total_count_rolling":13.857142857142858,"lineage_count_rolling":1.2857142857142858,"proportion":0.09278350515463918,"proportion_ci_lower":0.007818630730104088,"proportion_ci_upper":0.2883795710080529,"dateTime":"2021-04-03T13:00:00.000Z"},{"date":"2021-04-05","total_count":4,"lineage_count":0,"total_count_rolling":10.142857142857142,"lineage_count_rolling":1,"proportion":0.09859154929577466,"proportion_ci_lower":0.011011673763161142,"proportion_ci_upper":0.3813147710666164,"dateTime":"2021-04-04T14:00:00.000Z"},{"date":"2021-04-06","total_count":20,"lineage_count":0,"total_count_rolling":10.285714285714286,"lineage_count_rolling":0.42857142857142855,"proportion":0.041666666666666664,"proportion_ci_lower":0.00004789043315758197,"proportion_ci_upper":0.21719626750921056,"dateTime":"2021-04-05T14:00:00.000Z"},{"date":"2021-04-07","total_count":14,"lineage_count":0,"total_count_rolling":10,"lineage_count_rolling":0.2857142857142857,"proportion":0.02857142857142857,"proportion_ci_lower":0.00004789043315758197,"proportion_ci_upper":0.21719626750921056,"dateTime":"2021-04-06T14:00:00.000Z"},{"date":"2021-04-08","total_count":11,"lineage_count":0,"total_count_rolling":10,"lineage_count_rolling":0,"proportion":0,"proportion_ci_lower":0.00004789043315758197,"proportion_ci_upper":0.21719626750921056,"dateTime":"2021-04-07T14:00:00.000Z"},{"date":"2021-04-09","total_count":14,"lineage_count":0,"total_count_rolling":10,"lineage_count_rolling":0,"proportion":0,"proportion_ci_lower":0.00004789043315758197,"proportion_ci_upper":0.21719626750921056,"dateTime":"2021-04-08T14:00:00.000Z"},{"date":"2021-04-10","total_count":11,"lineage_count":0,"total_count_rolling":11.142857142857142,"lineage_count_rolling":0,"proportion":0,"proportion_ci_lower":0.00004363579814218975,"proportion_ci_upper":0.19999456902620805,"dateTime":"2021-04-09T14:00:00.000Z"},{"date":"2021-04-11","total_count":12,"lineage_count":0,"total_count_rolling":12.285714285714286,"lineage_count_rolling":0,"proportion":0,"proportion_ci_lower":0.00004007531007659888,"proportion_ci_upper":0.18530593831248504,"dateTime":"2021-04-10T14:00:00.000Z"},{"date":"2021-04-12","total_count":28,"lineage_count":0,"total_count_rolling":15.714285714285714,"lineage_count_rolling":0,"proportion":0,"proportion_ci_lower":0.000030213479978023642,"proportion_ci_upper":0.1431841379314448,"dateTime":"2021-04-11T14:00:00.000Z"},{"date":"2021-04-13","total_count":15,"lineage_count":0,"total_count_rolling":15,"lineage_count_rolling":0,"proportion":0,"proportion_ci_lower":0.000032194144323726923,"proportion_ci_upper":0.15181666211439768,"dateTime":"2021-04-12T14:00:00.000Z"},{"date":"2021-04-14","total_count":31,"lineage_count":1,"total_count_rolling":17.428571428571427,"lineage_count_rolling":0.14285714285714285,"proportion":0.00819672131147541,"proportion_ci_lower":0.000028462377723109497,"proportion_ci_upper":0.1354784378916884,"dateTime":"2021-04-13T14:00:00.000Z"},{"date":"2021-04-15","total_count":6,"lineage_count":0,"total_count_rolling":16.714285714285715,"lineage_count_rolling":0.14285714285714285,"proportion":0.008547008547008546,"proportion_ci_lower":0.000028462377723109497,"proportion_ci_upper":0.1354784378916884,"dateTime":"2021-04-14T14:00:00.000Z"},{"date":"2021-04-16","total_count":11,"lineage_count":4,"total_count_rolling":16.285714285714285,"lineage_count_rolling":0.7142857142857143,"proportion":0.04385964912280702,"proportion_ci_lower":0.006828722055886862,"proportion_ci_upper":0.2569214298857737,"dateTime":"2021-04-15T14:00:00.000Z"},{"date":"2021-04-17","total_count":11,"lineage_count":0,"total_count_rolling":16.285714285714285,"lineage_count_rolling":0.7142857142857143,"proportion":0.04385964912280702,"proportion_ci_lower":0.006828722055886862,"proportion_ci_upper":0.2569214298857737,"dateTime":"2021-04-16T14:00:00.000Z"},{"date":"2021-04-18","total_count":15,"lineage_count":0,"total_count_rolling":16.714285714285715,"lineage_count_rolling":0.7142857142857143,"proportion":0.042735042735042736,"proportion_ci_lower":0.0064221867949748705,"proportion_ci_upper":0.24361551714490204,"dateTime":"2021-04-17T14:00:00.000Z"},{"date":"2021-04-19","total_count":11,"lineage_count":0,"total_count_rolling":14.285714285714286,"lineage_count_rolling":0.7142857142857143,"proportion":0.049999999999999996,"proportion_ci_lower":0.007818630730104088,"proportion_ci_upper":0.2883795710080529,"dateTime":"2021-04-18T14:00:00.000Z"},{"date":"2021-04-20","total_count":30,"lineage_count":1,"total_count_rolling":16.428571428571427,"lineage_count_rolling":0.8571428571428571,"proportion":0.052173913043478265,"proportion_ci_lower":0.006828722055886862,"proportion_ci_upper":0.2569214298857737,"dateTime":"2021-04-19T14:00:00.000Z"},{"date":"2021-04-21","total_count":27,"lineage_count":0,"total_count_rolling":15.857142857142858,"lineage_count_rolling":0.7142857142857143,"proportion":0.04504504504504504,"proportion_ci_lower":0.006828722055886862,"proportion_ci_upper":0.2569214298857737,"dateTime":"2021-04-20T14:00:00.000Z"},{"date":"2021-04-22","total_count":29,"lineage_count":0,"total_count_rolling":19.142857142857142,"lineage_count_rolling":0.7142857142857143,"proportion":0.0373134328358209,"proportion_ci_lower":0.005738899484810237,"proportion_ci_upper":0.22072924806695837,"dateTime":"2021-04-21T14:00:00.000Z"},{"date":"2021-04-23","total_count":38,"lineage_count":0,"total_count_rolling":23,"lineage_count_rolling":0.14285714285714285,"proportion":0.006211180124223602,"proportion_ci_lower":0.00002111832201730757,"proportion_ci_upper":0.10239382809160794,"dateTime":"2021-04-22T14:00:00.000Z"},{"date":"2021-04-24","total_count":23,"lineage_count":1,"total_count_rolling":24.714285714285715,"lineage_count_rolling":0.2857142857142857,"proportion":0.011560693641618497,"proportion_ci_lower":0.000019445770898158813,"proportion_ci_upper":0.0946827641095835,"dateTime":"2021-04-23T14:00:00.000Z"},{"date":"2021-04-25","total_count":18,"lineage_count":0,"total_count_rolling":25.142857142857142,"lineage_count_rolling":0.2857142857142857,"proportion":0.011363636363636364,"proportion_ci_lower":0.000019445770898158813,"proportion_ci_upper":0.0946827641095835,"dateTime":"2021-04-24T14:00:00.000Z"},{"date":"2021-04-26","total_count":26,"lineage_count":0,"total_count_rolling":27.285714285714285,"lineage_count_rolling":0.2857142857142857,"proportion":0.010471204188481676,"proportion_ci_lower":0.000018018696079932514,"proportion_ci_upper":0.08805083151105601,"dateTime":"2021-04-25T14:00:00.000Z"},{"date":"2021-04-27","total_count":17,"lineage_count":0,"total_count_rolling":25.428571428571427,"lineage_count_rolling":0.14285714285714285,"proportion":0.0056179775280898875,"proportion_ci_lower":0.000019445770898158813,"proportion_ci_upper":0.0946827641095835,"dateTime":"2021-04-26T14:00:00.000Z"},{"date":"2021-04-28","total_count":28,"lineage_count":0,"total_count_rolling":25.571428571428573,"lineage_count_rolling":0.14285714285714285,"proportion":0.005586592178770949,"proportion_ci_lower":0.000018705055066259086,"proportion_ci_upper":0.09124656340895625,"dateTime":"2021-04-27T14:00:00.000Z"},{"date":"2021-04-29","total_count":12,"lineage_count":0,"total_count_rolling":23.142857142857142,"lineage_count_rolling":0.14285714285714285,"proportion":0.006172839506172839,"proportion_ci_lower":0.00002111832201730757,"proportion_ci_upper":0.10239382809160794,"dateTime":"2021-04-28T14:00:00.000Z"},{"date":"2021-04-30","total_count":20,"lineage_count":1,"total_count_rolling":20.571428571428573,"lineage_count_rolling":0.2857142857142857,"proportion":0.013888888888888886,"proportion_ci_lower":0.00002310564264915348,"proportion_ci_upper":0.11147031619304093,"dateTime":"2021-04-29T14:00:00.000Z"},{"date":"2021-05-01","total_count":19,"lineage_count":2,"total_count_rolling":20,"lineage_count_rolling":0.42857142857142855,"proportion":0.02142857142857143,"proportion_ci_lower":0.000024246478459242777,"proportion_ci_upper":0.11663898290487537,"dateTime":"2021-04-30T14:00:00.000Z"},{"date":"2021-05-02","total_count":13,"lineage_count":1,"total_count_rolling":19.285714285714285,"lineage_count_rolling":0.5714285714285714,"proportion":0.02962962962962963,"proportion_ci_lower":0.005738899484810237,"proportion_ci_upper":0.22072924806695837,"dateTime":"2021-05-01T14:00:00.000Z"},{"date":"2021-05-03","total_count":41,"lineage_count":1,"total_count_rolling":21.428571428571427,"lineage_count_rolling":0.7142857142857143,"proportion":0.03333333333333334,"proportion_ci_lower":0.005187043107902128,"proportion_ci_upper":0.2017559683216834,"dateTime":"2021-05-02T14:00:00.000Z"},{"date":"2021-05-04","total_count":43,"lineage_count":1,"total_count_rolling":25.142857142857142,"lineage_count_rolling":0.8571428571428571,"proportion":0.03409090909090909,"proportion_ci_lower":0.0043503968273724825,"proportion_ci_upper":0.1721329579601225,"dateTime":"2021-05-03T14:00:00.000Z"},{"date":"2021-05-05","total_count":45,"lineage_count":9,"total_count_rolling":27.571428571428573,"lineage_count_rolling":2.142857142857143,"proportion":0.07772020725388601,"proportion_ci_lower":0.015140826005434656,"proportion_ci_upper":0.2099471569799859,"dateTime":"2021-05-04T14:00:00.000Z"},{"date":"2021-05-06","total_count":37,"lineage_count":6,"total_count_rolling":31.142857142857142,"lineage_count_rolling":3,"proportion":0.0963302752293578,"proportion_ci_lower":0.02801902777750101,"proportion_ci_upper":0.2362532249999142,"dateTime":"2021-05-05T14:00:00.000Z"},{"date":"2021-05-07","total_count":26,"lineage_count":1,"total_count_rolling":32,"lineage_count_rolling":3,"proportion":0.09375,"proportion_ci_lower":0.027119232375863816,"proportion_ci_upper":0.22951071566285197,"dateTime":"2021-05-06T14:00:00.000Z"},{"date":"2021-05-08","total_count":34,"lineage_count":2,"total_count_rolling":34.142857142857146,"lineage_count_rolling":3,"proportion":0.08786610878661087,"proportion_ci_lower":0.025482629675592557,"proportion_ci_upper":0.2171131472977066,"dateTime":"2021-05-07T14:00:00.000Z"},{"date":"2021-05-09","total_count":26,"lineage_count":0,"total_count_rolling":36,"lineage_count_rolling":2.857142857142857,"proportion":0.07936507936507936,"proportion_ci_lower":0.024032395330164536,"proportion_ci_upper":0.20598140804610576,"dateTime":"2021-05-08T14:00:00.000Z"},{"date":"2021-05-10","total_count":33,"lineage_count":0,"total_count_rolling":34.857142857142854,"lineage_count_rolling":2.7142857142857144,"proportion":0.07786885245901641,"proportion_ci_lower":0.024736265309406796,"proportion_ci_upper":0.21140142555683805,"dateTime":"2021-05-09T14:00:00.000Z"},{"date":"2021-05-11","total_count":19,"lineage_count":2,"total_count_rolling":31.428571428571427,"lineage_count_rolling":2.857142857142857,"proportion":0.09090909090909091,"proportion_ci_lower":0.02801902777750101,"proportion_ci_upper":0.2362532249999142,"dateTime":"2021-05-10T14:00:00.000Z"},{"date":"2021-05-12","total_count":44,"lineage_count":5,"total_count_rolling":31.285714285714285,"lineage_count_rolling":2.2857142857142856,"proportion":0.0730593607305936,"proportion_ci_lower":0.013648711087172374,"proportion_ci_upper":0.19123851493203603,"dateTime":"2021-05-11T14:00:00.000Z"},{"date":"2021-05-13","total_count":37,"lineage_count":4,"total_count_rolling":31.285714285714285,"lineage_count_rolling":2,"proportion":0.0639269406392694,"proportion_ci_lower":0.013648711087172374,"proportion_ci_upper":0.19123851493203603,"dateTime":"2021-05-12T14:00:00.000Z"},{"date":"2021-05-14","total_count":30,"lineage_count":2,"total_count_rolling":31.857142857142858,"lineage_count_rolling":2.142857142857143,"proportion":0.06726457399103139,"proportion_ci_lower":0.013214629957163446,"proportion_ci_upper":0.1857195369965653,"dateTime":"2021-05-13T14:00:00.000Z"},{"date":"2021-05-15","total_count":9,"lineage_count":1,"total_count_rolling":28.285714285714285,"lineage_count_rolling":2,"proportion":0.0707070707070707,"proportion_ci_lower":0.015140826005434656,"proportion_ci_upper":0.2099471569799859,"dateTime":"2021-05-14T14:00:00.000Z"},{"date":"2021-05-16","total_count":6,"lineage_count":1,"total_count_rolling":25.428571428571427,"lineage_count_rolling":2.142857142857143,"proportion":0.08426966292134831,"proportion_ci_lower":0.016999373233162675,"proportion_ci_upper":0.2326918751968874,"dateTime":"2021-05-15T14:00:00.000Z"},{"date":"2021-05-17","total_count":57,"lineage_count":7,"total_count_rolling":28.857142857142858,"lineage_count_rolling":3.142857142857143,"proportion":0.10891089108910891,"proportion_ci_lower":0.030010602890256814,"proportion_ci_upper":0.25099339025309886,"dateTime":"2021-05-16T14:00:00.000Z"},{"date":"2021-05-18","total_count":42,"lineage_count":5,"total_count_rolling":32.142857142857146,"lineage_count_rolling":3.5714285714285716,"proportion":0.1111111111111111,"proportion_ci_lower":0.043699772795732464,"proportion_ci_upper":0.27034301466726773,"dateTime":"2021-05-17T14:00:00.000Z"},{"date":"2021-05-19","total_count":42,"lineage_count":5,"total_count_rolling":31.857142857142858,"lineage_count_rolling":3.5714285714285716,"proportion":0.11210762331838565,"proportion_ci_lower":0.043699772795732464,"proportion_ci_upper":0.27034301466726773,"dateTime":"2021-05-18T14:00:00.000Z"},{"date":"2021-05-20","total_count":35,"lineage_count":8,"total_count_rolling":31.571428571428573,"lineage_count_rolling":4.142857142857143,"proportion":0.13122171945701358,"proportion_ci_lower":0.043699772795732464,"proportion_ci_upper":0.27034301466726773,"dateTime":"2021-05-19T14:00:00.000Z"},{"date":"2021-05-21","total_count":15,"lineage_count":0,"total_count_rolling":29.428571428571427,"lineage_count_rolling":3.857142857142857,"proportion":0.13106796116504854,"proportion_ci_lower":0.04840453521593841,"proportion_ci_upper":0.2953647734924263,"dateTime":"2021-05-20T14:00:00.000Z"},{"date":"2021-05-22","total_count":4,"lineage_count":1,"total_count_rolling":28.714285714285715,"lineage_count_rolling":3.857142857142857,"proportion":0.13432835820895522,"proportion_ci_lower":0.04840453521593841,"proportion_ci_upper":0.2953647734924263,"dateTime":"2021-05-21T14:00:00.000Z"},{"date":"2021-05-23","total_count":10,"lineage_count":2,"total_count_rolling":29.285714285714285,"lineage_count_rolling":4,"proportion":0.13658536585365855,"proportion_ci_lower":0.04840453521593841,"proportion_ci_upper":0.2953647734924263,"dateTime":"2021-05-22T14:00:00.000Z"},{"date":"2021-05-24","total_count":50,"lineage_count":12,"total_count_rolling":28.285714285714285,"lineage_count_rolling":4.714285714285714,"proportion":0.16666666666666669,"proportion_ci_lower":0.07157825969169396,"proportion_ci_upper":0.3480251329770637,"dateTime":"2021-05-23T14:00:00.000Z"},{"date":"2021-05-25","total_count":33,"lineage_count":4,"total_count_rolling":27,"lineage_count_rolling":4.571428571428571,"proportion":0.1693121693121693,"proportion_ci_lower":0.0743741922057245,"proportion_ci_upper":0.35931357507920303,"dateTime":"2021-05-24T14:00:00.000Z"},{"date":"2021-05-26","total_count":26,"lineage_count":10,"total_count_rolling":24.714285714285715,"lineage_count_rolling":5.285714285714286,"proportion":0.21387283236994217,"proportion_ci_lower":0.08067868746381911,"proportion_ci_upper":0.3842017903434385,"dateTime":"2021-05-25T14:00:00.000Z"},{"date":"2021-05-27","total_count":63,"lineage_count":21,"total_count_rolling":28.714285714285715,"lineage_count_rolling":7.142857142857143,"proportion":0.24875621890547264,"proportion_ci_lower":0.11500919618729959,"proportion_ci_upper":0.4164793368378633,"dateTime":"2021-05-26T14:00:00.000Z"},{"date":"2021-05-28","total_count":38,"lineage_count":12,"total_count_rolling":32,"lineage_count_rolling":8.857142857142858,"proportion":0.2767857142857143,"proportion_ci_lower":0.1492155359809895,"proportion_ci_upper":0.4508668002956965,"dateTime":"2021-05-27T14:00:00.000Z"},{"date":"2021-05-29","total_count":20,"lineage_count":5,"total_count_rolling":34.285714285714285,"lineage_count_rolling":9.428571428571429,"proportion":0.275,"proportion_ci_lower":0.13980454087160055,"proportion_ci_upper":0.42775882047701363,"dateTime":"2021-05-28T14:00:00.000Z"},{"date":"2021-05-30","total_count":11,"lineage_count":7,"total_count_rolling":34.42857142857143,"lineage_count_rolling":10.142857142857142,"proportion":0.29460580912863066,"proportion_ci_lower":0.16234586639710377,"proportion_ci_upper":0.459286769310256,"dateTime":"2021-05-29T14:00:00.000Z"},{"date":"2021-05-31","total_count":60,"lineage_count":28,"total_count_rolling":35.857142857142854,"lineage_count_rolling":12.428571428571429,"proportion":0.3466135458167331,"proportion_ci_lower":0.19682298185429792,"proportion_ci_upper":0.49545643979692455,"dateTime":"2021-05-30T14:00:00.000Z"},{"date":"2021-06-01","total_count":92,"lineage_count":25,"total_count_rolling":44.285714285714285,"lineage_count_rolling":15.428571428571429,"proportion":0.34838709677419355,"proportion_ci_lower":0.21445676183797416,"proportion_ci_upper":0.487530376646915,"dateTime":"2021-05-31T14:00:00.000Z"},{"date":"2021-06-02","total_count":63,"lineage_count":13,"total_count_rolling":49.57142857142857,"lineage_count_rolling":15.857142857142858,"proportion":0.31988472622478387,"proportion_ci_lower":0.2035972589097019,"proportion_ci_upper":0.4565704214578311,"dateTime":"2021-06-01T14:00:00.000Z"},{"date":"2021-06-03","total_count":68,"lineage_count":28,"total_count_rolling":50.285714285714285,"lineage_count_rolling":16.857142857142858,"proportion":0.33522727272727276,"proportion_ci_lower":0.22057509310131856,"proportion_ci_upper":0.47735407634285987,"dateTime":"2021-06-02T14:00:00.000Z"},{"date":"2021-06-04","total_count":91,"lineage_count":28,"total_count_rolling":57.857142857142854,"lineage_count_rolling":19.142857142857142,"proportion":0.3308641975308642,"proportion_ci_lower":0.21745538619210855,"proportion_ci_upper":0.4544460818054177,"dateTime":"2021-06-03T14:00:00.000Z"},{"date":"2021-06-05","total_count":33,"lineage_count":9,"total_count_rolling":59.714285714285715,"lineage_count_rolling":19.714285714285715,"proportion":0.33014354066985646,"proportion_ci_lower":0.2240779401107163,"proportion_ci_upper":0.45823623514128775,"dateTime":"2021-06-04T14:00:00.000Z"},{"date":"2021-06-06","total_count":27,"lineage_count":12,"total_count_rolling":62,"lineage_count_rolling":20.428571428571427,"proportion":0.32949308755760365,"proportion_ci_lower":0.21634384682722677,"proportion_ci_upper":0.44495033280127316,"dateTime":"2021-06-05T14:00:00.000Z"},{"date":"2021-06-07","total_count":72,"lineage_count":32,"total_count_rolling":63.714285714285715,"lineage_count_rolling":21,"proportion":0.3295964125560538,"proportion_ci_lower":0.2226503553436272,"proportion_ci_upper":0.44875289146804187,"dateTime":"2021-06-06T14:00:00.000Z"},{"date":"2021-06-08","total_count":79,"lineage_count":38,"total_count_rolling":61.857142857142854,"lineage_count_rolling":22.857142857142858,"proportion":0.3695150115473441,"proportion_ci_lower":0.25880793019708476,"proportion_ci_upper":0.49486314932469533,"dateTime":"2021-06-07T14:00:00.000Z"},{"date":"2021-06-09","total_count":54,"lineage_count":28,"total_count_rolling":60.57142857142857,"lineage_count_rolling":25,"proportion":0.41273584905660377,"proportion_ci_lower":0.2929436830869956,"proportion_ci_upper":0.5350607736991442,"dateTime":"2021-06-08T14:00:00.000Z"},{"date":"2021-06-10","total_count":17,"lineage_count":12,"total_count_rolling":53.285714285714285,"lineage_count_rolling":22.714285714285715,"proportion":0.4262734584450402,"proportion_ci_lower":0.30698026933857087,"proportion_ci_upper":0.5679406388912016,"dateTime":"2021-06-09T14:00:00.000Z"},{"date":"2021-06-11","total_count":19,"lineage_count":10,"total_count_rolling":43,"lineage_count_rolling":20.142857142857142,"proportion":0.4684385382059801,"proportion_ci_lower":0.3223682430719839,"proportion_ci_upper":0.6123878436704999,"dateTime":"2021-06-10T14:00:00.000Z"},{"date":"2021-06-12","total_count":16,"lineage_count":10,"total_count_rolling":40.57142857142857,"lineage_count_rolling":20.285714285714285,"proportion":0.5,"proportion_ci_lower":0.3400178685468145,"proportion_ci_upper":0.6372474487767047,"dateTime":"2021-06-11T14:00:00.000Z"},{"date":"2021-06-13","total_count":11,"lineage_count":4,"total_count_rolling":38.285714285714285,"lineage_count_rolling":19.142857142857142,"proportion":0.5,"proportion_ci_lower":0.3459346981591508,"proportion_ci_upper":0.6540653018408492,"dateTime":"2021-06-12T14:00:00.000Z"},{"date":"2021-06-14","total_count":80,"lineage_count":59,"total_count_rolling":39.42857142857143,"lineage_count_rolling":23,"proportion":0.5833333333333333,"proportion_ci_lower":0.4335438382293589,"proportion_ci_upper":0.7331629318219719,"dateTime":"2021-06-13T14:00:00.000Z"},{"date":"2021-06-15","total_count":86,"lineage_count":67,"total_count_rolling":40.42857142857143,"lineage_count_rolling":27.142857142857142,"proportion":0.6713780918727915,"proportion_ci_lower":0.5216393265117847,"proportion_ci_upper":0.8040490358786752,"dateTime":"2021-06-14T14:00:00.000Z"},{"date":"2021-06-16","total_count":42,"lineage_count":27,"total_count_rolling":38.714285714285715,"lineage_count_rolling":27,"proportion":0.6974169741697417,"proportion_ci_lower":0.5377249851553709,"proportion_ci_upper":0.8195222779239946,"dateTime":"2021-06-15T14:00:00.000Z"},{"date":"2021-06-17","total_count":133,"lineage_count":111,"total_count_rolling":55.285714285714285,"lineage_count_rolling":41.142857142857146,"proportion":0.744186046511628,"proportion_ci_lower":0.6198569429187404,"proportion_ci_upper":0.8459910431441454,"dateTime":"2021-06-16T14:00:00.000Z"},{"date":"2021-06-18","total_count":64,"lineage_count":46,"total_count_rolling":61.714285714285715,"lineage_count_rolling":46.285714285714285,"proportion":0.75,"proportion_ci_lower":0.6237658918418584,"proportion_ci_upper":0.8381164346888264,"dateTime":"2021-06-17T14:00:00.000Z"},{"date":"2021-06-19","total_count":6,"lineage_count":4,"total_count_rolling":60.285714285714285,"lineage_count_rolling":45.42857142857143,"proportion":0.7535545023696683,"proportion_ci_lower":0.6304846949612676,"proportion_ci_upper":0.8460593150330576,"dateTime":"2021-06-18T14:00:00.000Z"},{"date":"2021-06-20","total_count":15,"lineage_count":10,"total_count_rolling":60.857142857142854,"lineage_count_rolling":46.285714285714285,"proportion":0.7605633802816901,"proportion_ci_lower":0.6360141174150744,"proportion_ci_upper":0.848723302978801,"dateTime":"2021-06-19T14:00:00.000Z"},{"date":"2021-06-21","total_count":43,"lineage_count":36,"total_count_rolling":55.57142857142857,"lineage_count_rolling":43,"proportion":0.7737789203084833,"proportion_ci_lower":0.6456773589378747,"proportion_ci_upper":0.8631699792401225,"dateTime":"2021-06-20T14:00:00.000Z"},{"date":"2021-06-22","total_count":24,"lineage_count":23,"total_count_rolling":46.714285714285715,"lineage_count_rolling":36.714285714285715,"proportion":0.7859327217125383,"proportion_ci_lower":0.6553277548481794,"proportion_ci_upper":0.8850214400813642,"dateTime":"2021-06-21T14:00:00.000Z"},{"date":"2021-06-23","total_count":50,"lineage_count":44,"total_count_rolling":47.857142857142854,"lineage_count_rolling":39.142857142857146,"proportion":0.8179104477611941,"proportion_ci_lower":0.6856822373877562,"proportion_ci_upper":0.902964605626156,"dateTime":"2021-06-22T14:00:00.000Z"},{"date":"2021-06-24","total_count":58,"lineage_count":54,"total_count_rolling":37.142857142857146,"lineage_count_rolling":31,"proportion":0.8346153846153845,"proportion_ci_lower":0.6959247381149465,"proportion_ci_upper":0.9293555350885194,"dateTime":"2021-06-23T14:00:00.000Z"},{"date":"2021-06-25","total_count":36,"lineage_count":31,"total_count_rolling":33.142857142857146,"lineage_count_rolling":28.857142857142858,"proportion":0.8706896551724137,"proportion_ci_lower":0.7370874104025876,"proportion_ci_upper":0.9576714448177576,"dateTime":"2021-06-24T14:00:00.000Z"},{"date":"2021-06-26","total_count":4,"lineage_count":4,"total_count_rolling":32.857142857142854,"lineage_count_rolling":28.857142857142858,"proportion":0.8782608695652175,"proportion_ci_lower":0.7370874104025876,"proportion_ci_upper":0.9576714448177576,"dateTime":"2021-06-25T14:00:00.000Z"},{"date":"2021-06-27","total_count":1,"lineage_count":1,"total_count_rolling":30.857142857142858,"lineage_count_rolling":27.571428571428573,"proportion":0.8935185185185186,"proportion_ci_lower":0.7637467750000858,"proportion_ci_upper":0.971980972222499,"dateTime":"2021-06-26T14:00:00.000Z"}]			
"P.1"	"pangolin_lineage=P.1"	"Variant of Concern"	{"pango":"P.1","selected":"ZAF","loc":[]}	[]			
"P.1.1"	"pangolin_lineage=P.1.1"	"Variant of Concern"	{"pango":"P.1.1","selected":"ZAF","loc":[]}	[]			
"P.1.2"	"pangolin_lineage=P.1.2"	"Variant of Concern"	{"pango":"P.1.2","selected":"ZAF","loc":[]}	[]			
"AV.1"	"pangolin_lineage=AV.1"	"Variant of Interest"	{"pango":"AV.1","loc":["ZAF"],"selected":"ZAF"}	[]			
"B.1.1.318"	"pangolin_lineage=B.1.1.318"	"Variant of Interest"	{"pango":"B.1.1.318","selected":"ZAF","loc":[]}	[]			
"B.1.427"	"pangolin_lineage=B.1.427"	"Variant of Interest"	{"pango":"B.1.427","loc":[],"selected":"ZAF"}	[]			
"B.1.429"	"pangolin_lineage=B.1.429"	"Variant of Interest"	{"pango":"B.1.429","loc":[],"selected":"ZAF"}	[]			
"B.1.525"	"pangolin_lineage=B.1.525"	"Variant of Interest"	{"pango":"B.1.525","selected":"ZAF","loc":[]}	[]			
"B.1.526"	"pangolin_lineage=B.1.526"	"Variant of Interest"	{"pango":"B.1.526","loc":[],"selected":"ZAF"}	[]			
"B.1.617.1"	"pangolin_lineage=B.1.617.1"	"Variant of Interest"	{"pango":"B.1.617.1","loc":[],"selected":"ZAF"}	[{"date":"2021-04-23","total_count":38,"lineage_count":1,"total_count_rolling":38,"lineage_count_rolling":1,"proportion":0.02631578947368421,"proportion_ci_lower":0.00285424351588666,"proportion_ci_upper":0.11647253509079025,"dateTime":"2021-04-22T14:00:00.000Z"},{"date":"2021-04-24","total_count":23,"lineage_count":0,"total_count_rolling":30.5,"lineage_count_rolling":0.5,"proportion":0.01639344262295082,"proportion_ci_lower":0.000016231861223464357,"proportion_ci_upper":0.07967817381725997,"dateTime":"2021-04-23T14:00:00.000Z"},{"date":"2021-04-25","total_count":18,"lineage_count":0,"total_count_rolling":26.333333333333332,"lineage_count_rolling":0.3333333333333333,"proportion":0.012658227848101266,"proportion_ci_lower":0.000018705055066259086,"proportion_ci_upper":0.09124656340895625,"dateTime":"2021-04-24T14:00:00.000Z"},{"date":"2021-04-26","total_count":26,"lineage_count":0,"total_count_rolling":26.25,"lineage_count_rolling":0.25,"proportion":0.009523809523809525,"proportion_ci_lower":0.000018705055066259086,"proportion_ci_upper":0.09124656340895625,"dateTime":"2021-04-25T14:00:00.000Z"},{"date":"2021-04-27","total_count":17,"lineage_count":0,"total_count_rolling":24.4,"lineage_count_rolling":0.2,"proportion":0.00819672131147541,"proportion_ci_lower":0.00002024756671804834,"proportion_ci_upper":0.09838760438586978,"dateTime":"2021-04-26T14:00:00.000Z"},{"date":"2021-04-28","total_count":28,"lineage_count":0,"total_count_rolling":25,"lineage_count_rolling":0.16666666666666666,"proportion":0.006666666666666666,"proportion_ci_lower":0.000019445770898158813,"proportion_ci_upper":0.0946827641095835,"dateTime":"2021-04-27T14:00:00.000Z"},{"date":"2021-04-29","total_count":12,"lineage_count":0,"total_count_rolling":23.142857142857142,"lineage_count_rolling":0.14285714285714285,"proportion":0.006172839506172839,"proportion_ci_lower":0.00002111832201730757,"proportion_ci_upper":0.10239382809160794,"dateTime":"2021-04-28T14:00:00.000Z"},{"date":"2021-04-30","total_count":20,"lineage_count":0,"total_count_rolling":20.571428571428573,"lineage_count_rolling":0,"proportion":0,"proportion_ci_lower":0.00002310564264915348,"proportion_ci_upper":0.11147031619304093,"dateTime":"2021-04-29T14:00:00.000Z"},{"date":"2021-05-01","total_count":19,"lineage_count":0,"total_count_rolling":20,"lineage_count_rolling":0,"proportion":0,"proportion_ci_lower":0.000024246478459242777,"proportion_ci_upper":0.11663898290487537,"dateTime":"2021-04-30T14:00:00.000Z"},{"date":"2021-05-02","total_count":13,"lineage_count":0,"total_count_rolling":19.285714285714285,"lineage_count_rolling":0,"proportion":0,"proportion_ci_lower":0.000025505812625695268,"proportion_ci_upper":0.12230940431991393,"dateTime":"2021-05-01T14:00:00.000Z"},{"date":"2021-05-03","total_count":41,"lineage_count":0,"total_count_rolling":21.428571428571427,"lineage_count_rolling":0,"proportion":0,"proportion_ci_lower":0.00002310564264915348,"proportion_ci_upper":0.11147031619304093,"dateTime":"2021-05-02T14:00:00.000Z"},{"date":"2021-05-04","total_count":43,"lineage_count":0,"total_count_rolling":25.142857142857142,"lineage_count_rolling":0,"proportion":0,"proportion_ci_lower":0.000019445770898158813,"proportion_ci_upper":0.0946827641095835,"dateTime":"2021-05-03T14:00:00.000Z"},{"date":"2021-05-05","total_count":45,"lineage_count":0,"total_count_rolling":27.571428571428573,"lineage_count_rolling":0,"proportion":0,"proportion_ci_lower":0.000017380922536885184,"proportion_ci_upper":0.08507120003233526,"dateTime":"2021-05-04T14:00:00.000Z"},{"date":"2021-05-06","total_count":37,"lineage_count":0,"total_count_rolling":31.142857142857142,"lineage_count_rolling":0,"proportion":0,"proportion_ci_lower":0.000015712479537001282,"proportion_ci_upper":0.07723003565348177,"dateTime":"2021-05-05T14:00:00.000Z"},{"date":"2021-05-07","total_count":26,"lineage_count":0,"total_count_rolling":32,"lineage_count_rolling":0,"proportion":0,"proportion_ci_lower":0.000015225304324521508,"proportion_ci_upper":0.07492776342928391,"dateTime":"2021-05-06T14:00:00.000Z"},{"date":"2021-05-08","total_count":34,"lineage_count":0,"total_count_rolling":34.142857142857146,"lineage_count_rolling":0,"proportion":0,"proportion_ci_lower":0.000014336290671557177,"proportion_ci_upper":0.07071163067902096,"dateTime":"2021-05-07T14:00:00.000Z"},{"date":"2021-05-09","total_count":26,"lineage_count":0,"total_count_rolling":36,"lineage_count_rolling":0,"proportion":0,"proportion_ci_lower":0.000013545366988825864,"proportion_ci_upper":0.06694448234237448,"dateTime":"2021-05-08T14:00:00.000Z"},{"date":"2021-05-10","total_count":33,"lineage_count":0,"total_count_rolling":34.857142857142854,"lineage_count_rolling":0,"proportion":0,"proportion_ci_lower":0.000013929610979532534,"proportion_ci_upper":0.06877653611605908,"dateTime":"2021-05-09T14:00:00.000Z"},{"date":"2021-05-11","total_count":19,"lineage_count":0,"total_count_rolling":31.428571428571427,"lineage_count_rolling":0,"proportion":0,"proportion_ci_lower":0.000015712479537001282,"proportion_ci_upper":0.07723003565348177,"dateTime":"2021-05-10T14:00:00.000Z"},{"date":"2021-05-12","total_count":44,"lineage_count":0,"total_count_rolling":31.285714285714285,"lineage_count_rolling":0,"proportion":0,"proportion_ci_lower":0.000015712479537001282,"proportion_ci_upper":0.07723003565348177,"dateTime":"2021-05-11T14:00:00.000Z"},{"date":"2021-05-13","total_count":37,"lineage_count":0,"total_count_rolling":31.285714285714285,"lineage_count_rolling":0,"proportion":0,"proportion_ci_lower":0.000015712479537001282,"proportion_ci_upper":0.07723003565348177,"dateTime":"2021-05-12T14:00:00.000Z"},{"date":"2021-05-14","total_count":30,"lineage_count":0,"total_count_rolling":31.857142857142858,"lineage_count_rolling":0,"proportion":0,"proportion_ci_lower":0.000015225304324521508,"proportion_ci_upper":0.07492776342928391,"dateTime":"2021-05-13T14:00:00.000Z"},{"date":"2021-05-15","total_count":9,"lineage_count":0,"total_count_rolling":28.285714285714285,"lineage_count_rolling":0,"proportion":0,"proportion_ci_lower":0.000017380922536885184,"proportion_ci_upper":0.08507120003233526,"dateTime":"2021-05-14T14:00:00.000Z"},{"date":"2021-05-16","total_count":6,"lineage_count":0,"total_count_rolling":25.428571428571427,"lineage_count_rolling":0,"proportion":0,"proportion_ci_lower":0.000019445770898158813,"proportion_ci_upper":0.0946827641095835,"dateTime":"2021-05-15T14:00:00.000Z"},{"date":"2021-05-17","total_count":57,"lineage_count":1,"total_count_rolling":28.857142857142858,"lineage_count_rolling":0.14285714285714285,"proportion":0.0049504950495049506,"proportion_ci_lower":0.000016786752124790408,"proportion_ci_upper":0.08228648292382375,"dateTime":"2021-05-16T14:00:00.000Z"},{"date":"2021-05-18","total_count":42,"lineage_count":0,"total_count_rolling":32.142857142857146,"lineage_count_rolling":0.14285714285714285,"proportion":0.004444444444444444,"proportion_ci_lower":0.000015225304324521508,"proportion_ci_upper":0.07492776342928391,"dateTime":"2021-05-17T14:00:00.000Z"},{"date":"2021-05-19","total_count":42,"lineage_count":0,"total_count_rolling":31.857142857142858,"lineage_count_rolling":0.14285714285714285,"proportion":0.004484304932735426,"proportion_ci_lower":0.000015225304324521508,"proportion_ci_upper":0.07492776342928391,"dateTime":"2021-05-18T14:00:00.000Z"},{"date":"2021-05-20","total_count":35,"lineage_count":0,"total_count_rolling":31.571428571428573,"lineage_count_rolling":0.14285714285714285,"proportion":0.004524886877828054,"proportion_ci_lower":0.000015225304324521508,"proportion_ci_upper":0.07492776342928391,"dateTime":"2021-05-19T14:00:00.000Z"},{"date":"2021-05-21","total_count":15,"lineage_count":0,"total_count_rolling":29.428571428571427,"lineage_count_rolling":0.14285714285714285,"proportion":0.0048543689320388345,"proportion_ci_lower":0.000016786752124790408,"proportion_ci_upper":0.08228648292382375,"dateTime":"2021-05-20T14:00:00.000Z"},{"date":"2021-05-22","total_count":4,"lineage_count":0,"total_count_rolling":28.714285714285715,"lineage_count_rolling":0.14285714285714285,"proportion":0.004975124378109453,"proportion_ci_lower":0.000016786752124790408,"proportion_ci_upper":0.08228648292382375,"dateTime":"2021-05-21T14:00:00.000Z"},{"date":"2021-05-23","total_count":10,"lineage_count":0,"total_count_rolling":29.285714285714285,"lineage_count_rolling":0.14285714285714285,"proportion":0.004878048780487805,"proportion_ci_lower":0.000016786752124790408,"proportion_ci_upper":0.08228648292382375,"dateTime":"2021-05-22T14:00:00.000Z"},{"date":"2021-05-24","total_count":50,"lineage_count":0,"total_count_rolling":28.285714285714285,"lineage_count_rolling":0,"proportion":0,"proportion_ci_lower":0.000017380922536885184,"proportion_ci_upper":0.08507120003233526,"dateTime":"2021-05-23T14:00:00.000Z"},{"date":"2021-05-25","total_count":33,"lineage_count":0,"total_count_rolling":27,"lineage_count_rolling":0,"proportion":0,"proportion_ci_lower":0.000018018696079932514,"proportion_ci_upper":0.08805083151105601,"dateTime":"2021-05-24T14:00:00.000Z"},{"date":"2021-05-26","total_count":26,"lineage_count":0,"total_count_rolling":24.714285714285715,"lineage_count_rolling":0,"proportion":0,"proportion_ci_lower":0.000019445770898158813,"proportion_ci_upper":0.0946827641095835,"dateTime":"2021-05-25T14:00:00.000Z"},{"date":"2021-05-27","total_count":63,"lineage_count":0,"total_count_rolling":28.714285714285715,"lineage_count_rolling":0,"proportion":0,"proportion_ci_lower":0.000016786752124790408,"proportion_ci_upper":0.08228648292382375,"dateTime":"2021-05-26T14:00:00.000Z"},{"date":"2021-05-28","total_count":38,"lineage_count":0,"total_count_rolling":32,"lineage_count_rolling":0,"proportion":0,"proportion_ci_lower":0.000015225304324521508,"proportion_ci_upper":0.07492776342928391,"dateTime":"2021-05-27T14:00:00.000Z"},{"date":"2021-05-29","total_count":20,"lineage_count":0,"total_count_rolling":34.285714285714285,"lineage_count_rolling":0,"proportion":0,"proportion_ci_lower":0.000014336290671557177,"proportion_ci_upper":0.07071163067902096,"dateTime":"2021-05-28T14:00:00.000Z"},{"date":"2021-05-30","total_count":11,"lineage_count":0,"total_count_rolling":34.42857142857143,"lineage_count_rolling":0,"proportion":0,"proportion_ci_lower":0.000014336290671557177,"proportion_ci_upper":0.07071163067902096,"dateTime":"2021-05-29T14:00:00.000Z"},{"date":"2021-05-31","total_count":60,"lineage_count":0,"total_count_rolling":35.857142857142854,"lineage_count_rolling":0,"proportion":0,"proportion_ci_lower":0.000013545366988825864,"proportion_ci_upper":0.06694448234237448,"dateTime":"2021-05-30T14:00:00.000Z"},{"date":"2021-06-01","total_count":92,"lineage_count":0,"total_count_rolling":44.285714285714285,"lineage_count_rolling":0,"proportion":0,"proportion_ci_lower":0.000011096587471255177,"proportion_ci_upper":0.055183596912170736,"dateTime":"2021-05-31T14:00:00.000Z"},{"date":"2021-06-02","total_count":63,"lineage_count":1,"total_count_rolling":49.57142857142857,"lineage_count_rolling":0.14285714285714285,"proportion":0.002881844380403458,"proportion_ci_lower":0.000009771663301804058,"proportion_ci_upper":0.04875845944407136,"dateTime":"2021-06-01T14:00:00.000Z"},{"date":"2021-06-03","total_count":68,"lineage_count":1,"total_count_rolling":50.285714285714285,"lineage_count_rolling":0.2857142857142857,"proportion":0.005681818181818182,"proportion_ci_lower":0.000009771663301804058,"proportion_ci_upper":0.04875845944407136,"dateTime":"2021-06-02T14:00:00.000Z"},{"date":"2021-06-04","total_count":91,"lineage_count":0,"total_count_rolling":57.857142857142854,"lineage_count_rolling":0.2857142857142857,"proportion":0.0049382716049382715,"proportion_ci_lower":0.000008429664640534895,"proportion_ci_upper":0.0422058745011226,"dateTime":"2021-06-03T14:00:00.000Z"},{"date":"2021-06-05","total_count":33,"lineage_count":2,"total_count_rolling":59.714285714285715,"lineage_count_rolling":0.5714285714285714,"proportion":0.009569377990430622,"proportion_ci_lower":0.0018042161883804412,"proportion_ci_upper":0.07525068954887792,"dateTime":"2021-06-04T14:00:00.000Z"},{"date":"2021-06-06","total_count":27,"lineage_count":0,"total_count_rolling":62,"lineage_count_rolling":0.5714285714285714,"proportion":0.009216589861751152,"proportion_ci_lower":0.0017458293848483157,"proportion_ci_upper":0.07290435588829713,"dateTime":"2021-06-05T14:00:00.000Z"},{"date":"2021-06-07","total_count":72,"lineage_count":1,"total_count_rolling":63.714285714285715,"lineage_count_rolling":0.7142857142857143,"proportion":0.011210762331838564,"proportion_ci_lower":0.0016911031183593271,"proportion_ci_upper":0.07069985560857905,"dateTime":"2021-06-06T14:00:00.000Z"},{"date":"2021-06-08","total_count":79,"lineage_count":0,"total_count_rolling":61.857142857142854,"lineage_count_rolling":0.7142857142857143,"proportion":0.011547344110854504,"proportion_ci_lower":0.0017458293848483157,"proportion_ci_upper":0.07290435588829713,"dateTime":"2021-06-07T14:00:00.000Z"},{"date":"2021-06-09","total_count":54,"lineage_count":0,"total_count_rolling":60.57142857142857,"lineage_count_rolling":0.5714285714285714,"proportion":0.009433962264150943,"proportion_ci_lower":0.0017745426423337522,"proportion_ci_upper":0.07405895200397827,"dateTime":"2021-06-08T14:00:00.000Z"},{"date":"2021-06-10","total_count":17,"lineage_count":0,"total_count_rolling":53.285714285714285,"lineage_count_rolling":0.42857142857142855,"proportion":0.00804289544235925,"proportion_ci_lower":0.00000922116209664496,"proportion_ci_upper":0.04607597583181053,"dateTime":"2021-06-09T14:00:00.000Z"},{"date":"2021-06-11","total_count":19,"lineage_count":0,"total_count_rolling":43,"lineage_count_rolling":0.42857142857142855,"proportion":0.009966777408637873,"proportion_ci_lower":0.000011353146034219708,"proportion_ci_upper":0.05642272440165041,"dateTime":"2021-06-10T14:00:00.000Z"},{"date":"2021-06-12","total_count":16,"lineage_count":0,"total_count_rolling":40.57142857142857,"lineage_count_rolling":0.14285714285714285,"proportion":0.0035211267605633804,"proportion_ci_lower":0.000011903578569170632,"proportion_ci_upper":0.05907570990931319,"dateTime":"2021-06-11T14:00:00.000Z"},{"date":"2021-06-13","total_count":11,"lineage_count":0,"total_count_rolling":38.285714285714285,"lineage_count_rolling":0.14285714285714285,"proportion":0.0037313432835820895,"proportion_ci_lower":0.000012837148145041117,"proportion_ci_upper":0.06355825497022041,"dateTime":"2021-06-12T14:00:00.000Z"},{"date":"2021-06-14","total_count":80,"lineage_count":0,"total_count_rolling":39.42857142857143,"lineage_count_rolling":0,"proportion":0,"proportion_ci_lower":0.00001251010253530656,"proportion_ci_upper":0.06199038426935264,"dateTime":"2021-06-13T14:00:00.000Z"},{"date":"2021-06-15","total_count":86,"lineage_count":0,"total_count_rolling":40.42857142857143,"lineage_count_rolling":0,"proportion":0,"proportion_ci_lower":0.00001219930657518636,"proportion_ci_upper":0.060497975214079645,"dateTime":"2021-06-14T14:00:00.000Z"},{"date":"2021-06-16","total_count":42,"lineage_count":0,"total_count_rolling":38.714285714285715,"lineage_count_rolling":0,"proportion":0,"proportion_ci_lower":0.00001251010253530656,"proportion_ci_upper":0.06199038426935264,"dateTime":"2021-06-15T14:00:00.000Z"},{"date":"2021-06-17","total_count":133,"lineage_count":0,"total_count_rolling":55.285714285714285,"lineage_count_rolling":0,"proportion":0,"proportion_ci_lower":0.000008887372821217652,"proportion_ci_upper":0.04444579612690665,"dateTime":"2021-06-16T14:00:00.000Z"},{"date":"2021-06-18","total_count":64,"lineage_count":1,"total_count_rolling":61.714285714285715,"lineage_count_rolling":0.14285714285714285,"proportion":0.0023148148148148147,"proportion_ci_lower":0.000007888010617589366,"proportion_ci_upper":0.03954834307825474,"dateTime":"2021-06-17T14:00:00.000Z"},{"date":"2021-06-19","total_count":6,"lineage_count":0,"total_count_rolling":60.285714285714285,"lineage_count_rolling":0.14285714285714285,"proportion":0.0023696682464454974,"proportion_ci_lower":0.00000814984778982563,"proportion_ci_upper":0.040833922866898485,"dateTime":"2021-06-18T14:00:00.000Z"},{"date":"2021-06-20","total_count":15,"lineage_count":0,"total_count_rolling":60.857142857142854,"lineage_count_rolling":0.14285714285714285,"proportion":0.002347417840375587,"proportion_ci_lower":0.000008016791819405204,"proportion_ci_upper":0.04018085432869683,"dateTime":"2021-06-19T14:00:00.000Z"},{"date":"2021-06-21","total_count":43,"lineage_count":0,"total_count_rolling":55.57142857142857,"lineage_count_rolling":0.14285714285714285,"proportion":0.002570694087403599,"proportion_ci_lower":0.00000872937892167467,"proportion_ci_upper":0.04367320309540497,"dateTime":"2021-06-20T14:00:00.000Z"},{"date":"2021-06-22","total_count":24,"lineage_count":0,"total_count_rolling":46.714285714285715,"lineage_count_rolling":0.14285714285714285,"proportion":0.003058103975535168,"proportion_ci_lower":0.000010392066291527431,"proportion_ci_upper":0.051772500175186045,"dateTime":"2021-06-21T14:00:00.000Z"},{"date":"2021-06-23","total_count":50,"lineage_count":0,"total_count_rolling":47.857142857142854,"lineage_count_rolling":0.14285714285714285,"proportion":0.0029850746268656717,"proportion_ci_lower":0.000010176693619626449,"proportion_ci_upper":0.05072726335249247,"dateTime":"2021-06-22T14:00:00.000Z"},{"date":"2021-06-24","total_count":58,"lineage_count":0,"total_count_rolling":37.142857142857146,"lineage_count_rolling":0.14285714285714285,"proportion":0.0038461538461538455,"proportion_ci_lower":0.000013181751978965987,"proportion_ci_upper":0.06520745644543388,"dateTime":"2021-06-23T14:00:00.000Z"},{"date":"2021-06-25","total_count":36,"lineage_count":0,"total_count_rolling":33.142857142857146,"lineage_count_rolling":0,"proportion":0,"proportion_ci_lower":0.000014767430104586674,"proportion_ci_upper":0.07275870531262567,"dateTime":"2021-06-24T14:00:00.000Z"},{"date":"2021-06-26","total_count":4,"lineage_count":0,"total_count_rolling":32.857142857142854,"lineage_count_rolling":0,"proportion":0,"proportion_ci_lower":0.000014767430104586674,"proportion_ci_upper":0.07275870531262567,"dateTime":"2021-06-25T14:00:00.000Z"},{"date":"2021-06-27","total_count":1,"lineage_count":0,"total_count_rolling":30.857142857142858,"lineage_count_rolling":0,"proportion":0,"proportion_ci_lower":0.000015712479537001282,"proportion_ci_upper":0.07723003565348177,"dateTime":"2021-06-26T14:00:00.000Z"}]			
"B.1.617.3"	"pangolin_lineage=B.1.617.3"	"Variant of Interest"	{"pango":"B.1.617.3","loc":[],"selected":"ZAF"}	[]			
"C.36.3"	"pangolin_lineage=C.36.3"	"Variant of Interest"	{"pango":"C.36.3","loc":[],"selected":"ZAF"}	[]			
"C.37"	"pangolin_lineage=C.37"	"Variant of Interest"	{"pango":"C.37","loc":[],"selected":"ZAF"}	[]			
"P.2"	"pangolin_lineage=P.2"	"Variant of Interest"	{"pango":"P.2","loc":[],"selected":"ZAF"}	[]			
"P.3"	"pangolin_lineage=P.3"	"Variant of Interest"	{"pango":"P.3","loc":[],"selected":"ZAF"}	[]			
"B.1.619"	"pangolin_lineage=B.1.619"	"Custom Lineages & Mutations"	{"pango":"B.1.619"}	[]		"pango"	"B.1.619"
"B.1.620"	"pangolin_lineage=B.1.620"	"Custom Lineages & Mutations"	{"pango":"B.1.620"}	[]		"pango"	"B.1.620"
"B.1.621"	"pangolin_lineage=B.1.621"	"Custom Lineages & Mutations"	{"pango":"B.1.621"}	[]		"pango"	"B.1.621"
