label	query	variantType	route	data	source	type	qParam
"AY.1"	"pangolin_lineage=AY.1"	"Variant of Concern"	{"pango":"AY.1","loc":[],"selected":"COL"}	[]			
"AY.2"	"pangolin_lineage=AY.2"	"Variant of Concern"	{"pango":"AY.2","loc":[],"selected":"COL"}	[]			
"B.1.1.7"	"pangolin_lineage=B.1.1.7"	"Variant of Concern"	{"pango":"B.1.1.7","loc":[],"selected":"COL"}	[]			
"B.1.1.7 + S:E484K"	"pangolin_lineage=B.1.1.7&mutations=S:E484K"	"Variant of Concern"	{"pango":"B.1.1.7","muts":["S:E484K"],"loc":[],"selected":"COL"}	[]			
"B.1.351"	"pangolin_lineage=B.1.351"	"Variant of Concern"	{"pango":"B.1.351","selected":"COL","loc":[]}	[{"date":"2021-04-13","total_count":45,"lineage_count":1,"total_count_rolling":45,"lineage_count_rolling":1,"proportion":0.022222222222222223,"proportion_ci_lower":0.0024082813189374263,"proportion_ci_upper":0.0991884795248088,"dateTime":"2021-04-12T14:00:00.000Z"},{"date":"2021-04-14","total_count":28,"lineage_count":0,"total_count_rolling":36.5,"lineage_count_rolling":0.5,"proportion":0.0136986301369863,"proportion_ci_lower":0.000013545366988825864,"proportion_ci_upper":0.06694448234237448,"dateTime":"2021-04-13T14:00:00.000Z"},{"date":"2021-04-15","total_count":38,"lineage_count":0,"total_count_rolling":37,"lineage_count_rolling":0.3333333333333333,"proportion":0.009009009009009009,"proportion_ci_lower":0.000013181751978965987,"proportion_ci_upper":0.06520745644543388,"dateTime":"2021-04-14T14:00:00.000Z"},{"date":"2021-04-16","total_count":21,"lineage_count":0,"total_count_rolling":33,"lineage_count_rolling":0.25,"proportion":0.007575757575757576,"proportion_ci_lower":0.000014767430104586674,"proportion_ci_upper":0.07275870531262567,"dateTime":"2021-04-15T14:00:00.000Z"},{"date":"2021-04-17","total_count":3,"lineage_count":0,"total_count_rolling":27,"lineage_count_rolling":0.2,"proportion":0.007407407407407408,"proportion_ci_lower":0.000018018696079932514,"proportion_ci_upper":0.08805083151105601,"dateTime":"2021-04-16T14:00:00.000Z"},{"date":"2021-04-18","total_count":3,"lineage_count":0,"total_count_rolling":23,"lineage_count_rolling":0.16666666666666666,"proportion":0.007246376811594202,"proportion_ci_lower":0.00002111832201730757,"proportion_ci_upper":0.10239382809160794,"dateTime":"2021-04-17T14:00:00.000Z"},{"date":"2021-04-19","total_count":8,"lineage_count":0,"total_count_rolling":20.857142857142858,"lineage_count_rolling":0.14285714285714285,"proportion":0.00684931506849315,"proportion_ci_lower":0.00002310564264915348,"proportion_ci_upper":0.11147031619304093,"dateTime":"2021-04-18T14:00:00.000Z"},{"date":"2021-04-20","total_count":11,"lineage_count":0,"total_count_rolling":16,"lineage_count_rolling":0,"proportion":0,"proportion_ci_lower":0.000030213479978023642,"proportion_ci_upper":0.1431841379314448,"dateTime":"2021-04-19T14:00:00.000Z"},{"date":"2021-04-21","total_count":17,"lineage_count":0,"total_count_rolling":14.428571428571429,"lineage_count_rolling":0,"proportion":0,"proportion_ci_lower":0.00003445267180200587,"proportion_ci_upper":0.16155330451419395,"dateTime":"2021-04-20T14:00:00.000Z"},{"date":"2021-04-22","total_count":13,"lineage_count":0,"total_count_rolling":10.857142857142858,"lineage_count_rolling":0,"proportion":0,"proportion_ci_lower":0.00004363579814218975,"proportion_ci_upper":0.19999456902620805,"dateTime":"2021-04-21T14:00:00.000Z"},{"date":"2021-04-23","total_count":5,"lineage_count":0,"total_count_rolling":8.571428571428571,"lineage_count_rolling":0,"proportion":0,"proportion_ci_lower":0.00005306405341849297,"proportion_ci_upper":0.23761009863290297,"dateTime":"2021-04-22T14:00:00.000Z"},{"date":"2021-04-24","total_count":5,"lineage_count":0,"total_count_rolling":8.857142857142858,"lineage_count_rolling":0,"proportion":0,"proportion_ci_lower":0.00005306405341849297,"proportion_ci_upper":0.23761009863290297,"dateTime":"2021-04-23T14:00:00.000Z"},{"date":"2021-04-25","total_count":4,"lineage_count":0,"total_count_rolling":9,"lineage_count_rolling":0,"proportion":0,"proportion_ci_lower":0.00005306405341849297,"proportion_ci_upper":0.23761009863290297,"dateTime":"2021-04-24T14:00:00.000Z"},{"date":"2021-04-26","total_count":24,"lineage_count":0,"total_count_rolling":11.285714285714286,"lineage_count_rolling":0,"proportion":0,"proportion_ci_lower":0.00004363579814218975,"proportion_ci_upper":0.19999456902620805,"dateTime":"2021-04-25T14:00:00.000Z"},{"date":"2021-04-27","total_count":22,"lineage_count":0,"total_count_rolling":12.857142857142858,"lineage_count_rolling":0,"proportion":0,"proportion_ci_lower":0.0000370519332987658,"proportion_ci_upper":0.17261944528205697,"dateTime":"2021-04-26T14:00:00.000Z"},{"date":"2021-04-28","total_count":13,"lineage_count":0,"total_count_rolling":12.285714285714286,"lineage_count_rolling":0,"proportion":0,"proportion_ci_lower":0.00004007531007659888,"proportion_ci_upper":0.18530593831248504,"dateTime":"2021-04-27T14:00:00.000Z"},{"date":"2021-04-29","total_count":11,"lineage_count":0,"total_count_rolling":12,"lineage_count_rolling":0,"proportion":0,"proportion_ci_lower":0.00004007531007659888,"proportion_ci_upper":0.18530593831248504,"dateTime":"2021-04-28T14:00:00.000Z"},{"date":"2021-04-30","total_count":12,"lineage_count":0,"total_count_rolling":13,"lineage_count_rolling":0,"proportion":0,"proportion_ci_lower":0.0000370519332987658,"proportion_ci_upper":0.17261944528205697,"dateTime":"2021-04-29T14:00:00.000Z"},{"date":"2021-05-01","total_count":9,"lineage_count":0,"total_count_rolling":13.571428571428571,"lineage_count_rolling":0,"proportion":0,"proportion_ci_lower":0.00003445267180200587,"proportion_ci_upper":0.16155330451419395,"dateTime":"2021-04-30T14:00:00.000Z"},{"date":"2021-05-02","total_count":3,"lineage_count":0,"total_count_rolling":13.428571428571429,"lineage_count_rolling":0,"proportion":0,"proportion_ci_lower":0.0000370519332987658,"proportion_ci_upper":0.17261944528205697,"dateTime":"2021-05-01T14:00:00.000Z"},{"date":"2021-05-03","total_count":26,"lineage_count":0,"total_count_rolling":13.714285714285714,"lineage_count_rolling":0,"proportion":0,"proportion_ci_lower":0.00003445267180200587,"proportion_ci_upper":0.16155330451419395,"dateTime":"2021-05-02T14:00:00.000Z"},{"date":"2021-05-04","total_count":15,"lineage_count":0,"total_count_rolling":12.714285714285714,"lineage_count_rolling":0,"proportion":0,"proportion_ci_lower":0.0000370519332987658,"proportion_ci_upper":0.17261944528205697,"dateTime":"2021-05-03T14:00:00.000Z"},{"date":"2021-05-05","total_count":20,"lineage_count":0,"total_count_rolling":13.714285714285714,"lineage_count_rolling":0,"proportion":0,"proportion_ci_lower":0.00003445267180200587,"proportion_ci_upper":0.16155330451419395,"dateTime":"2021-05-04T14:00:00.000Z"},{"date":"2021-05-06","total_count":12,"lineage_count":0,"total_count_rolling":13.857142857142858,"lineage_count_rolling":0,"proportion":0,"proportion_ci_lower":0.00003445267180200587,"proportion_ci_upper":0.16155330451419395,"dateTime":"2021-05-05T14:00:00.000Z"},{"date":"2021-05-07","total_count":14,"lineage_count":0,"total_count_rolling":14.142857142857142,"lineage_count_rolling":0,"proportion":0,"proportion_ci_lower":0.00003445267180200587,"proportion_ci_upper":0.16155330451419395,"dateTime":"2021-05-06T14:00:00.000Z"},{"date":"2021-05-08","total_count":19,"lineage_count":0,"total_count_rolling":15.571428571428571,"lineage_count_rolling":0,"proportion":0,"proportion_ci_lower":0.000030213479978023642,"proportion_ci_upper":0.1431841379314448,"dateTime":"2021-05-07T14:00:00.000Z"},{"date":"2021-05-09","total_count":6,"lineage_count":0,"total_count_rolling":16,"lineage_count_rolling":0,"proportion":0,"proportion_ci_lower":0.000030213479978023642,"proportion_ci_upper":0.1431841379314448,"dateTime":"2021-05-08T14:00:00.000Z"},{"date":"2021-05-10","total_count":23,"lineage_count":0,"total_count_rolling":15.571428571428571,"lineage_count_rolling":0,"proportion":0,"proportion_ci_lower":0.000030213479978023642,"proportion_ci_upper":0.1431841379314448,"dateTime":"2021-05-09T14:00:00.000Z"},{"date":"2021-05-11","total_count":11,"lineage_count":0,"total_count_rolling":15,"lineage_count_rolling":0,"proportion":0,"proportion_ci_lower":0.000032194144323726923,"proportion_ci_upper":0.15181666211439768,"dateTime":"2021-05-10T14:00:00.000Z"},{"date":"2021-05-12","total_count":14,"lineage_count":0,"total_count_rolling":14.142857142857142,"lineage_count_rolling":0,"proportion":0,"proportion_ci_lower":0.00003445267180200587,"proportion_ci_upper":0.16155330451419395,"dateTime":"2021-05-11T14:00:00.000Z"},{"date":"2021-05-13","total_count":12,"lineage_count":0,"total_count_rolling":14.142857142857142,"lineage_count_rolling":0,"proportion":0,"proportion_ci_lower":0.00003445267180200587,"proportion_ci_upper":0.16155330451419395,"dateTime":"2021-05-12T14:00:00.000Z"},{"date":"2021-05-14","total_count":8,"lineage_count":0,"total_count_rolling":13.285714285714286,"lineage_count_rolling":0,"proportion":0,"proportion_ci_lower":0.0000370519332987658,"proportion_ci_upper":0.17261944528205697,"dateTime":"2021-05-13T14:00:00.000Z"},{"date":"2021-05-15","total_count":4,"lineage_count":0,"total_count_rolling":11.142857142857142,"lineage_count_rolling":0,"proportion":0,"proportion_ci_lower":0.00004363579814218975,"proportion_ci_upper":0.19999456902620805,"dateTime":"2021-05-14T14:00:00.000Z"},{"date":"2021-05-16","total_count":2,"lineage_count":0,"total_count_rolling":10.571428571428571,"lineage_count_rolling":0,"proportion":0,"proportion_ci_lower":0.00004363579814218975,"proportion_ci_upper":0.19999456902620805,"dateTime":"2021-05-15T14:00:00.000Z"},{"date":"2021-05-18","total_count":16,"lineage_count":0,"total_count_rolling":9.333333333333334,"lineage_count_rolling":0,"proportion":0,"proportion_ci_lower":0.00005306405341849297,"proportion_ci_upper":0.23761009863290297,"dateTime":"2021-05-17T14:00:00.000Z"},{"date":"2021-05-19","total_count":28,"lineage_count":0,"total_count_rolling":11.666666666666666,"lineage_count_rolling":0,"proportion":0,"proportion_ci_lower":0.00004007531007659888,"proportion_ci_upper":0.18530593831248504,"dateTime":"2021-05-18T14:00:00.000Z"},{"date":"2021-05-20","total_count":9,"lineage_count":0,"total_count_rolling":11.166666666666666,"lineage_count_rolling":0,"proportion":0,"proportion_ci_lower":0.00004363579814218975,"proportion_ci_upper":0.19999456902620805,"dateTime":"2021-05-19T14:00:00.000Z"},{"date":"2021-05-21","total_count":10,"lineage_count":0,"total_count_rolling":11.5,"lineage_count_rolling":0,"proportion":0,"proportion_ci_lower":0.00004007531007659888,"proportion_ci_upper":0.18530593831248504,"dateTime":"2021-05-20T14:00:00.000Z"},{"date":"2021-05-22","total_count":1,"lineage_count":0,"total_count_rolling":11,"lineage_count_rolling":0,"proportion":0,"proportion_ci_lower":0.00004363579814218975,"proportion_ci_upper":0.19999456902620805,"dateTime":"2021-05-21T14:00:00.000Z"},{"date":"2021-05-23","total_count":1,"lineage_count":0,"total_count_rolling":10.833333333333334,"lineage_count_rolling":0,"proportion":0,"proportion_ci_lower":0.00004363579814218975,"proportion_ci_upper":0.19999456902620805,"dateTime":"2021-05-22T14:00:00.000Z"},{"date":"2021-05-24","total_count":3,"lineage_count":0,"total_count_rolling":9.714285714285714,"lineage_count_rolling":0,"proportion":0,"proportion_ci_lower":0.00004789043315758197,"proportion_ci_upper":0.21719626750921056,"dateTime":"2021-05-23T14:00:00.000Z"},{"date":"2021-05-25","total_count":5,"lineage_count":0,"total_count_rolling":8.142857142857142,"lineage_count_rolling":0,"proportion":0,"proportion_ci_lower":0.00005949030289440227,"proportion_ci_upper":0.26221724871718577,"dateTime":"2021-05-24T14:00:00.000Z"},{"date":"2021-05-26","total_count":2,"lineage_count":0,"total_count_rolling":4.428571428571429,"lineage_count_rolling":0,"proportion":0,"proportion_ci_lower":0.000115332788238275,"proportion_ci_upper":0.4447626176576397,"dateTime":"2021-05-25T14:00:00.000Z"},{"date":"2021-05-27","total_count":1,"lineage_count":0,"total_count_rolling":3.2857142857142856,"lineage_count_rolling":0,"proportion":0,"proportion_ci_lower":0.00015063602543656854,"proportion_ci_upper":0.5355832430429506,"dateTime":"2021-05-26T14:00:00.000Z"},{"date":"2021-05-28","total_count":2,"lineage_count":0,"total_count_rolling":2.142857142857143,"lineage_count_rolling":0,"proportion":0,"proportion_ci_lower":0.00021690847003096627,"proportion_ci_upper":0.6668217544012093,"dateTime":"2021-05-27T14:00:00.000Z"},{"date":"2021-05-29","total_count":2,"lineage_count":0,"total_count_rolling":2.2857142857142856,"lineage_count_rolling":0,"proportion":0,"proportion_ci_lower":0.00021690847003096627,"proportion_ci_upper":0.6668217544012093,"dateTime":"2021-05-28T14:00:00.000Z"},{"date":"2021-05-30","total_count":1,"lineage_count":0,"total_count_rolling":2.2857142857142856,"lineage_count_rolling":0,"proportion":0,"proportion_ci_lower":0.00021690847003096627,"proportion_ci_upper":0.6668217544012093,"dateTime":"2021-05-29T14:00:00.000Z"},{"date":"2021-06-01","total_count":1,"lineage_count":0,"total_count_rolling":1.5,"lineage_count_rolling":0,"proportion":0,"proportion_ci_lower":0.00021690847003096627,"proportion_ci_upper":0.6668217544012093,"dateTime":"2021-05-31T14:00:00.000Z"},{"date":"2021-06-04","total_count":3,"lineage_count":0,"total_count_rolling":1.75,"lineage_count_rolling":0,"proportion":0,"proportion_ci_lower":0.00021690847003096627,"proportion_ci_upper":0.6668217544012093,"dateTime":"2021-06-03T14:00:00.000Z"},{"date":"2021-06-08","total_count":2,"lineage_count":0,"total_count_rolling":2.5,"lineage_count_rolling":0,"proportion":0,"proportion_ci_lower":0.00021690847003096627,"proportion_ci_upper":0.6668217544012093,"dateTime":"2021-06-07T14:00:00.000Z"},{"date":"2021-06-10","total_count":4,"lineage_count":0,"total_count_rolling":3,"lineage_count_rolling":0,"proportion":0,"proportion_ci_lower":0.00015063602543656854,"proportion_ci_upper":0.5355832430429506,"dateTime":"2021-06-09T14:00:00.000Z"},{"date":"2021-06-11","total_count":4,"lineage_count":0,"total_count_rolling":3.3333333333333335,"lineage_count_rolling":0,"proportion":0,"proportion_ci_lower":0.00015063602543656854,"proportion_ci_upper":0.5355832430429506,"dateTime":"2021-06-10T14:00:00.000Z"},{"date":"2021-06-12","total_count":1,"lineage_count":0,"total_count_rolling":2.75,"lineage_count_rolling":0,"proportion":0,"proportion_ci_lower":0.00015063602543656854,"proportion_ci_upper":0.5355832430429506,"dateTime":"2021-06-11T14:00:00.000Z"},{"date":"2021-06-13","total_count":1,"lineage_count":0,"total_count_rolling":2.4,"lineage_count_rolling":0,"proportion":0,"proportion_ci_lower":0.00021690847003096627,"proportion_ci_upper":0.6668217544012093,"dateTime":"2021-06-12T14:00:00.000Z"},{"date":"2021-06-14","total_count":1,"lineage_count":0,"total_count_rolling":2.1666666666666665,"lineage_count_rolling":0,"proportion":0,"proportion_ci_lower":0.00021690847003096627,"proportion_ci_upper":0.6668217544012093,"dateTime":"2021-06-13T14:00:00.000Z"},{"date":"2021-06-15","total_count":4,"lineage_count":0,"total_count_rolling":2.5,"lineage_count_rolling":0,"proportion":0,"proportion_ci_lower":0.00021690847003096627,"proportion_ci_upper":0.6668217544012093,"dateTime":"2021-06-14T14:00:00.000Z"},{"date":"2021-06-16","total_count":1,"lineage_count":0,"total_count_rolling":2.2857142857142856,"lineage_count_rolling":0,"proportion":0,"proportion_ci_lower":0.00021690847003096627,"proportion_ci_upper":0.6668217544012093,"dateTime":"2021-06-15T14:00:00.000Z"},{"date":"2021-06-21","total_count":4,"lineage_count":0,"total_count_rolling":3,"lineage_count_rolling":0,"proportion":0,"proportion_ci_lower":0.00015063602543656854,"proportion_ci_upper":0.5355832430429506,"dateTime":"2021-06-20T14:00:00.000Z"},{"date":"2021-06-22","total_count":1,"lineage_count":0,"total_count_rolling":2,"lineage_count_rolling":0,"proportion":0,"proportion_ci_lower":0.00021690847003096627,"proportion_ci_upper":0.6668217544012093,"dateTime":"2021-06-21T14:00:00.000Z"}]			
"B.1.617.2"	"pangolin_lineage=B.1.617.2"	"Variant of Concern"	{"pango":"B.1.617.2","loc":[],"selected":"COL"}	[]			
"P.1"	"pangolin_lineage=P.1"	"Variant of Concern"	{"pango":"P.1","selected":"COL","loc":[]}	[]			
"P.1.1"	"pangolin_lineage=P.1.1"	"Variant of Concern"	{"pango":"P.1.1","selected":"COL","loc":[]}	[]			
"P.1.2"	"pangolin_lineage=P.1.2"	"Variant of Concern"	{"pango":"P.1.2","selected":"COL","loc":[]}	[]			
"AV.1"	"pangolin_lineage=AV.1"	"Variant of Interest"	{"pango":"AV.1","loc":["COL"],"selected":"COL"}	[]			
"B.1.1.318"	"pangolin_lineage=B.1.1.318"	"Variant of Interest"	{"pango":"B.1.1.318","selected":"COL","loc":[]}	[]			
"B.1.427"	"pangolin_lineage=B.1.427"	"Variant of Interest"	{"pango":"B.1.427","loc":[],"selected":"COL"}	[]			
"B.1.429"	"pangolin_lineage=B.1.429"	"Variant of Interest"	{"pango":"B.1.429","loc":[],"selected":"COL"}	[]			
"B.1.525"	"pangolin_lineage=B.1.525"	"Variant of Interest"	{"pango":"B.1.525","selected":"COL","loc":[]}	[]			
"B.1.526"	"pangolin_lineage=B.1.526"	"Variant of Interest"	{"pango":"B.1.526","loc":[],"selected":"COL"}	[]			
"B.1.617.1"	"pangolin_lineage=B.1.617.1"	"Variant of Interest"	{"pango":"B.1.617.1","loc":[],"selected":"COL"}	[]			
"B.1.617.3"	"pangolin_lineage=B.1.617.3"	"Variant of Interest"	{"pango":"B.1.617.3","loc":[],"selected":"COL"}	[]			
"C.36.3"	"pangolin_lineage=C.36.3"	"Variant of Interest"	{"pango":"C.36.3","loc":[],"selected":"COL"}	[]			
"C.37"	"pangolin_lineage=C.37"	"Variant of Interest"	{"pango":"C.37","loc":[],"selected":"COL"}	[{"date":"2021-04-05","total_count":62,"lineage_count":2,"total_count_rolling":62,"lineage_count_rolling":2,"proportion":0.03225806451612903,"proportion_ci_lower":0.006762871762364338,"proportion_ci_upper":0.09947056461811032,"dateTime":"2021-04-04T14:00:00.000Z"},{"date":"2021-04-06","total_count":20,"lineage_count":0,"total_count_rolling":41,"lineage_count_rolling":1,"proportion":0.024390243902439025,"proportion_ci_lower":0.002644378965855741,"proportion_ci_upper":0.10837947970042805,"dateTime":"2021-04-05T14:00:00.000Z"},{"date":"2021-04-07","total_count":27,"lineage_count":0,"total_count_rolling":36.333333333333336,"lineage_count_rolling":0.6666666666666666,"proportion":0.018348623853211007,"proportion_ci_lower":0.0030136938252919216,"proportion_ci_upper":0.12257359234796428,"dateTime":"2021-04-06T14:00:00.000Z"},{"date":"2021-04-08","total_count":57,"lineage_count":0,"total_count_rolling":41.5,"lineage_count_rolling":0.5,"proportion":0.012048192771084338,"proportion_ci_lower":0.00001162184868730745,"proportion_ci_upper":0.05771875848759089,"dateTime":"2021-04-07T14:00:00.000Z"},{"date":"2021-04-09","total_count":56,"lineage_count":6,"total_count_rolling":44.4,"lineage_count_rolling":1.6,"proportion":0.036036036036036036,"proportion_ci_lower":0.009564605686197613,"proportion_ci_upper":0.13791533543291212,"dateTime":"2021-04-08T14:00:00.000Z"},{"date":"2021-04-10","total_count":33,"lineage_count":0,"total_count_rolling":42.5,"lineage_count_rolling":1.3333333333333333,"proportion":0.03137254901960784,"proportion_ci_lower":0.002581118369002407,"proportion_ci_upper":0.10592581752281838,"dateTime":"2021-04-09T14:00:00.000Z"},{"date":"2021-04-11","total_count":5,"lineage_count":0,"total_count_rolling":37.142857142857146,"lineage_count_rolling":1.1428571428571428,"proportion":0.030769230769230764,"proportion_ci_lower":0.0029318022017416423,"proportion_ci_upper":0.11944530932428787,"dateTime":"2021-04-10T14:00:00.000Z"},{"date":"2021-04-12","total_count":50,"lineage_count":3,"total_count_rolling":35.42857142857143,"lineage_count_rolling":1.2857142857142858,"proportion":0.036290322580645164,"proportion_ci_lower":0.003100291936646488,"proportion_ci_upper":0.12586989440837926,"dateTime":"2021-04-11T14:00:00.000Z"},{"date":"2021-04-13","total_count":45,"lineage_count":0,"total_count_rolling":39,"lineage_count_rolling":1.2857142857142858,"proportion":0.03296703296703297,"proportion_ci_lower":0.0027806827312536085,"proportion_ci_upper":0.11364396963309498,"dateTime":"2021-04-12T14:00:00.000Z"},{"date":"2021-04-14","total_count":28,"lineage_count":0,"total_count_rolling":39.142857142857146,"lineage_count_rolling":1.2857142857142858,"proportion":0.032846715328467155,"proportion_ci_lower":0.0027806827312536085,"proportion_ci_upper":0.11364396963309498,"dateTime":"2021-04-13T14:00:00.000Z"},{"date":"2021-04-15","total_count":38,"lineage_count":1,"total_count_rolling":36.42857142857143,"lineage_count_rolling":1.4285714285714286,"proportion":0.0392156862745098,"proportion_ci_lower":0.0030136938252919216,"proportion_ci_upper":0.12257359234796428,"dateTime":"2021-04-14T14:00:00.000Z"},{"date":"2021-04-16","total_count":21,"lineage_count":0,"total_count_rolling":31.428571428571427,"lineage_count_rolling":0.5714285714285714,"proportion":0.01818181818181818,"proportion_ci_lower":0.00350291842130598,"proportion_ci_upper":0.14103799412369988,"dateTime":"2021-04-15T14:00:00.000Z"},{"date":"2021-04-17","total_count":3,"lineage_count":0,"total_count_rolling":27.142857142857142,"lineage_count_rolling":0.5714285714285714,"proportion":0.021052631578947368,"proportion_ci_lower":0.004025737857380893,"proportion_ci_upper":0.16035241031248948,"dateTime":"2021-04-16T14:00:00.000Z"},{"date":"2021-04-18","total_count":3,"lineage_count":0,"total_count_rolling":26.857142857142858,"lineage_count_rolling":0.5714285714285714,"proportion":0.02127659574468085,"proportion_ci_lower":0.004025737857380893,"proportion_ci_upper":0.16035241031248948,"dateTime":"2021-04-17T14:00:00.000Z"},{"date":"2021-04-19","total_count":8,"lineage_count":0,"total_count_rolling":20.857142857142858,"lineage_count_rolling":0.14285714285714285,"proportion":0.00684931506849315,"proportion_ci_lower":0.00002310564264915348,"proportion_ci_upper":0.11147031619304093,"dateTime":"2021-04-18T14:00:00.000Z"},{"date":"2021-04-20","total_count":11,"lineage_count":0,"total_count_rolling":16,"lineage_count_rolling":0.14285714285714285,"proportion":0.008928571428571428,"proportion_ci_lower":0.000030213479978023642,"proportion_ci_upper":0.1431841379314448,"dateTime":"2021-04-19T14:00:00.000Z"},{"date":"2021-04-21","total_count":17,"lineage_count":0,"total_count_rolling":14.428571428571429,"lineage_count_rolling":0.14285714285714285,"proportion":0.009900990099009901,"proportion_ci_lower":0.00003445267180200587,"proportion_ci_upper":0.16155330451419395,"dateTime":"2021-04-20T14:00:00.000Z"},{"date":"2021-04-22","total_count":13,"lineage_count":0,"total_count_rolling":10.857142857142858,"lineage_count_rolling":0,"proportion":0,"proportion_ci_lower":0.00004363579814218975,"proportion_ci_upper":0.19999456902620805,"dateTime":"2021-04-21T14:00:00.000Z"},{"date":"2021-04-23","total_count":5,"lineage_count":0,"total_count_rolling":8.571428571428571,"lineage_count_rolling":0,"proportion":0,"proportion_ci_lower":0.00005306405341849297,"proportion_ci_upper":0.23761009863290297,"dateTime":"2021-04-22T14:00:00.000Z"},{"date":"2021-04-24","total_count":5,"lineage_count":0,"total_count_rolling":8.857142857142858,"lineage_count_rolling":0,"proportion":0,"proportion_ci_lower":0.00005306405341849297,"proportion_ci_upper":0.23761009863290297,"dateTime":"2021-04-23T14:00:00.000Z"},{"date":"2021-04-25","total_count":4,"lineage_count":1,"total_count_rolling":9,"lineage_count_rolling":0.14285714285714285,"proportion":0.015873015873015872,"proportion_ci_lower":0.00005306405341849297,"proportion_ci_upper":0.23761009863290297,"dateTime":"2021-04-24T14:00:00.000Z"},{"date":"2021-04-26","total_count":24,"lineage_count":1,"total_count_rolling":11.285714285714286,"lineage_count_rolling":0.2857142857142857,"proportion":0.025316455696202528,"proportion_ci_lower":0.00004363579814218975,"proportion_ci_upper":0.19999456902620805,"dateTime":"2021-04-25T14:00:00.000Z"},{"date":"2021-04-27","total_count":22,"lineage_count":0,"total_count_rolling":12.857142857142858,"lineage_count_rolling":0.2857142857142857,"proportion":0.02222222222222222,"proportion_ci_lower":0.0000370519332987658,"proportion_ci_upper":0.17261944528205697,"dateTime":"2021-04-26T14:00:00.000Z"},{"date":"2021-04-28","total_count":13,"lineage_count":3,"total_count_rolling":12.285714285714286,"lineage_count_rolling":0.7142857142857143,"proportion":0.05813953488372093,"proportion_ci_lower":0.009144326234148487,"proportion_ci_upper":0.32849572640058833,"dateTime":"2021-04-27T14:00:00.000Z"},{"date":"2021-04-29","total_count":11,"lineage_count":0,"total_count_rolling":12,"lineage_count_rolling":0.7142857142857143,"proportion":0.05952380952380953,"proportion_ci_lower":0.009144326234148487,"proportion_ci_upper":0.32849572640058833,"dateTime":"2021-04-28T14:00:00.000Z"},{"date":"2021-04-30","total_count":12,"lineage_count":0,"total_count_rolling":13,"lineage_count_rolling":0.7142857142857143,"proportion":0.054945054945054944,"proportion_ci_lower":0.008429658312213874,"proportion_ci_upper":0.30714948970669465,"dateTime":"2021-04-29T14:00:00.000Z"},{"date":"2021-05-01","total_count":9,"lineage_count":0,"total_count_rolling":13.571428571428571,"lineage_count_rolling":0.7142857142857143,"proportion":0.052631578947368425,"proportion_ci_lower":0.007818630730104088,"proportion_ci_upper":0.2883795710080529,"dateTime":"2021-04-30T14:00:00.000Z"},{"date":"2021-05-02","total_count":3,"lineage_count":0,"total_count_rolling":13.428571428571429,"lineage_count_rolling":0.5714285714285714,"proportion":0.0425531914893617,"proportion_ci_lower":0.008429658312213874,"proportion_ci_upper":0.30714948970669465,"dateTime":"2021-05-01T14:00:00.000Z"},{"date":"2021-05-03","total_count":26,"lineage_count":1,"total_count_rolling":13.714285714285714,"lineage_count_rolling":0.5714285714285714,"proportion":0.041666666666666664,"proportion_ci_lower":0.007818630730104088,"proportion_ci_upper":0.2883795710080529,"dateTime":"2021-05-02T14:00:00.000Z"},{"date":"2021-05-04","total_count":15,"lineage_count":0,"total_count_rolling":12.714285714285714,"lineage_count_rolling":0.5714285714285714,"proportion":0.0449438202247191,"proportion_ci_lower":0.008429658312213874,"proportion_ci_upper":0.30714948970669465,"dateTime":"2021-05-03T14:00:00.000Z"},{"date":"2021-05-05","total_count":20,"lineage_count":0,"total_count_rolling":13.714285714285714,"lineage_count_rolling":0.14285714285714285,"proportion":0.010416666666666666,"proportion_ci_lower":0.00003445267180200587,"proportion_ci_upper":0.16155330451419395,"dateTime":"2021-05-04T14:00:00.000Z"},{"date":"2021-05-06","total_count":12,"lineage_count":0,"total_count_rolling":13.857142857142858,"lineage_count_rolling":0.14285714285714285,"proportion":0.010309278350515464,"proportion_ci_lower":0.00003445267180200587,"proportion_ci_upper":0.16155330451419395,"dateTime":"2021-05-05T14:00:00.000Z"},{"date":"2021-05-07","total_count":14,"lineage_count":0,"total_count_rolling":14.142857142857142,"lineage_count_rolling":0.14285714285714285,"proportion":0.0101010101010101,"proportion_ci_lower":0.00003445267180200587,"proportion_ci_upper":0.16155330451419395,"dateTime":"2021-05-06T14:00:00.000Z"},{"date":"2021-05-08","total_count":19,"lineage_count":1,"total_count_rolling":15.571428571428571,"lineage_count_rolling":0.2857142857142857,"proportion":0.018348623853211007,"proportion_ci_lower":0.000030213479978023642,"proportion_ci_upper":0.1431841379314448,"dateTime":"2021-05-07T14:00:00.000Z"},{"date":"2021-05-09","total_count":6,"lineage_count":0,"total_count_rolling":16,"lineage_count_rolling":0.2857142857142857,"proportion":0.017857142857142856,"proportion_ci_lower":0.000030213479978023642,"proportion_ci_upper":0.1431841379314448,"dateTime":"2021-05-08T14:00:00.000Z"},{"date":"2021-05-10","total_count":23,"lineage_count":0,"total_count_rolling":15.571428571428571,"lineage_count_rolling":0.14285714285714285,"proportion":0.009174311926605503,"proportion_ci_lower":0.000030213479978023642,"proportion_ci_upper":0.1431841379314448,"dateTime":"2021-05-09T14:00:00.000Z"},{"date":"2021-05-11","total_count":11,"lineage_count":0,"total_count_rolling":15,"lineage_count_rolling":0.14285714285714285,"proportion":0.009523809523809523,"proportion_ci_lower":0.000032194144323726923,"proportion_ci_upper":0.15181666211439768,"dateTime":"2021-05-10T14:00:00.000Z"},{"date":"2021-05-12","total_count":14,"lineage_count":0,"total_count_rolling":14.142857142857142,"lineage_count_rolling":0.14285714285714285,"proportion":0.0101010101010101,"proportion_ci_lower":0.00003445267180200587,"proportion_ci_upper":0.16155330451419395,"dateTime":"2021-05-11T14:00:00.000Z"},{"date":"2021-05-13","total_count":12,"lineage_count":0,"total_count_rolling":14.142857142857142,"lineage_count_rolling":0.14285714285714285,"proportion":0.0101010101010101,"proportion_ci_lower":0.00003445267180200587,"proportion_ci_upper":0.16155330451419395,"dateTime":"2021-05-12T14:00:00.000Z"},{"date":"2021-05-14","total_count":8,"lineage_count":0,"total_count_rolling":13.285714285714286,"lineage_count_rolling":0.14285714285714285,"proportion":0.01075268817204301,"proportion_ci_lower":0.0000370519332987658,"proportion_ci_upper":0.17261944528205697,"dateTime":"2021-05-13T14:00:00.000Z"},{"date":"2021-05-15","total_count":4,"lineage_count":0,"total_count_rolling":11.142857142857142,"lineage_count_rolling":0,"proportion":0,"proportion_ci_lower":0.00004363579814218975,"proportion_ci_upper":0.19999456902620805,"dateTime":"2021-05-14T14:00:00.000Z"},{"date":"2021-05-16","total_count":2,"lineage_count":0,"total_count_rolling":10.571428571428571,"lineage_count_rolling":0,"proportion":0,"proportion_ci_lower":0.00004363579814218975,"proportion_ci_upper":0.19999456902620805,"dateTime":"2021-05-15T14:00:00.000Z"},{"date":"2021-05-18","total_count":16,"lineage_count":0,"total_count_rolling":9.333333333333334,"lineage_count_rolling":0,"proportion":0,"proportion_ci_lower":0.00005306405341849297,"proportion_ci_upper":0.23761009863290297,"dateTime":"2021-05-17T14:00:00.000Z"},{"date":"2021-05-19","total_count":28,"lineage_count":0,"total_count_rolling":11.666666666666666,"lineage_count_rolling":0,"proportion":0,"proportion_ci_lower":0.00004007531007659888,"proportion_ci_upper":0.18530593831248504,"dateTime":"2021-05-18T14:00:00.000Z"},{"date":"2021-05-20","total_count":9,"lineage_count":0,"total_count_rolling":11.166666666666666,"lineage_count_rolling":0,"proportion":0,"proportion_ci_lower":0.00004363579814218975,"proportion_ci_upper":0.19999456902620805,"dateTime":"2021-05-19T14:00:00.000Z"},{"date":"2021-05-21","total_count":10,"lineage_count":0,"total_count_rolling":11.5,"lineage_count_rolling":0,"proportion":0,"proportion_ci_lower":0.00004007531007659888,"proportion_ci_upper":0.18530593831248504,"dateTime":"2021-05-20T14:00:00.000Z"},{"date":"2021-05-22","total_count":1,"lineage_count":0,"total_count_rolling":11,"lineage_count_rolling":0,"proportion":0,"proportion_ci_lower":0.00004363579814218975,"proportion_ci_upper":0.19999456902620805,"dateTime":"2021-05-21T14:00:00.000Z"},{"date":"2021-05-23","total_count":1,"lineage_count":0,"total_count_rolling":10.833333333333334,"lineage_count_rolling":0,"proportion":0,"proportion_ci_lower":0.00004363579814218975,"proportion_ci_upper":0.19999456902620805,"dateTime":"2021-05-22T14:00:00.000Z"},{"date":"2021-05-24","total_count":3,"lineage_count":0,"total_count_rolling":9.714285714285714,"lineage_count_rolling":0,"proportion":0,"proportion_ci_lower":0.00004789043315758197,"proportion_ci_upper":0.21719626750921056,"dateTime":"2021-05-23T14:00:00.000Z"},{"date":"2021-05-25","total_count":5,"lineage_count":0,"total_count_rolling":8.142857142857142,"lineage_count_rolling":0,"proportion":0,"proportion_ci_lower":0.00005949030289440227,"proportion_ci_upper":0.26221724871718577,"dateTime":"2021-05-24T14:00:00.000Z"},{"date":"2021-05-26","total_count":2,"lineage_count":0,"total_count_rolling":4.428571428571429,"lineage_count_rolling":0,"proportion":0,"proportion_ci_lower":0.000115332788238275,"proportion_ci_upper":0.4447626176576397,"dateTime":"2021-05-25T14:00:00.000Z"},{"date":"2021-05-27","total_count":1,"lineage_count":0,"total_count_rolling":3.2857142857142856,"lineage_count_rolling":0,"proportion":0,"proportion_ci_lower":0.00015063602543656854,"proportion_ci_upper":0.5355832430429506,"dateTime":"2021-05-26T14:00:00.000Z"},{"date":"2021-05-28","total_count":2,"lineage_count":0,"total_count_rolling":2.142857142857143,"lineage_count_rolling":0,"proportion":0,"proportion_ci_lower":0.00021690847003096627,"proportion_ci_upper":0.6668217544012093,"dateTime":"2021-05-27T14:00:00.000Z"},{"date":"2021-05-29","total_count":2,"lineage_count":0,"total_count_rolling":2.2857142857142856,"lineage_count_rolling":0,"proportion":0,"proportion_ci_lower":0.00021690847003096627,"proportion_ci_upper":0.6668217544012093,"dateTime":"2021-05-28T14:00:00.000Z"},{"date":"2021-05-30","total_count":1,"lineage_count":0,"total_count_rolling":2.2857142857142856,"lineage_count_rolling":0,"proportion":0,"proportion_ci_lower":0.00021690847003096627,"proportion_ci_upper":0.6668217544012093,"dateTime":"2021-05-29T14:00:00.000Z"},{"date":"2021-06-01","total_count":1,"lineage_count":0,"total_count_rolling":1.5,"lineage_count_rolling":0,"proportion":0,"proportion_ci_lower":0.00021690847003096627,"proportion_ci_upper":0.6668217544012093,"dateTime":"2021-05-31T14:00:00.000Z"},{"date":"2021-06-04","total_count":3,"lineage_count":1,"total_count_rolling":1.75,"lineage_count_rolling":0.25,"proportion":0.14285714285714285,"proportion_ci_lower":0.00021690847003096627,"proportion_ci_upper":0.6668217544012093,"dateTime":"2021-06-03T14:00:00.000Z"},{"date":"2021-06-08","total_count":2,"lineage_count":0,"total_count_rolling":2.5,"lineage_count_rolling":0.5,"proportion":0.2,"proportion_ci_lower":0.00021690847003096627,"proportion_ci_upper":0.6668217544012093,"dateTime":"2021-06-07T14:00:00.000Z"},{"date":"2021-06-10","total_count":4,"lineage_count":0,"total_count_rolling":3,"lineage_count_rolling":0.3333333333333333,"proportion":0.1111111111111111,"proportion_ci_lower":0.00015063602543656854,"proportion_ci_upper":0.5355832430429506,"dateTime":"2021-06-09T14:00:00.000Z"},{"date":"2021-06-11","total_count":4,"lineage_count":0,"total_count_rolling":3.3333333333333335,"lineage_count_rolling":0,"proportion":0,"proportion_ci_lower":0.00015063602543656854,"proportion_ci_upper":0.5355832430429506,"dateTime":"2021-06-10T14:00:00.000Z"},{"date":"2021-06-12","total_count":1,"lineage_count":0,"total_count_rolling":2.75,"lineage_count_rolling":0,"proportion":0,"proportion_ci_lower":0.00015063602543656854,"proportion_ci_upper":0.5355832430429506,"dateTime":"2021-06-11T14:00:00.000Z"},{"date":"2021-06-13","total_count":1,"lineage_count":0,"total_count_rolling":2.4,"lineage_count_rolling":0,"proportion":0,"proportion_ci_lower":0.00021690847003096627,"proportion_ci_upper":0.6668217544012093,"dateTime":"2021-06-12T14:00:00.000Z"},{"date":"2021-06-14","total_count":1,"lineage_count":0,"total_count_rolling":2.1666666666666665,"lineage_count_rolling":0,"proportion":0,"proportion_ci_lower":0.00021690847003096627,"proportion_ci_upper":0.6668217544012093,"dateTime":"2021-06-13T14:00:00.000Z"},{"date":"2021-06-15","total_count":4,"lineage_count":0,"total_count_rolling":2.5,"lineage_count_rolling":0,"proportion":0,"proportion_ci_lower":0.00021690847003096627,"proportion_ci_upper":0.6668217544012093,"dateTime":"2021-06-14T14:00:00.000Z"},{"date":"2021-06-16","total_count":1,"lineage_count":0,"total_count_rolling":2.2857142857142856,"lineage_count_rolling":0,"proportion":0,"proportion_ci_lower":0.00021690847003096627,"proportion_ci_upper":0.6668217544012093,"dateTime":"2021-06-15T14:00:00.000Z"},{"date":"2021-06-21","total_count":4,"lineage_count":0,"total_count_rolling":3,"lineage_count_rolling":0,"proportion":0,"proportion_ci_lower":0.00015063602543656854,"proportion_ci_upper":0.5355832430429506,"dateTime":"2021-06-20T14:00:00.000Z"},{"date":"2021-06-22","total_count":1,"lineage_count":0,"total_count_rolling":2,"lineage_count_rolling":0,"proportion":0,"proportion_ci_lower":0.00021690847003096627,"proportion_ci_upper":0.6668217544012093,"dateTime":"2021-06-21T14:00:00.000Z"}]			
"P.2"	"pangolin_lineage=P.2"	"Variant of Interest"	{"pango":"P.2","loc":[],"selected":"COL"}	[]			
"P.3"	"pangolin_lineage=P.3"	"Variant of Interest"	{"pango":"P.3","loc":[],"selected":"COL"}	[]			
"B.1.619"	"pangolin_lineage=B.1.619"	"Custom Lineages & Mutations"	{"pango":"B.1.619"}	[]		"pango"	"B.1.619"
"B.1.620"	"pangolin_lineage=B.1.620"	"Custom Lineages & Mutations"	{"pango":"B.1.620"}	[]		"pango"	"B.1.620"
"B.1.621"	"pangolin_lineage=B.1.621"	"Custom Lineages & Mutations"	{"pango":"B.1.621"}	[]		"pango"	"B.1.621"
