label	query	variantType	route	data	source	type	qParam
"AY.1"	"pangolin_lineage=AY.1"	"Variant of Concern"	{"pango":"AY.1","loc":[],"selected":"ISR"}	[]			
"AY.2"	"pangolin_lineage=AY.2"	"Variant of Concern"	{"pango":"AY.2","loc":[],"selected":"ISR"}	[]			
"B.1.1.7"	"pangolin_lineage=B.1.1.7"	"Variant of Concern"	{"pango":"B.1.1.7","loc":[],"selected":"ISR"}	[]			
"B.1.1.7 + S:E484K"	"pangolin_lineage=B.1.1.7&mutations=S:E484K"	"Variant of Concern"	{"pango":"B.1.1.7","muts":["S:E484K"],"loc":[],"selected":"ISR"}	[]			
"B.1.351"	"pangolin_lineage=B.1.351"	"Variant of Concern"	{"pango":"B.1.351","selected":"ISR","loc":[]}	[]			
"B.1.617.2"	"pangolin_lineage=B.1.617.2"	"Variant of Concern"	{"pango":"B.1.617.2","loc":[],"selected":"ISR"}	[{"date":"2021-04-08","total_count":94,"lineage_count":1,"total_count_rolling":94,"lineage_count_rolling":1,"proportion":0.010638297872340425,"proportion_ci_lower":0.001150253239572808,"proportion_ci_upper":0.04863644308992221,"dateTime":"2021-04-07T14:00:00.000Z"},{"date":"2021-04-09","total_count":5,"lineage_count":0,"total_count_rolling":49.5,"lineage_count_rolling":0.5,"proportion":0.010101010101010102,"proportion_ci_lower":0.000009771663301804058,"proportion_ci_upper":0.04875845944407136,"dateTime":"2021-04-08T14:00:00.000Z"},{"date":"2021-04-10","total_count":14,"lineage_count":3,"total_count_rolling":37.666666666666664,"lineage_count_rolling":1.3333333333333333,"proportion":0.035398230088495575,"proportion_ci_lower":0.00285424351588666,"proportion_ci_upper":0.11647253509079025,"dateTime":"2021-04-09T14:00:00.000Z"},{"date":"2021-04-11","total_count":54,"lineage_count":22,"total_count_rolling":41.75,"lineage_count_rolling":6.5,"proportion":0.15568862275449102,"proportion_ci_lower":0.06190210874901457,"proportion_ci_upper":0.27096883500211677,"dateTime":"2021-04-10T14:00:00.000Z"},{"date":"2021-04-12","total_count":198,"lineage_count":1,"total_count_rolling":73,"lineage_count_rolling":5.4,"proportion":0.07397260273972603,"proportion_ci_lower":0.02661434330198533,"proportion_ci_upper":0.14359631974365983,"dateTime":"2021-04-11T14:00:00.000Z"},{"date":"2021-04-13","total_count":38,"lineage_count":0,"total_count_rolling":67.16666666666667,"lineage_count_rolling":4.5,"proportion":0.06699751861042183,"proportion_ci_lower":0.020484774308291646,"proportion_ci_upper":0.13570690953059084,"dateTime":"2021-04-12T14:00:00.000Z"},{"date":"2021-04-14","total_count":2,"lineage_count":0,"total_count_rolling":57.857142857142854,"lineage_count_rolling":3.857142857142857,"proportion":0.06666666666666667,"proportion_ci_lower":0.023725073760793212,"proportion_ci_upper":0.15566705491415433,"dateTime":"2021-04-13T14:00:00.000Z"},{"date":"2021-04-18","total_count":56,"lineage_count":1,"total_count_rolling":73.5,"lineage_count_rolling":0.5,"proportion":0.006802721088435374,"proportion_ci_lower":0.0000066132006835966234,"proportion_ci_upper":0.03326452245900454,"dateTime":"2021-04-17T14:00:00.000Z"},{"date":"2021-04-19","total_count":38,"lineage_count":0,"total_count_rolling":33.5,"lineage_count_rolling":0.25,"proportion":0.007462686567164179,"proportion_ci_lower":0.000014336290671557177,"proportion_ci_upper":0.07071163067902096,"dateTime":"2021-04-18T14:00:00.000Z"},{"date":"2021-04-20","total_count":39,"lineage_count":10,"total_count_rolling":33.75,"lineage_count_rolling":2.75,"proportion":0.08148148148148149,"proportion_ci_lower":0.025482629675592557,"proportion_ci_upper":0.2171131472977066,"dateTime":"2021-04-19T14:00:00.000Z"},{"date":"2021-04-21","total_count":58,"lineage_count":0,"total_count_rolling":47.75,"lineage_count_rolling":2.75,"proportion":0.05759162303664921,"proportion_ci_lower":0.017915645478051995,"proportion_ci_upper":0.15748319831862023,"dateTime":"2021-04-20T14:00:00.000Z"},{"date":"2021-04-22","total_count":3,"lineage_count":0,"total_count_rolling":38.8,"lineage_count_rolling":2.2,"proportion":0.05670103092783506,"proportion_ci_lower":0.010808493187614737,"proportion_ci_upper":0.15449078684500717,"dateTime":"2021-04-21T14:00:00.000Z"},{"date":"2021-04-23","total_count":4,"lineage_count":0,"total_count_rolling":33,"lineage_count_rolling":1.8333333333333333,"proportion":0.05555555555555555,"proportion_ci_lower":0.012807314608238599,"proportion_ci_upper":0.18050923385144613,"dateTime":"2021-04-22T14:00:00.000Z"},{"date":"2021-04-24","total_count":1,"lineage_count":0,"total_count_rolling":28.428571428571427,"lineage_count_rolling":1.5714285714285714,"proportion":0.05527638190954774,"proportion_ci_lower":0.015140826005434656,"proportion_ci_upper":0.2099471569799859,"dateTime":"2021-04-23T14:00:00.000Z"},{"date":"2021-04-25","total_count":42,"lineage_count":0,"total_count_rolling":26.428571428571427,"lineage_count_rolling":1.4285714285714286,"proportion":0.05405405405405406,"proportion_ci_lower":0.004181774944604056,"proportion_ci_upper":0.16603455828794433,"dateTime":"2021-04-24T14:00:00.000Z"},{"date":"2021-04-26","total_count":40,"lineage_count":1,"total_count_rolling":26.714285714285715,"lineage_count_rolling":1.5714285714285714,"proportion":0.058823529411764705,"proportion_ci_lower":0.015713463540086743,"proportion_ci_upper":0.2170204216209073,"dateTime":"2021-04-25T14:00:00.000Z"},{"date":"2021-04-27","total_count":9,"lineage_count":1,"total_count_rolling":22.428571428571427,"lineage_count_rolling":0.2857142857142857,"proportion":0.012738853503184714,"proportion_ci_lower":0.000022067332398350842,"proportion_ci_upper":0.10673971791178566,"dateTime":"2021-04-26T14:00:00.000Z"},{"date":"2021-04-28","total_count":67,"lineage_count":6,"total_count_rolling":23.714285714285715,"lineage_count_rolling":1.1428571428571428,"proportion":0.048192771084337345,"proportion_ci_lower":0.004533190127271505,"proportion_ci_upper":0.17869491879897315,"dateTime":"2021-04-27T14:00:00.000Z"},{"date":"2021-04-29","total_count":20,"lineage_count":1,"total_count_rolling":26.142857142857142,"lineage_count_rolling":1.2857142857142858,"proportion":0.049180327868852465,"proportion_ci_lower":0.004181774944604056,"proportion_ci_upper":0.16603455828794433,"dateTime":"2021-04-28T14:00:00.000Z"},{"date":"2021-04-30","total_count":1,"lineage_count":0,"total_count_rolling":25.714285714285715,"lineage_count_rolling":1.2857142857142858,"proportion":0.05,"proportion_ci_lower":0.004181774944604056,"proportion_ci_upper":0.16603455828794433,"dateTime":"2021-04-29T14:00:00.000Z"},{"date":"2021-05-01","total_count":2,"lineage_count":0,"total_count_rolling":25.857142857142858,"lineage_count_rolling":1.2857142857142858,"proportion":0.04972375690607735,"proportion_ci_lower":0.004181774944604056,"proportion_ci_upper":0.16603455828794433,"dateTime":"2021-04-30T14:00:00.000Z"},{"date":"2021-05-02","total_count":30,"lineage_count":0,"total_count_rolling":24.142857142857142,"lineage_count_rolling":1.2857142857142858,"proportion":0.053254437869822494,"proportion_ci_lower":0.004533190127271505,"proportion_ci_upper":0.17869491879897315,"dateTime":"2021-05-01T14:00:00.000Z"},{"date":"2021-05-03","total_count":23,"lineage_count":0,"total_count_rolling":21.714285714285715,"lineage_count_rolling":1.1428571428571428,"proportion":0.05263157894736842,"proportion_ci_lower":0.00494909354918625,"proportion_ci_upper":0.19343736468330985,"dateTime":"2021-05-02T14:00:00.000Z"},{"date":"2021-05-04","total_count":30,"lineage_count":3,"total_count_rolling":24.714285714285715,"lineage_count_rolling":1.4285714285714286,"proportion":0.057803468208092484,"proportion_ci_lower":0.0043503968273724825,"proportion_ci_upper":0.1721329579601225,"dateTime":"2021-05-03T14:00:00.000Z"},{"date":"2021-05-05","total_count":28,"lineage_count":0,"total_count_rolling":19.142857142857142,"lineage_count_rolling":0.5714285714285714,"proportion":0.029850746268656716,"proportion_ci_lower":0.005738899484810237,"proportion_ci_upper":0.22072924806695837,"dateTime":"2021-05-04T14:00:00.000Z"},{"date":"2021-05-06","total_count":22,"lineage_count":9,"total_count_rolling":19.428571428571427,"lineage_count_rolling":1.7142857142857142,"proportion":0.08823529411764706,"proportion_ci_lower":0.022531952331801643,"proportion_ci_upper":0.2968822418114352,"dateTime":"2021-05-05T14:00:00.000Z"},{"date":"2021-05-07","total_count":8,"lineage_count":0,"total_count_rolling":20.428571428571427,"lineage_count_rolling":1.7142857142857142,"proportion":0.08391608391608392,"proportion_ci_lower":0.0213724880224748,"proportion_ci_upper":0.28385325730425237,"dateTime":"2021-05-06T14:00:00.000Z"},{"date":"2021-05-09","total_count":35,"lineage_count":6,"total_count_rolling":24.333333333333332,"lineage_count_rolling":3,"proportion":0.12328767123287672,"proportion_ci_lower":0.03649732808659243,"proportion_ci_upper":0.29729470385779344,"dateTime":"2021-05-08T14:00:00.000Z"},{"date":"2021-05-10","total_count":13,"lineage_count":1,"total_count_rolling":22.666666666666668,"lineage_count_rolling":3.1666666666666665,"proportion":0.13970588235294115,"proportion_ci_lower":0.03814675538033277,"proportion_ci_upper":0.3086623662204163,"dateTime":"2021-05-09T14:00:00.000Z"},{"date":"2021-05-11","total_count":17,"lineage_count":0,"total_count_rolling":20.5,"lineage_count_rolling":2.6666666666666665,"proportion":0.13008130081300812,"proportion_ci_lower":0.044131341975155884,"proportion_ci_upper":0.3485777108584541,"dateTime":"2021-05-10T14:00:00.000Z"},{"date":"2021-05-15","total_count":68,"lineage_count":9,"total_count_rolling":33.25,"lineage_count_rolling":4,"proportion":0.12030075187969924,"proportion_ci_lower":0.04232855518224242,"proportion_ci_upper":0.26291258959741237,"dateTime":"2021-05-14T14:00:00.000Z"},{"date":"2021-05-16","total_count":19,"lineage_count":0,"total_count_rolling":29.25,"lineage_count_rolling":2.5,"proportion":0.08547008547008547,"proportion_ci_lower":0.014608469346427849,"proportion_ci_upper":0.2033186204518802,"dateTime":"2021-05-15T14:00:00.000Z"},{"date":"2021-05-17","total_count":3,"lineage_count":0,"total_count_rolling":26.75,"lineage_count_rolling":2.25,"proportion":0.08411214953271028,"proportion_ci_lower":0.015713463540086743,"proportion_ci_upper":0.2170204216209073,"dateTime":"2021-05-16T14:00:00.000Z"},{"date":"2021-05-18","total_count":59,"lineage_count":3,"total_count_rolling":37.25,"lineage_count_rolling":3,"proportion":0.08053691275167785,"proportion_ci_lower":0.023367489643180386,"proportion_ci_upper":0.20083139405572192,"dateTime":"2021-05-17T14:00:00.000Z"},{"date":"2021-05-19","total_count":32,"lineage_count":0,"total_count_rolling":36.2,"lineage_count_rolling":2.4,"proportion":0.06629834254143646,"proportion_ci_lower":0.011723298866157889,"proportion_ci_upper":0.16649213533961227,"dateTime":"2021-05-18T14:00:00.000Z"},{"date":"2021-05-20","total_count":21,"lineage_count":5,"total_count_rolling":33.666666666666664,"lineage_count_rolling":2.8333333333333335,"proportion":0.08415841584158416,"proportion_ci_lower":0.025482629675592557,"proportion_ci_upper":0.2171131472977066,"dateTime":"2021-05-19T14:00:00.000Z"},{"date":"2021-05-21","total_count":8,"lineage_count":3,"total_count_rolling":30,"lineage_count_rolling":2.857142857142857,"proportion":0.09523809523809525,"proportion_ci_lower":0.0289806190327265,"proportion_ci_upper":0.24340160898492713,"dateTime":"2021-05-20T14:00:00.000Z"},{"date":"2021-05-22","total_count":4,"lineage_count":0,"total_count_rolling":20.857142857142858,"lineage_count_rolling":1.5714285714285714,"proportion":0.07534246575342465,"proportion_ci_lower":0.020326577268213308,"proportion_ci_upper":0.2719106832895529,"dateTime":"2021-05-21T14:00:00.000Z"},{"date":"2021-05-23","total_count":2,"lineage_count":0,"total_count_rolling":18.428571428571427,"lineage_count_rolling":1.5714285714285714,"proportion":0.08527131782945736,"proportion_ci_lower":0.023824539738012896,"proportion_ci_upper":0.311150863855984,"dateTime":"2021-05-22T14:00:00.000Z"},{"date":"2021-05-25","total_count":2,"lineage_count":0,"total_count_rolling":11.5,"lineage_count_rolling":1.3333333333333333,"proportion":0.11594202898550723,"proportion_ci_lower":0.009144326234148487,"proportion_ci_upper":0.32849572640058833,"dateTime":"2021-05-24T14:00:00.000Z"},{"date":"2021-05-26","total_count":1,"lineage_count":1,"total_count_rolling":6.333333333333333,"lineage_count_rolling":1.5,"proportion":0.2368421052631579,"proportion_ci_lower":0.07677014003487345,"proportion_ci_upper":0.713576990745803,"dateTime":"2021-05-25T14:00:00.000Z"},{"date":"2021-05-27","total_count":4,"lineage_count":1,"total_count_rolling":3.5,"lineage_count_rolling":0.8333333333333334,"proportion":0.2380952380952381,"proportion_ci_lower":0.02847089508714681,"proportion_ci_upper":0.7162483204365873,"dateTime":"2021-05-26T14:00:00.000Z"},{"date":"2021-05-28","total_count":4,"lineage_count":0,"total_count_rolling":2.8333333333333335,"lineage_count_rolling":0.3333333333333333,"proportion":0.1176470588235294,"proportion_ci_lower":0.00015063602543656854,"proportion_ci_upper":0.5355832430429506,"dateTime":"2021-05-27T14:00:00.000Z"},{"date":"2021-05-30","total_count":10,"lineage_count":1,"total_count_rolling":4.2,"lineage_count_rolling":0.6,"proportion":0.14285714285714285,"proportion_ci_lower":0.02847089508714681,"proportion_ci_upper":0.7162483204365873,"dateTime":"2021-05-29T14:00:00.000Z"},{"date":"2021-05-31","total_count":3,"lineage_count":0,"total_count_rolling":4,"lineage_count_rolling":0.5,"proportion":0.125,"proportion_ci_lower":0.000115332788238275,"proportion_ci_upper":0.4447626176576397,"dateTime":"2021-05-30T14:00:00.000Z"},{"date":"2021-06-01","total_count":11,"lineage_count":7,"total_count_rolling":5.5,"lineage_count_rolling":1.6666666666666667,"proportion":0.30303030303030304,"proportion_ci_lower":0.07677014003487345,"proportion_ci_upper":0.713576990745803,"dateTime":"2021-05-31T14:00:00.000Z"},{"date":"2021-06-02","total_count":14,"lineage_count":11,"total_count_rolling":7.666666666666667,"lineage_count_rolling":3.3333333333333335,"proportion":0.43478260869565216,"proportion_ci_lower":0.11903918015416597,"proportion_ci_upper":0.7051765537196912,"dateTime":"2021-06-01T14:00:00.000Z"},{"date":"2021-06-03","total_count":3,"lineage_count":0,"total_count_rolling":7.5,"lineage_count_rolling":3.1666666666666665,"proportion":0.4222222222222222,"proportion_ci_lower":0.11903918015416597,"proportion_ci_upper":0.7051765537196912,"dateTime":"2021-06-02T14:00:00.000Z"},{"date":"2021-06-04","total_count":15,"lineage_count":6,"total_count_rolling":9.333333333333334,"lineage_count_rolling":4.166666666666667,"proportion":0.44642857142857145,"proportion_ci_lower":0.17296775667284822,"proportion_ci_upper":0.7459061321253839,"dateTime":"2021-06-03T14:00:00.000Z"},{"date":"2021-06-05","total_count":1,"lineage_count":0,"total_count_rolling":8.142857142857142,"lineage_count_rolling":3.5714285714285716,"proportion":0.4385964912280702,"proportion_ci_lower":0.19896561128149587,"proportion_ci_upper":0.8010343887185041,"dateTime":"2021-06-04T14:00:00.000Z"},{"date":"2021-06-14","total_count":1,"lineage_count":0,"total_count_rolling":1,"lineage_count_rolling":0,"proportion":0,"proportion_ci_lower":0.00038558098075590136,"proportion_ci_upper":0.8532536836904249,"dateTime":"2021-06-13T14:00:00.000Z"},{"date":"2021-06-18","total_count":1,"lineage_count":0,"total_count_rolling":1,"lineage_count_rolling":0,"proportion":0,"proportion_ci_lower":0.00038558098075590136,"proportion_ci_upper":0.8532536836904249,"dateTime":"2021-06-17T14:00:00.000Z"},{"date":"2021-06-19","total_count":10,"lineage_count":10,"total_count_rolling":4,"lineage_count_rolling":3.3333333333333335,"proportion":0.8333333333333334,"proportion_ci_lower":0.2837516795634127,"proportion_ci_upper":0.9715291049128532,"dateTime":"2021-06-18T14:00:00.000Z"},{"date":"2021-06-20","total_count":97,"lineage_count":96,"total_count_rolling":27.25,"lineage_count_rolling":26.5,"proportion":0.9724770642201835,"proportion_ci_lower":0.8396475896875105,"proportion_ci_upper":0.9959742621426191,"dateTime":"2021-06-19T14:00:00.000Z"},{"date":"2021-06-21","total_count":92,"lineage_count":88,"total_count_rolling":50,"lineage_count_rolling":48.5,"proportion":0.97,"proportion_ci_lower":0.8778210644127505,"proportion_ci_upper":0.991595964861054,"dateTime":"2021-06-20T14:00:00.000Z"},{"date":"2021-06-22","total_count":116,"lineage_count":115,"total_count_rolling":63.2,"lineage_count_rolling":61.8,"proportion":0.9778481012658227,"proportion_ci_lower":0.9282148076830341,"proportion_ci_upper":0.9982819694573982,"dateTime":"2021-06-21T14:00:00.000Z"},{"date":"2021-06-23","total_count":141,"lineage_count":140,"total_count_rolling":76.16666666666667,"lineage_count_rolling":74.83333333333333,"proportion":0.9824945295404813,"proportion_ci_lower":0.9401580856640145,"proportion_ci_upper":0.9985766091915698,"dateTime":"2021-06-22T14:00:00.000Z"},{"date":"2021-06-24","total_count":95,"lineage_count":94,"total_count_rolling":78.85714285714286,"lineage_count_rolling":77.57142857142857,"proportion":0.983695652173913,"proportion_ci_lower":0.9423708728219778,"proportion_ci_upper":0.9986307974321842,"dateTime":"2021-06-23T14:00:00.000Z"},{"date":"2021-06-25","total_count":10,"lineage_count":10,"total_count_rolling":80.14285714285714,"lineage_count_rolling":79,"proportion":0.9857397504456329,"proportion_ci_lower":0.9430725554129908,"proportion_ci_upper":0.9986479547997251,"dateTime":"2021-06-24T14:00:00.000Z"},{"date":"2021-06-26","total_count":5,"lineage_count":5,"total_count_rolling":79.42857142857143,"lineage_count_rolling":78.28571428571429,"proportion":0.985611510791367,"proportion_ci_lower":0.9423708728219778,"proportion_ci_upper":0.9986307974321842,"dateTime":"2021-06-25T14:00:00.000Z"}]			
"P.1"	"pangolin_lineage=P.1"	"Variant of Concern"	{"pango":"P.1","selected":"ISR","loc":[]}	[]			
"P.1.1"	"pangolin_lineage=P.1.1"	"Variant of Concern"	{"pango":"P.1.1","selected":"ISR","loc":[]}	[{"date":"2021-05-18","total_count":59,"lineage_count":1,"total_count_rolling":59,"lineage_count_rolling":1,"proportion":0.01694915254237288,"proportion_ci_lower":0.0018348990169689214,"proportion_ci_upper":0.0764813890335817,"dateTime":"2021-05-17T14:00:00.000Z"},{"date":"2021-05-19","total_count":32,"lineage_count":0,"total_count_rolling":45.5,"lineage_count_rolling":0.5,"proportion":0.01098901098901099,"proportion_ci_lower":0.000010616751927119647,"proportion_ci_upper":0.05286170463923311,"dateTime":"2021-05-18T14:00:00.000Z"},{"date":"2021-05-20","total_count":21,"lineage_count":0,"total_count_rolling":37.333333333333336,"lineage_count_rolling":0.3333333333333333,"proportion":0.008928571428571428,"proportion_ci_lower":0.000013181751978965987,"proportion_ci_upper":0.06520745644543388,"dateTime":"2021-05-19T14:00:00.000Z"},{"date":"2021-05-21","total_count":8,"lineage_count":0,"total_count_rolling":30,"lineage_count_rolling":0.25,"proportion":0.008333333333333333,"proportion_ci_lower":0.000016231861223464357,"proportion_ci_upper":0.07967817381725997,"dateTime":"2021-05-20T14:00:00.000Z"},{"date":"2021-05-22","total_count":4,"lineage_count":0,"total_count_rolling":24.8,"lineage_count_rolling":0.2,"proportion":0.008064516129032258,"proportion_ci_lower":0.000019445770898158813,"proportion_ci_upper":0.0946827641095835,"dateTime":"2021-05-21T14:00:00.000Z"},{"date":"2021-05-23","total_count":2,"lineage_count":0,"total_count_rolling":21,"lineage_count_rolling":0.16666666666666666,"proportion":0.007936507936507936,"proportion_ci_lower":0.00002310564264915348,"proportion_ci_upper":0.11147031619304093,"dateTime":"2021-05-22T14:00:00.000Z"},{"date":"2021-05-25","total_count":2,"lineage_count":0,"total_count_rolling":11.5,"lineage_count_rolling":0,"proportion":0,"proportion_ci_lower":0.00004007531007659888,"proportion_ci_upper":0.18530593831248504,"dateTime":"2021-05-24T14:00:00.000Z"},{"date":"2021-05-26","total_count":1,"lineage_count":0,"total_count_rolling":6.333333333333333,"lineage_count_rolling":0,"proportion":0,"proportion_ci_lower":0.0000784998483662081,"proportion_ci_upper":0.33038890915155017,"dateTime":"2021-05-25T14:00:00.000Z"},{"date":"2021-05-27","total_count":4,"lineage_count":0,"total_count_rolling":3.5,"lineage_count_rolling":0,"proportion":0,"proportion_ci_lower":0.000115332788238275,"proportion_ci_upper":0.4447626176576397,"dateTime":"2021-05-26T14:00:00.000Z"},{"date":"2021-05-28","total_count":4,"lineage_count":0,"total_count_rolling":2.8333333333333335,"lineage_count_rolling":0,"proportion":0,"proportion_ci_lower":0.00015063602543656854,"proportion_ci_upper":0.5355832430429506,"dateTime":"2021-05-27T14:00:00.000Z"},{"date":"2021-05-30","total_count":10,"lineage_count":0,"total_count_rolling":4.2,"lineage_count_rolling":0,"proportion":0,"proportion_ci_lower":0.000115332788238275,"proportion_ci_upper":0.4447626176576397,"dateTime":"2021-05-29T14:00:00.000Z"},{"date":"2021-05-31","total_count":3,"lineage_count":0,"total_count_rolling":4,"lineage_count_rolling":0,"proportion":0,"proportion_ci_lower":0.000115332788238275,"proportion_ci_upper":0.4447626176576397,"dateTime":"2021-05-30T14:00:00.000Z"},{"date":"2021-06-01","total_count":11,"lineage_count":0,"total_count_rolling":5.5,"lineage_count_rolling":0,"proportion":0,"proportion_ci_lower":0.0000784998483662081,"proportion_ci_upper":0.33038890915155017,"dateTime":"2021-05-31T14:00:00.000Z"},{"date":"2021-06-02","total_count":14,"lineage_count":0,"total_count_rolling":7.666666666666667,"lineage_count_rolling":0,"proportion":0,"proportion_ci_lower":0.00005949030289440227,"proportion_ci_upper":0.26221724871718577,"dateTime":"2021-06-01T14:00:00.000Z"},{"date":"2021-06-03","total_count":3,"lineage_count":0,"total_count_rolling":7.5,"lineage_count_rolling":0,"proportion":0,"proportion_ci_lower":0.00005949030289440227,"proportion_ci_upper":0.26221724871718577,"dateTime":"2021-06-02T14:00:00.000Z"},{"date":"2021-06-04","total_count":15,"lineage_count":0,"total_count_rolling":9.333333333333334,"lineage_count_rolling":0,"proportion":0,"proportion_ci_lower":0.00005306405341849297,"proportion_ci_upper":0.23761009863290297,"dateTime":"2021-06-03T14:00:00.000Z"},{"date":"2021-06-05","total_count":1,"lineage_count":0,"total_count_rolling":8.142857142857142,"lineage_count_rolling":0,"proportion":0,"proportion_ci_lower":0.00005949030289440227,"proportion_ci_upper":0.26221724871718577,"dateTime":"2021-06-04T14:00:00.000Z"},{"date":"2021-06-14","total_count":1,"lineage_count":0,"total_count_rolling":1,"lineage_count_rolling":0,"proportion":0,"proportion_ci_lower":0.00038558098075590136,"proportion_ci_upper":0.8532536836904249,"dateTime":"2021-06-13T14:00:00.000Z"},{"date":"2021-06-18","total_count":1,"lineage_count":0,"total_count_rolling":1,"lineage_count_rolling":0,"proportion":0,"proportion_ci_lower":0.00038558098075590136,"proportion_ci_upper":0.8532536836904249,"dateTime":"2021-06-17T14:00:00.000Z"},{"date":"2021-06-19","total_count":10,"lineage_count":0,"total_count_rolling":4,"lineage_count_rolling":0,"proportion":0,"proportion_ci_lower":0.000115332788238275,"proportion_ci_upper":0.4447626176576397,"dateTime":"2021-06-18T14:00:00.000Z"},{"date":"2021-06-20","total_count":97,"lineage_count":0,"total_count_rolling":27.25,"lineage_count_rolling":0,"proportion":0,"proportion_ci_lower":0.000018018696079932514,"proportion_ci_upper":0.08805083151105601,"dateTime":"2021-06-19T14:00:00.000Z"},{"date":"2021-06-21","total_count":92,"lineage_count":0,"total_count_rolling":50,"lineage_count_rolling":0,"proportion":0,"proportion_ci_lower":0.000009771663301804058,"proportion_ci_upper":0.04875845944407136,"dateTime":"2021-06-20T14:00:00.000Z"},{"date":"2021-06-22","total_count":116,"lineage_count":0,"total_count_rolling":63.2,"lineage_count_rolling":0,"proportion":0,"proportion_ci_lower":0.000007763301435834223,"proportion_ci_upper":0.038935433654495914,"dateTime":"2021-06-21T14:00:00.000Z"},{"date":"2021-06-23","total_count":141,"lineage_count":0,"total_count_rolling":76.16666666666667,"lineage_count_rolling":0,"proportion":0,"proportion_ci_lower":0.000006439742130875608,"proportion_ci_upper":0.03240633018502279,"dateTime":"2021-06-22T14:00:00.000Z"},{"date":"2021-06-24","total_count":95,"lineage_count":0,"total_count_rolling":78.85714285714286,"lineage_count_rolling":0,"proportion":0,"proportion_ci_lower":0.000006195969633030646,"proportion_ci_upper":0.031198967532896815,"dateTime":"2021-06-23T14:00:00.000Z"},{"date":"2021-06-25","total_count":10,"lineage_count":0,"total_count_rolling":80.14285714285714,"lineage_count_rolling":0,"proportion":0,"proportion_ci_lower":0.0000061187622791363035,"proportion_ci_upper":0.030816258492440244,"dateTime":"2021-06-24T14:00:00.000Z"},{"date":"2021-06-26","total_count":5,"lineage_count":0,"total_count_rolling":79.42857142857143,"lineage_count_rolling":0,"proportion":0,"proportion_ci_lower":0.000006195969633030646,"proportion_ci_upper":0.031198967532896815,"dateTime":"2021-06-25T14:00:00.000Z"}]			
"P.1.2"	"pangolin_lineage=P.1.2"	"Variant of Concern"	{"pango":"P.1.2","selected":"ISR","loc":[]}	[]			
"AV.1"	"pangolin_lineage=AV.1"	"Variant of Interest"	{"pango":"AV.1","loc":["ISR"],"selected":"ISR"}	[]			
"B.1.1.318"	"pangolin_lineage=B.1.1.318"	"Variant of Interest"	{"pango":"B.1.1.318","selected":"ISR","loc":[]}	[]			
"B.1.427"	"pangolin_lineage=B.1.427"	"Variant of Interest"	{"pango":"B.1.427","loc":[],"selected":"ISR"}	[]			
"B.1.429"	"pangolin_lineage=B.1.429"	"Variant of Interest"	{"pango":"B.1.429","loc":[],"selected":"ISR"}	[]			
"B.1.525"	"pangolin_lineage=B.1.525"	"Variant of Interest"	{"pango":"B.1.525","selected":"ISR","loc":[]}	[{"date":"2021-01-10","total_count":40,"lineage_count":1,"total_count_rolling":40,"lineage_count_rolling":1,"proportion":0.025,"proportion_ci_lower":0.0027108184860381223,"proportion_ci_upper":0.1109493804784687,"dateTime":"2021-01-09T13:00:00.000Z"},{"date":"2021-01-11","total_count":200,"lineage_count":0,"total_count_rolling":120,"lineage_count_rolling":0.5,"proportion":0.004166666666666667,"proportion_ci_lower":0.000004083430307814326,"proportion_ci_upper":0.020672550481578986,"dateTime":"2021-01-10T13:00:00.000Z"},{"date":"2021-01-12","total_count":151,"lineage_count":0,"total_count_rolling":130.33333333333334,"lineage_count_rolling":0.3333333333333333,"proportion":0.002557544757033248,"proportion_ci_lower":0.0000037699249767690984,"proportion_ci_upper":0.019100681880484,"dateTime":"2021-01-11T13:00:00.000Z"},{"date":"2021-01-13","total_count":52,"lineage_count":0,"total_count_rolling":110.75,"lineage_count_rolling":0.25,"proportion":0.002257336343115124,"proportion_ci_lower":0.0000044137728963029014,"proportion_ci_upper":0.02232611090258803,"dateTime":"2021-01-12T13:00:00.000Z"},{"date":"2021-01-14","total_count":67,"lineage_count":0,"total_count_rolling":102,"lineage_count_rolling":0.2,"proportion":0.00196078431372549,"proportion_ci_lower":0.000004802268082154887,"proportion_ci_upper":0.02426718408551595,"dateTime":"2021-01-13T13:00:00.000Z"},{"date":"2021-01-15","total_count":52,"lineage_count":0,"total_count_rolling":93.66666666666667,"lineage_count_rolling":0.16666666666666666,"proportion":0.0017793594306049821,"proportion_ci_lower":0.000005209883835722245,"proportion_ci_upper":0.026299643969461436,"dateTime":"2021-01-14T13:00:00.000Z"},{"date":"2021-01-16","total_count":32,"lineage_count":0,"total_count_rolling":84.85714285714286,"lineage_count_rolling":0.14285714285714285,"proportion":0.0016835016835016834,"proportion_ci_lower":0.000005759894808021867,"proportion_ci_upper":0.02903540064176619,"dateTime":"2021-01-15T13:00:00.000Z"},{"date":"2021-01-17","total_count":73,"lineage_count":0,"total_count_rolling":89.57142857142857,"lineage_count_rolling":0,"proportion":0,"proportion_ci_lower":0.000005440790451678171,"proportion_ci_upper":0.02744911297520379,"dateTime":"2021-01-16T13:00:00.000Z"},{"date":"2021-01-18","total_count":83,"lineage_count":0,"total_count_rolling":72.85714285714286,"lineage_count_rolling":0,"proportion":0,"proportion_ci_lower":0.0000067034819393403345,"proportion_ci_upper":0.03371089046890293,"dateTime":"2021-01-17T13:00:00.000Z"},{"date":"2021-01-19","total_count":76,"lineage_count":0,"total_count_rolling":62.142857142857146,"lineage_count_rolling":0,"proportion":0,"proportion_ci_lower":0.000007888010617589366,"proportion_ci_upper":0.03954834307825474,"dateTime":"2021-01-18T13:00:00.000Z"},{"date":"2021-01-20","total_count":160,"lineage_count":0,"total_count_rolling":77.57142857142857,"lineage_count_rolling":0,"proportion":0,"proportion_ci_lower":0.000006275150301788441,"proportion_ci_upper":0.031591300912841735,"dateTime":"2021-01-19T13:00:00.000Z"},{"date":"2021-01-21","total_count":107,"lineage_count":0,"total_count_rolling":83.28571428571429,"lineage_count_rolling":0,"proportion":0,"proportion_ci_lower":0.000005898269017590927,"proportion_ci_upper":0.029722461982065438,"dateTime":"2021-01-20T13:00:00.000Z"},{"date":"2021-01-22","total_count":29,"lineage_count":0,"total_count_rolling":80,"lineage_count_rolling":0,"proportion":0,"proportion_ci_lower":0.0000061187622791363035,"proportion_ci_upper":0.030816258492440244,"dateTime":"2021-01-21T13:00:00.000Z"},{"date":"2021-01-23","total_count":7,"lineage_count":0,"total_count_rolling":76.42857142857143,"lineage_count_rolling":0,"proportion":0,"proportion_ci_lower":0.000006439742130875608,"proportion_ci_upper":0.03240633018502279,"dateTime":"2021-01-22T13:00:00.000Z"},{"date":"2021-01-24","total_count":33,"lineage_count":0,"total_count_rolling":70.71428571428571,"lineage_count_rolling":0,"proportion":0,"proportion_ci_lower":0.00000689164691943004,"proportion_ci_upper":0.03464055125105068,"dateTime":"2021-01-23T13:00:00.000Z"},{"date":"2021-01-25","total_count":58,"lineage_count":0,"total_count_rolling":67.14285714285714,"lineage_count_rolling":0,"proportion":0,"proportion_ci_lower":0.000007301552000127836,"proportion_ci_upper":0.036662656161163265,"dateTime":"2021-01-24T13:00:00.000Z"},{"date":"2021-01-26","total_count":194,"lineage_count":0,"total_count_rolling":84,"lineage_count_rolling":0,"proportion":0,"proportion_ci_lower":0.000005828260714123539,"proportion_ci_upper":0.029374914724789057,"dateTime":"2021-01-25T13:00:00.000Z"},{"date":"2021-01-27","total_count":206,"lineage_count":0,"total_count_rolling":90.57142857142857,"lineage_count_rolling":0,"proportion":0,"proportion_ci_lower":0.000005381165961424882,"proportion_ci_upper":0.027152428338212384,"dateTime":"2021-01-26T13:00:00.000Z"},{"date":"2021-01-28","total_count":300,"lineage_count":0,"total_count_rolling":118.14285714285714,"lineage_count_rolling":0,"proportion":0,"proportion_ci_lower":0.000004152494218583101,"proportion_ci_upper":0.021018487557514863,"dateTime":"2021-01-27T13:00:00.000Z"},{"date":"2021-01-29","total_count":85,"lineage_count":0,"total_count_rolling":126.14285714285714,"lineage_count_rolling":0,"proportion":0,"proportion_ci_lower":0.00000388936745076218,"proportion_ci_upper":0.019699846007219607,"dateTime":"2021-01-28T13:00:00.000Z"},{"date":"2021-01-30","total_count":24,"lineage_count":1,"total_count_rolling":128.57142857142858,"lineage_count_rolling":0.14285714285714285,"proportion":0.001111111111111111,"proportion_ci_lower":0.000003799092510704436,"proportion_ci_upper":0.019247029976596747,"dateTime":"2021-01-29T13:00:00.000Z"},{"date":"2021-01-31","total_count":220,"lineage_count":0,"total_count_rolling":155.28571428571428,"lineage_count_rolling":0.14285714285714285,"proportion":0.0009199632014719411,"proportion_ci_lower":0.000003162854397434514,"proportion_ci_upper":0.016049739631135936,"dateTime":"2021-01-30T13:00:00.000Z"},{"date":"2021-02-01","total_count":155,"lineage_count":0,"total_count_rolling":169.14285714285714,"lineage_count_rolling":0.14285714285714285,"proportion":0.0008445945945945945,"proportion_ci_lower":0.0000029012307854328,"proportion_ci_upper":0.014731976992333445,"dateTime":"2021-01-31T13:00:00.000Z"},{"date":"2021-02-02","total_count":552,"lineage_count":0,"total_count_rolling":220.28571428571428,"lineage_count_rolling":0.14285714285714285,"proportion":0.0006485084306095979,"proportion_ci_lower":0.000002229437887841918,"proportion_ci_upper":0.011340153493315042,"dateTime":"2021-02-01T13:00:00.000Z"},{"date":"2021-02-03","total_count":52,"lineage_count":0,"total_count_rolling":198.28571428571428,"lineage_count_rolling":0.14285714285714285,"proportion":0.0007204610951008645,"proportion_ci_lower":0.000002476840150978428,"proportion_ci_upper":0.012590622585741005,"dateTime":"2021-02-02T13:00:00.000Z"},{"date":"2021-02-04","total_count":44,"lineage_count":0,"total_count_rolling":161.71428571428572,"lineage_count_rolling":0.14285714285714285,"proportion":0.0008833922261484098,"proportion_ci_lower":0.000003026398967456074,"proportion_ci_upper":0.015362652317221332,"dateTime":"2021-02-03T13:00:00.000Z"},{"date":"2021-02-05","total_count":19,"lineage_count":0,"total_count_rolling":152.28571428571428,"lineage_count_rolling":0.14285714285714285,"proportion":0.0009380863039399625,"proportion_ci_lower":0.0000032251763846040623,"proportion_ci_upper":0.01636338685702408,"dateTime":"2021-02-04T13:00:00.000Z"},{"date":"2021-02-06","total_count":20,"lineage_count":0,"total_count_rolling":151.71428571428572,"lineage_count_rolling":0,"proportion":0,"proportion_ci_lower":0.0000032251763846040623,"proportion_ci_upper":0.01636338685702408,"dateTime":"2021-02-05T13:00:00.000Z"},{"date":"2021-02-07","total_count":387,"lineage_count":0,"total_count_rolling":175.57142857142858,"lineage_count_rolling":0,"proportion":0,"proportion_ci_lower":0.0000027860049954209005,"proportion_ci_upper":0.014151040347032323,"dateTime":"2021-02-06T13:00:00.000Z"},{"date":"2021-02-08","total_count":88,"lineage_count":0,"total_count_rolling":166,"lineage_count_rolling":0,"proportion":0,"proportion_ci_lower":0.000002953583627474557,"proportion_ci_upper":0.014995812402480947,"dateTime":"2021-02-07T13:00:00.000Z"},{"date":"2021-02-09","total_count":54,"lineage_count":0,"total_count_rolling":94.85714285714286,"lineage_count_rolling":0,"proportion":0,"proportion_ci_lower":0.000005155187412462514,"proportion_ci_upper":0.026027162224622036,"dateTime":"2021-02-08T13:00:00.000Z"},{"date":"2021-02-10","total_count":44,"lineage_count":0,"total_count_rolling":93.71428571428571,"lineage_count_rolling":0,"proportion":0,"proportion_ci_lower":0.000005209883835722245,"proportion_ci_upper":0.026299643969461436,"dateTime":"2021-02-09T13:00:00.000Z"},{"date":"2021-02-11","total_count":96,"lineage_count":0,"total_count_rolling":101.14285714285714,"lineage_count_rolling":0,"proportion":0,"proportion_ci_lower":0.000004849697487530529,"proportion_ci_upper":0.02450389547565467,"dateTime":"2021-02-10T13:00:00.000Z"},{"date":"2021-02-12","total_count":35,"lineage_count":0,"total_count_rolling":103.42857142857143,"lineage_count_rolling":0,"proportion":0,"proportion_ci_lower":0.000004755757395835347,"proportion_ci_upper":0.024035002013446116,"dateTime":"2021-02-11T13:00:00.000Z"},{"date":"2021-02-13","total_count":22,"lineage_count":0,"total_count_rolling":103.71428571428571,"lineage_count_rolling":0,"proportion":0,"proportion_ci_lower":0.000004710138990984357,"proportion_ci_upper":0.023807220500456965,"dateTime":"2021-02-12T13:00:00.000Z"},{"date":"2021-02-14","total_count":71,"lineage_count":0,"total_count_rolling":58.57142857142857,"lineage_count_rolling":0,"proportion":0,"proportion_ci_lower":0.00000828739496441351,"proportion_ci_upper":0.041508567264538415,"dateTime":"2021-02-13T13:00:00.000Z"},{"date":"2021-02-15","total_count":58,"lineage_count":0,"total_count_rolling":54.285714285714285,"lineage_count_rolling":0,"proportion":0,"proportion_ci_lower":0.000009051191172037456,"proportion_ci_upper":0.04524621037882053,"dateTime":"2021-02-14T13:00:00.000Z"},{"date":"2021-02-16","total_count":90,"lineage_count":0,"total_count_rolling":59.42857142857143,"lineage_count_rolling":0,"proportion":0,"proportion_ci_lower":0.00000828739496441351,"proportion_ci_upper":0.041508567264538415,"dateTime":"2021-02-15T13:00:00.000Z"},{"date":"2021-02-17","total_count":73,"lineage_count":0,"total_count_rolling":63.57142857142857,"lineage_count_rolling":0,"proportion":0,"proportion_ci_lower":0.000007642474147531675,"proportion_ci_upper":0.03834122889437086,"dateTime":"2021-02-16T13:00:00.000Z"},{"date":"2021-02-18","total_count":72,"lineage_count":0,"total_count_rolling":60.142857142857146,"lineage_count_rolling":0,"proportion":0,"proportion_ci_lower":0.00000814984778982563,"proportion_ci_upper":0.040833922866898485,"dateTime":"2021-02-17T13:00:00.000Z"},{"date":"2021-02-19","total_count":24,"lineage_count":0,"total_count_rolling":58.57142857142857,"lineage_count_rolling":0,"proportion":0,"proportion_ci_lower":0.00000828739496441351,"proportion_ci_upper":0.041508567264538415,"dateTime":"2021-02-18T13:00:00.000Z"},{"date":"2021-02-20","total_count":32,"lineage_count":0,"total_count_rolling":60,"lineage_count_rolling":0,"proportion":0,"proportion_ci_lower":0.00000814984778982563,"proportion_ci_upper":0.040833922866898485,"dateTime":"2021-02-19T13:00:00.000Z"},{"date":"2021-02-21","total_count":125,"lineage_count":0,"total_count_rolling":67.71428571428571,"lineage_count_rolling":0,"proportion":0,"proportion_ci_lower":0.000007194571384576424,"proportion_ci_upper":0.03613531901631472,"dateTime":"2021-02-20T13:00:00.000Z"},{"date":"2021-02-22","total_count":334,"lineage_count":0,"total_count_rolling":107.14285714285714,"lineage_count_rolling":0,"proportion":0,"proportion_ci_lower":0.000004578387879384091,"proportion_ci_upper":0.023149062905532237,"dateTime":"2021-02-21T13:00:00.000Z"},{"date":"2021-02-23","total_count":187,"lineage_count":0,"total_count_rolling":121,"lineage_count_rolling":0,"proportion":0,"proportion_ci_lower":0.000004049752744084809,"proportion_ci_upper":0.020503817168623407,"dateTime":"2021-02-22T13:00:00.000Z"},{"date":"2021-02-24","total_count":109,"lineage_count":0,"total_count_rolling":126.14285714285714,"lineage_count_rolling":0,"proportion":0,"proportion_ci_lower":0.00000388936745076218,"proportion_ci_upper":0.019699846007219607,"dateTime":"2021-02-23T13:00:00.000Z"},{"date":"2021-02-25","total_count":103,"lineage_count":0,"total_count_rolling":130.57142857142858,"lineage_count_rolling":0,"proportion":0,"proportion_ci_lower":0.0000037412018972241163,"proportion_ci_upper":0.018956542476434756,"dateTime":"2021-02-24T13:00:00.000Z"},{"date":"2021-02-26","total_count":29,"lineage_count":0,"total_count_rolling":131.28571428571428,"lineage_count_rolling":0,"proportion":0,"proportion_ci_lower":0.0000037412018972241163,"proportion_ci_upper":0.018956542476434756,"dateTime":"2021-02-25T13:00:00.000Z"},{"date":"2021-02-27","total_count":77,"lineage_count":0,"total_count_rolling":137.71428571428572,"lineage_count_rolling":0,"proportion":0,"proportion_ci_lower":0.0000035517749256105316,"proportion_ci_upper":0.018005420836371328,"dateTime":"2021-02-26T13:00:00.000Z"},{"date":"2021-02-28","total_count":319,"lineage_count":0,"total_count_rolling":165.42857142857142,"lineage_count_rolling":0,"proportion":0,"proportion_ci_lower":0.0000029714569860068655,"proportion_ci_upper":0.01508587011946681,"dateTime":"2021-02-27T13:00:00.000Z"},{"date":"2021-03-01","total_count":173,"lineage_count":0,"total_count_rolling":142.42857142857142,"lineage_count_rolling":0,"proportion":0,"proportion_ci_lower":0.0000034519012479190323,"proportion_ci_upper":0.0175035789898406,"dateTime":"2021-02-28T13:00:00.000Z"},{"date":"2021-03-02","total_count":197,"lineage_count":0,"total_count_rolling":143.85714285714286,"lineage_count_rolling":0,"proportion":0,"proportion_ci_lower":0.000003404041491547519,"proportion_ci_upper":0.017263003969863668,"dateTime":"2021-03-01T13:00:00.000Z"},{"date":"2021-03-03","total_count":140,"lineage_count":0,"total_count_rolling":148.28571428571428,"lineage_count_rolling":0,"proportion":0,"proportion_ci_lower":0.0000033121959323806535,"proportion_ci_upper":0.016801161884148184,"dateTime":"2021-03-02T13:00:00.000Z"},{"date":"2021-03-04","total_count":86,"lineage_count":0,"total_count_rolling":145.85714285714286,"lineage_count_rolling":0,"proportion":0,"proportion_ci_lower":0.0000033574907119487602,"proportion_ci_upper":0.017028952188629702,"dateTime":"2021-03-03T13:00:00.000Z"},{"date":"2021-03-05","total_count":94,"lineage_count":0,"total_count_rolling":155.14285714285714,"lineage_count_rolling":0,"proportion":0,"proportion_ci_lower":0.000003162854397434514,"proportion_ci_upper":0.016049739631135936,"dateTime":"2021-03-04T13:00:00.000Z"},{"date":"2021-03-06","total_count":44,"lineage_count":0,"total_count_rolling":150.42857142857142,"lineage_count_rolling":0,"proportion":0,"proportion_ci_lower":0.000003268106996801492,"proportion_ci_upper":0.016579385114364954,"dateTime":"2021-03-05T13:00:00.000Z"},{"date":"2021-03-07","total_count":106,"lineage_count":0,"total_count_rolling":120,"lineage_count_rolling":0,"proportion":0,"proportion_ci_lower":0.000004083430307814326,"proportion_ci_upper":0.020672550481578986,"dateTime":"2021-03-06T13:00:00.000Z"},{"date":"2021-03-08","total_count":13,"lineage_count":0,"total_count_rolling":97.14285714285714,"lineage_count_rolling":0,"proportion":0,"proportion_ci_lower":0.000005049169109898994,"proportion_ci_upper":0.025498792336140684,"dateTime":"2021-03-07T13:00:00.000Z"},{"date":"2021-03-09","total_count":16,"lineage_count":0,"total_count_rolling":71.28571428571429,"lineage_count_rolling":0,"proportion":0,"proportion_ci_lower":0.00000689164691943004,"proportion_ci_upper":0.03464055125105068,"dateTime":"2021-03-08T13:00:00.000Z"},{"date":"2021-03-10","total_count":14,"lineage_count":0,"total_count_rolling":53.285714285714285,"lineage_count_rolling":0,"proportion":0,"proportion_ci_lower":0.00000922116209664496,"proportion_ci_upper":0.04607597583181053,"dateTime":"2021-03-09T13:00:00.000Z"},{"date":"2021-03-11","total_count":25,"lineage_count":0,"total_count_rolling":44.57142857142857,"lineage_count_rolling":0,"proportion":0,"proportion_ci_lower":0.000010851367920604664,"proportion_ci_upper":0.05399770969071757,"dateTime":"2021-03-10T13:00:00.000Z"},{"date":"2021-03-12","total_count":87,"lineage_count":0,"total_count_rolling":43.57142857142857,"lineage_count_rolling":0,"proportion":0,"proportion_ci_lower":0.000011096587471255177,"proportion_ci_upper":0.055183596912170736,"dateTime":"2021-03-11T13:00:00.000Z"},{"date":"2021-03-13","total_count":5,"lineage_count":0,"total_count_rolling":38,"lineage_count_rolling":0,"proportion":0,"proportion_ci_lower":0.000012837148145041117,"proportion_ci_upper":0.06355825497022041,"dateTime":"2021-03-12T13:00:00.000Z"},{"date":"2021-03-14","total_count":178,"lineage_count":0,"total_count_rolling":48.285714285714285,"lineage_count_rolling":0,"proportion":0,"proportion_ci_lower":0.000010176693619626449,"proportion_ci_upper":0.05072726335249247,"dateTime":"2021-03-13T13:00:00.000Z"},{"date":"2021-03-15","total_count":45,"lineage_count":0,"total_count_rolling":52.857142857142854,"lineage_count_rolling":0,"proportion":0,"proportion_ci_lower":0.00000922116209664496,"proportion_ci_upper":0.04607597583181053,"dateTime":"2021-03-14T13:00:00.000Z"},{"date":"2021-03-16","total_count":201,"lineage_count":0,"total_count_rolling":79.28571428571429,"lineage_count_rolling":0,"proportion":0,"proportion_ci_lower":0.000006195969633030646,"proportion_ci_upper":0.031198967532896815,"dateTime":"2021-03-15T13:00:00.000Z"},{"date":"2021-03-17","total_count":48,"lineage_count":0,"total_count_rolling":84.14285714285714,"lineage_count_rolling":0,"proportion":0,"proportion_ci_lower":0.000005828260714123539,"proportion_ci_upper":0.029374914724789057,"dateTime":"2021-03-16T13:00:00.000Z"},{"date":"2021-03-18","total_count":19,"lineage_count":0,"total_count_rolling":83.28571428571429,"lineage_count_rolling":0,"proportion":0,"proportion_ci_lower":0.000005898269017590927,"proportion_ci_upper":0.029722461982065438,"dateTime":"2021-03-17T13:00:00.000Z"},{"date":"2021-03-19","total_count":25,"lineage_count":0,"total_count_rolling":74.42857142857143,"lineage_count_rolling":0,"proportion":0,"proportion_ci_lower":0.0000066132006835966234,"proportion_ci_upper":0.03326452245900454,"dateTime":"2021-03-18T13:00:00.000Z"},{"date":"2021-03-20","total_count":41,"lineage_count":0,"total_count_rolling":79.57142857142857,"lineage_count_rolling":0,"proportion":0,"proportion_ci_lower":0.0000061187622791363035,"proportion_ci_upper":0.030816258492440244,"dateTime":"2021-03-19T13:00:00.000Z"},{"date":"2021-03-21","total_count":206,"lineage_count":0,"total_count_rolling":83.57142857142857,"lineage_count_rolling":0,"proportion":0,"proportion_ci_lower":0.000005828260714123539,"proportion_ci_upper":0.029374914724789057,"dateTime":"2021-03-20T13:00:00.000Z"},{"date":"2021-03-22","total_count":65,"lineage_count":0,"total_count_rolling":86.42857142857143,"lineage_count_rolling":0,"proportion":0,"proportion_ci_lower":0.000005693114173560933,"proportion_ci_upper":0.028703644421241882,"dateTime":"2021-03-21T13:00:00.000Z"},{"date":"2021-03-23","total_count":12,"lineage_count":0,"total_count_rolling":59.42857142857143,"lineage_count_rolling":0,"proportion":0,"proportion_ci_lower":0.00000828739496441351,"proportion_ci_upper":0.041508567264538415,"dateTime":"2021-03-22T13:00:00.000Z"},{"date":"2021-03-24","total_count":49,"lineage_count":0,"total_count_rolling":59.57142857142857,"lineage_count_rolling":0,"proportion":0,"proportion_ci_lower":0.00000814984778982563,"proportion_ci_upper":0.040833922866898485,"dateTime":"2021-03-23T13:00:00.000Z"},{"date":"2021-03-25","total_count":15,"lineage_count":0,"total_count_rolling":59,"lineage_count_rolling":0,"proportion":0,"proportion_ci_lower":0.00000828739496441351,"proportion_ci_upper":0.041508567264538415,"dateTime":"2021-03-24T13:00:00.000Z"},{"date":"2021-03-26","total_count":2,"lineage_count":0,"total_count_rolling":55.714285714285715,"lineage_count_rolling":0,"proportion":0,"proportion_ci_lower":0.00000872937892167467,"proportion_ci_upper":0.04367320309540497,"dateTime":"2021-03-25T13:00:00.000Z"},{"date":"2021-03-27","total_count":2,"lineage_count":0,"total_count_rolling":50.142857142857146,"lineage_count_rolling":0,"proportion":0,"proportion_ci_lower":0.000009771663301804058,"proportion_ci_upper":0.04875845944407136,"dateTime":"2021-03-26T13:00:00.000Z"},{"date":"2021-03-28","total_count":2,"lineage_count":0,"total_count_rolling":21,"lineage_count_rolling":0,"proportion":0,"proportion_ci_lower":0.00002310564264915348,"proportion_ci_upper":0.11147031619304093,"dateTime":"2021-03-27T13:00:00.000Z"},{"date":"2021-03-29","total_count":3,"lineage_count":0,"total_count_rolling":12.142857142857142,"lineage_count_rolling":0,"proportion":0,"proportion_ci_lower":0.00004007531007659888,"proportion_ci_upper":0.18530593831248504,"dateTime":"2021-03-28T13:00:00.000Z"},{"date":"2021-03-30","total_count":8,"lineage_count":0,"total_count_rolling":11.571428571428571,"lineage_count_rolling":0,"proportion":0,"proportion_ci_lower":0.00004007531007659888,"proportion_ci_upper":0.18530593831248504,"dateTime":"2021-03-29T13:00:00.000Z"},{"date":"2021-03-31","total_count":3,"lineage_count":0,"total_count_rolling":5,"lineage_count_rolling":0,"proportion":0,"proportion_ci_lower":0.0000934206000395449,"proportion_ci_upper":0.37937714229903935,"dateTime":"2021-03-30T13:00:00.000Z"},{"date":"2021-04-01","total_count":3,"lineage_count":0,"total_count_rolling":3.2857142857142856,"lineage_count_rolling":0,"proportion":0,"proportion_ci_lower":0.00015063602543656854,"proportion_ci_upper":0.5355832430429506,"dateTime":"2021-03-31T13:00:00.000Z"},{"date":"2021-04-02","total_count":6,"lineage_count":2,"total_count_rolling":3.857142857142857,"lineage_count_rolling":0.2857142857142857,"proportion":0.07407407407407407,"proportion_ci_lower":0.000115332788238275,"proportion_ci_upper":0.4447626176576397,"dateTime":"2021-04-01T13:00:00.000Z"},{"date":"2021-04-04","total_count":658,"lineage_count":0,"total_count_rolling":113.5,"lineage_count_rolling":0.3333333333333333,"proportion":0.002936857562408223,"proportion_ci_lower":0.0000042978759513705105,"proportion_ci_upper":0.021746296474035053,"dateTime":"2021-04-03T13:00:00.000Z"},{"date":"2021-04-05","total_count":3,"lineage_count":0,"total_count_rolling":113.5,"lineage_count_rolling":0.3333333333333333,"proportion":0.002936857562408223,"proportion_ci_lower":0.0000042978759513705105,"proportion_ci_upper":0.021746296474035053,"dateTime":"2021-04-04T14:00:00.000Z"},{"date":"2021-04-06","total_count":3,"lineage_count":0,"total_count_rolling":112.66666666666667,"lineage_count_rolling":0.3333333333333333,"proportion":0.0029585798816568042,"proportion_ci_lower":0.000004335826024442665,"proportion_ci_upper":0.021936192687970407,"dateTime":"2021-04-05T14:00:00.000Z"},{"date":"2021-04-07","total_count":8,"lineage_count":0,"total_count_rolling":113.5,"lineage_count_rolling":0.3333333333333333,"proportion":0.002936857562408223,"proportion_ci_lower":0.0000042978759513705105,"proportion_ci_upper":0.021746296474035053,"dateTime":"2021-04-06T14:00:00.000Z"},{"date":"2021-04-08","total_count":94,"lineage_count":0,"total_count_rolling":128.66666666666666,"lineage_count_rolling":0.3333333333333333,"proportion":0.0025906735751295338,"proportion_ci_lower":0.000003799092510704436,"proportion_ci_upper":0.019247029976596747,"dateTime":"2021-04-07T14:00:00.000Z"},{"date":"2021-04-09","total_count":5,"lineage_count":0,"total_count_rolling":128.5,"lineage_count_rolling":0,"proportion":0,"proportion_ci_lower":0.000003828714895526019,"proportion_ci_upper":0.01939563792149407,"dateTime":"2021-04-08T14:00:00.000Z"},{"date":"2021-04-10","total_count":14,"lineage_count":0,"total_count_rolling":112.14285714285714,"lineage_count_rolling":0,"proportion":0,"proportion_ci_lower":0.000004374452261614586,"proportion_ci_upper":0.022129434433485366,"dateTime":"2021-04-09T14:00:00.000Z"},{"date":"2021-04-11","total_count":54,"lineage_count":0,"total_count_rolling":25.857142857142858,"lineage_count_rolling":0,"proportion":0,"proportion_ci_lower":0.000018705055066259086,"proportion_ci_upper":0.09124656340895625,"dateTime":"2021-04-10T14:00:00.000Z"},{"date":"2021-04-12","total_count":198,"lineage_count":0,"total_count_rolling":53.714285714285715,"lineage_count_rolling":0,"proportion":0,"proportion_ci_lower":0.000009051191172037456,"proportion_ci_upper":0.04524621037882053,"dateTime":"2021-04-11T14:00:00.000Z"},{"date":"2021-04-13","total_count":38,"lineage_count":0,"total_count_rolling":58.714285714285715,"lineage_count_rolling":0,"proportion":0,"proportion_ci_lower":0.00000828739496441351,"proportion_ci_upper":0.041508567264538415,"dateTime":"2021-04-12T14:00:00.000Z"},{"date":"2021-04-14","total_count":2,"lineage_count":0,"total_count_rolling":57.857142857142854,"lineage_count_rolling":0,"proportion":0,"proportion_ci_lower":0.000008429664640534895,"proportion_ci_upper":0.0422058745011226,"dateTime":"2021-04-13T14:00:00.000Z"},{"date":"2021-04-18","total_count":56,"lineage_count":0,"total_count_rolling":73.5,"lineage_count_rolling":0,"proportion":0,"proportion_ci_lower":0.0000066132006835966234,"proportion_ci_upper":0.03326452245900454,"dateTime":"2021-04-17T14:00:00.000Z"},{"date":"2021-04-19","total_count":38,"lineage_count":0,"total_count_rolling":33.5,"lineage_count_rolling":0,"proportion":0,"proportion_ci_lower":0.000014336290671557177,"proportion_ci_upper":0.07071163067902096,"dateTime":"2021-04-18T14:00:00.000Z"},{"date":"2021-04-20","total_count":39,"lineage_count":0,"total_count_rolling":33.75,"lineage_count_rolling":0,"proportion":0,"proportion_ci_lower":0.000014336290671557177,"proportion_ci_upper":0.07071163067902096,"dateTime":"2021-04-19T14:00:00.000Z"},{"date":"2021-04-21","total_count":58,"lineage_count":0,"total_count_rolling":47.75,"lineage_count_rolling":0,"proportion":0,"proportion_ci_lower":0.000010176693619626449,"proportion_ci_upper":0.05072726335249247,"dateTime":"2021-04-20T14:00:00.000Z"},{"date":"2021-04-22","total_count":3,"lineage_count":0,"total_count_rolling":38.8,"lineage_count_rolling":0,"proportion":0,"proportion_ci_lower":0.00001251010253530656,"proportion_ci_upper":0.06199038426935264,"dateTime":"2021-04-21T14:00:00.000Z"},{"date":"2021-04-23","total_count":4,"lineage_count":0,"total_count_rolling":33,"lineage_count_rolling":0,"proportion":0,"proportion_ci_lower":0.000014767430104586674,"proportion_ci_upper":0.07275870531262567,"dateTime":"2021-04-22T14:00:00.000Z"},{"date":"2021-04-24","total_count":1,"lineage_count":0,"total_count_rolling":28.428571428571427,"lineage_count_rolling":0,"proportion":0,"proportion_ci_lower":0.000017380922536885184,"proportion_ci_upper":0.08507120003233526,"dateTime":"2021-04-23T14:00:00.000Z"},{"date":"2021-04-25","total_count":42,"lineage_count":0,"total_count_rolling":26.428571428571427,"lineage_count_rolling":0,"proportion":0,"proportion_ci_lower":0.000018705055066259086,"proportion_ci_upper":0.09124656340895625,"dateTime":"2021-04-24T14:00:00.000Z"},{"date":"2021-04-26","total_count":40,"lineage_count":1,"total_count_rolling":26.714285714285715,"lineage_count_rolling":0.14285714285714285,"proportion":0.0053475935828877,"proportion_ci_lower":0.000018018696079932514,"proportion_ci_upper":0.08805083151105601,"dateTime":"2021-04-25T14:00:00.000Z"},{"date":"2021-04-27","total_count":9,"lineage_count":0,"total_count_rolling":22.428571428571427,"lineage_count_rolling":0.14285714285714285,"proportion":0.006369426751592357,"proportion_ci_lower":0.000022067332398350842,"proportion_ci_upper":0.10673971791178566,"dateTime":"2021-04-26T14:00:00.000Z"},{"date":"2021-04-28","total_count":67,"lineage_count":0,"total_count_rolling":23.714285714285715,"lineage_count_rolling":0.14285714285714285,"proportion":0.006024096385542168,"proportion_ci_lower":0.00002024756671804834,"proportion_ci_upper":0.09838760438586978,"dateTime":"2021-04-27T14:00:00.000Z"},{"date":"2021-04-29","total_count":20,"lineage_count":0,"total_count_rolling":26.142857142857142,"lineage_count_rolling":0.14285714285714285,"proportion":0.00546448087431694,"proportion_ci_lower":0.000018705055066259086,"proportion_ci_upper":0.09124656340895625,"dateTime":"2021-04-28T14:00:00.000Z"},{"date":"2021-04-30","total_count":1,"lineage_count":0,"total_count_rolling":25.714285714285715,"lineage_count_rolling":0.14285714285714285,"proportion":0.005555555555555555,"proportion_ci_lower":0.000018705055066259086,"proportion_ci_upper":0.09124656340895625,"dateTime":"2021-04-29T14:00:00.000Z"},{"date":"2021-05-01","total_count":2,"lineage_count":2,"total_count_rolling":25.857142857142858,"lineage_count_rolling":0.42857142857142855,"proportion":0.016574585635359115,"proportion_ci_lower":0.000018705055066259086,"proportion_ci_upper":0.09124656340895625,"dateTime":"2021-04-30T14:00:00.000Z"},{"date":"2021-05-02","total_count":30,"lineage_count":2,"total_count_rolling":24.142857142857142,"lineage_count_rolling":0.7142857142857143,"proportion":0.02958579881656805,"proportion_ci_lower":0.004533190127271505,"proportion_ci_upper":0.17869491879897315,"dateTime":"2021-05-01T14:00:00.000Z"},{"date":"2021-05-03","total_count":23,"lineage_count":3,"total_count_rolling":21.714285714285715,"lineage_count_rolling":1,"proportion":0.046052631578947366,"proportion_ci_lower":0.00494909354918625,"proportion_ci_upper":0.19343736468330985,"dateTime":"2021-05-02T14:00:00.000Z"},{"date":"2021-05-04","total_count":30,"lineage_count":0,"total_count_rolling":24.714285714285715,"lineage_count_rolling":1,"proportion":0.04046242774566474,"proportion_ci_lower":0.0043503968273724825,"proportion_ci_upper":0.1721329579601225,"dateTime":"2021-05-03T14:00:00.000Z"},{"date":"2021-05-05","total_count":28,"lineage_count":0,"total_count_rolling":19.142857142857142,"lineage_count_rolling":1,"proportion":0.05223880597014925,"proportion_ci_lower":0.005738899484810237,"proportion_ci_upper":0.22072924806695837,"dateTime":"2021-05-04T14:00:00.000Z"},{"date":"2021-05-06","total_count":22,"lineage_count":0,"total_count_rolling":19.428571428571427,"lineage_count_rolling":1,"proportion":0.05147058823529412,"proportion_ci_lower":0.005738899484810237,"proportion_ci_upper":0.22072924806695837,"dateTime":"2021-05-05T14:00:00.000Z"},{"date":"2021-05-07","total_count":8,"lineage_count":0,"total_count_rolling":20.428571428571427,"lineage_count_rolling":1,"proportion":0.04895104895104895,"proportion_ci_lower":0.005449032581426602,"proportion_ci_upper":0.21081863624926522,"dateTime":"2021-05-06T14:00:00.000Z"},{"date":"2021-05-09","total_count":35,"lineage_count":3,"total_count_rolling":24.333333333333332,"lineage_count_rolling":1,"proportion":0.04109589041095891,"proportion_ci_lower":0.004533190127271505,"proportion_ci_upper":0.17869491879897315,"dateTime":"2021-05-08T14:00:00.000Z"},{"date":"2021-05-10","total_count":13,"lineage_count":0,"total_count_rolling":22.666666666666668,"lineage_count_rolling":0.5,"proportion":0.022058823529411763,"proportion_ci_lower":0.00002111832201730757,"proportion_ci_upper":0.10239382809160794,"dateTime":"2021-05-09T14:00:00.000Z"},{"date":"2021-05-11","total_count":17,"lineage_count":0,"total_count_rolling":20.5,"lineage_count_rolling":0.5,"proportion":0.024390243902439025,"proportion_ci_lower":0.000024246478459242777,"proportion_ci_upper":0.11663898290487537,"dateTime":"2021-05-10T14:00:00.000Z"},{"date":"2021-05-15","total_count":68,"lineage_count":0,"total_count_rolling":33.25,"lineage_count_rolling":0.75,"proportion":0.022556390977443608,"proportion_ci_lower":0.003289329622616079,"proportion_ci_upper":0.1330236728178359,"dateTime":"2021-05-14T14:00:00.000Z"},{"date":"2021-05-16","total_count":19,"lineage_count":1,"total_count_rolling":29.25,"lineage_count_rolling":0.25,"proportion":0.008547008547008548,"proportion_ci_lower":0.000016786752124790408,"proportion_ci_upper":0.08228648292382375,"dateTime":"2021-05-15T14:00:00.000Z"},{"date":"2021-05-17","total_count":3,"lineage_count":0,"total_count_rolling":26.75,"lineage_count_rolling":0.25,"proportion":0.009345794392523364,"proportion_ci_lower":0.000018018696079932514,"proportion_ci_upper":0.08805083151105601,"dateTime":"2021-05-16T14:00:00.000Z"},{"date":"2021-05-18","total_count":59,"lineage_count":1,"total_count_rolling":37.25,"lineage_count_rolling":0.5,"proportion":0.013422818791946308,"proportion_ci_lower":0.000013181751978965987,"proportion_ci_upper":0.06520745644543388,"dateTime":"2021-05-17T14:00:00.000Z"},{"date":"2021-05-19","total_count":32,"lineage_count":0,"total_count_rolling":36.2,"lineage_count_rolling":0.4,"proportion":0.011049723756906077,"proportion_ci_lower":0.000013545366988825864,"proportion_ci_upper":0.06694448234237448,"dateTime":"2021-05-18T14:00:00.000Z"},{"date":"2021-05-20","total_count":21,"lineage_count":0,"total_count_rolling":33.666666666666664,"lineage_count_rolling":0.3333333333333333,"proportion":0.009900990099009901,"proportion_ci_lower":0.000014336290671557177,"proportion_ci_upper":0.07071163067902096,"dateTime":"2021-05-19T14:00:00.000Z"},{"date":"2021-05-21","total_count":8,"lineage_count":0,"total_count_rolling":30,"lineage_count_rolling":0.2857142857142857,"proportion":0.009523809523809523,"proportion_ci_lower":0.000016231861223464357,"proportion_ci_upper":0.07967817381725997,"dateTime":"2021-05-20T14:00:00.000Z"},{"date":"2021-05-22","total_count":4,"lineage_count":0,"total_count_rolling":20.857142857142858,"lineage_count_rolling":0.2857142857142857,"proportion":0.0136986301369863,"proportion_ci_lower":0.00002310564264915348,"proportion_ci_upper":0.11147031619304093,"dateTime":"2021-05-21T14:00:00.000Z"},{"date":"2021-05-23","total_count":2,"lineage_count":0,"total_count_rolling":18.428571428571427,"lineage_count_rolling":0.14285714285714285,"proportion":0.007751937984496124,"proportion_ci_lower":0.00002690311730090928,"proportion_ci_upper":0.12855821182175955,"dateTime":"2021-05-22T14:00:00.000Z"},{"date":"2021-05-25","total_count":2,"lineage_count":0,"total_count_rolling":11.5,"lineage_count_rolling":0,"proportion":0,"proportion_ci_lower":0.00004007531007659888,"proportion_ci_upper":0.18530593831248504,"dateTime":"2021-05-24T14:00:00.000Z"},{"date":"2021-05-26","total_count":1,"lineage_count":0,"total_count_rolling":6.333333333333333,"lineage_count_rolling":0,"proportion":0,"proportion_ci_lower":0.0000784998483662081,"proportion_ci_upper":0.33038890915155017,"dateTime":"2021-05-25T14:00:00.000Z"},{"date":"2021-05-27","total_count":4,"lineage_count":0,"total_count_rolling":3.5,"lineage_count_rolling":0,"proportion":0,"proportion_ci_lower":0.000115332788238275,"proportion_ci_upper":0.4447626176576397,"dateTime":"2021-05-26T14:00:00.000Z"},{"date":"2021-05-28","total_count":4,"lineage_count":0,"total_count_rolling":2.8333333333333335,"lineage_count_rolling":0,"proportion":0,"proportion_ci_lower":0.00015063602543656854,"proportion_ci_upper":0.5355832430429506,"dateTime":"2021-05-27T14:00:00.000Z"},{"date":"2021-05-30","total_count":10,"lineage_count":0,"total_count_rolling":4.2,"lineage_count_rolling":0,"proportion":0,"proportion_ci_lower":0.000115332788238275,"proportion_ci_upper":0.4447626176576397,"dateTime":"2021-05-29T14:00:00.000Z"},{"date":"2021-05-31","total_count":3,"lineage_count":0,"total_count_rolling":4,"lineage_count_rolling":0,"proportion":0,"proportion_ci_lower":0.000115332788238275,"proportion_ci_upper":0.4447626176576397,"dateTime":"2021-05-30T14:00:00.000Z"},{"date":"2021-06-01","total_count":11,"lineage_count":0,"total_count_rolling":5.5,"lineage_count_rolling":0,"proportion":0,"proportion_ci_lower":0.0000784998483662081,"proportion_ci_upper":0.33038890915155017,"dateTime":"2021-05-31T14:00:00.000Z"},{"date":"2021-06-02","total_count":14,"lineage_count":0,"total_count_rolling":7.666666666666667,"lineage_count_rolling":0,"proportion":0,"proportion_ci_lower":0.00005949030289440227,"proportion_ci_upper":0.26221724871718577,"dateTime":"2021-06-01T14:00:00.000Z"},{"date":"2021-06-03","total_count":3,"lineage_count":0,"total_count_rolling":7.5,"lineage_count_rolling":0,"proportion":0,"proportion_ci_lower":0.00005949030289440227,"proportion_ci_upper":0.26221724871718577,"dateTime":"2021-06-02T14:00:00.000Z"},{"date":"2021-06-04","total_count":15,"lineage_count":0,"total_count_rolling":9.333333333333334,"lineage_count_rolling":0,"proportion":0,"proportion_ci_lower":0.00005306405341849297,"proportion_ci_upper":0.23761009863290297,"dateTime":"2021-06-03T14:00:00.000Z"},{"date":"2021-06-05","total_count":1,"lineage_count":0,"total_count_rolling":8.142857142857142,"lineage_count_rolling":0,"proportion":0,"proportion_ci_lower":0.00005949030289440227,"proportion_ci_upper":0.26221724871718577,"dateTime":"2021-06-04T14:00:00.000Z"},{"date":"2021-06-14","total_count":1,"lineage_count":0,"total_count_rolling":1,"lineage_count_rolling":0,"proportion":0,"proportion_ci_lower":0.00038558098075590136,"proportion_ci_upper":0.8532536836904249,"dateTime":"2021-06-13T14:00:00.000Z"},{"date":"2021-06-18","total_count":1,"lineage_count":0,"total_count_rolling":1,"lineage_count_rolling":0,"proportion":0,"proportion_ci_lower":0.00038558098075590136,"proportion_ci_upper":0.8532536836904249,"dateTime":"2021-06-17T14:00:00.000Z"},{"date":"2021-06-19","total_count":10,"lineage_count":0,"total_count_rolling":4,"lineage_count_rolling":0,"proportion":0,"proportion_ci_lower":0.000115332788238275,"proportion_ci_upper":0.4447626176576397,"dateTime":"2021-06-18T14:00:00.000Z"},{"date":"2021-06-20","total_count":97,"lineage_count":0,"total_count_rolling":27.25,"lineage_count_rolling":0,"proportion":0,"proportion_ci_lower":0.000018018696079932514,"proportion_ci_upper":0.08805083151105601,"dateTime":"2021-06-19T14:00:00.000Z"},{"date":"2021-06-21","total_count":92,"lineage_count":0,"total_count_rolling":50,"lineage_count_rolling":0,"proportion":0,"proportion_ci_lower":0.000009771663301804058,"proportion_ci_upper":0.04875845944407136,"dateTime":"2021-06-20T14:00:00.000Z"},{"date":"2021-06-22","total_count":116,"lineage_count":0,"total_count_rolling":63.2,"lineage_count_rolling":0,"proportion":0,"proportion_ci_lower":0.000007763301435834223,"proportion_ci_upper":0.038935433654495914,"dateTime":"2021-06-21T14:00:00.000Z"},{"date":"2021-06-23","total_count":141,"lineage_count":0,"total_count_rolling":76.16666666666667,"lineage_count_rolling":0,"proportion":0,"proportion_ci_lower":0.000006439742130875608,"proportion_ci_upper":0.03240633018502279,"dateTime":"2021-06-22T14:00:00.000Z"},{"date":"2021-06-24","total_count":95,"lineage_count":0,"total_count_rolling":78.85714285714286,"lineage_count_rolling":0,"proportion":0,"proportion_ci_lower":0.000006195969633030646,"proportion_ci_upper":0.031198967532896815,"dateTime":"2021-06-23T14:00:00.000Z"},{"date":"2021-06-25","total_count":10,"lineage_count":0,"total_count_rolling":80.14285714285714,"lineage_count_rolling":0,"proportion":0,"proportion_ci_lower":0.0000061187622791363035,"proportion_ci_upper":0.030816258492440244,"dateTime":"2021-06-24T14:00:00.000Z"},{"date":"2021-06-26","total_count":5,"lineage_count":0,"total_count_rolling":79.42857142857143,"lineage_count_rolling":0,"proportion":0,"proportion_ci_lower":0.000006195969633030646,"proportion_ci_upper":0.031198967532896815,"dateTime":"2021-06-25T14:00:00.000Z"}]			
"B.1.526"	"pangolin_lineage=B.1.526"	"Variant of Interest"	{"pango":"B.1.526","loc":[],"selected":"ISR"}	[]			
"B.1.617.1"	"pangolin_lineage=B.1.617.1"	"Variant of Interest"	{"pango":"B.1.617.1","loc":[],"selected":"ISR"}	[]			
"B.1.617.3"	"pangolin_lineage=B.1.617.3"	"Variant of Interest"	{"pango":"B.1.617.3","loc":[],"selected":"ISR"}	[]			
"C.36.3"	"pangolin_lineage=C.36.3"	"Variant of Interest"	{"pango":"C.36.3","loc":[],"selected":"ISR"}	[{"date":"2021-02-28","total_count":319,"lineage_count":3,"total_count_rolling":319,"lineage_count_rolling":3,"proportion":0.009404388714733543,"proportion_ci_lower":0.002655599818214809,"proportion_ci_upper":0.024882630730509447,"dateTime":"2021-02-27T13:00:00.000Z"},{"date":"2021-03-01","total_count":173,"lineage_count":0,"total_count_rolling":246,"lineage_count_rolling":1.5,"proportion":0.006097560975609756,"proportion_ci_lower":0.0016931928503696016,"proportion_ci_upper":0.02582308392702981,"dateTime":"2021-02-28T13:00:00.000Z"},{"date":"2021-03-02","total_count":197,"lineage_count":0,"total_count_rolling":229.66666666666666,"lineage_count_rolling":1,"proportion":0.0043541364296081275,"proportion_ci_lower":0.00046952087166089154,"proportion_ci_upper":0.020139229153747773,"dateTime":"2021-03-01T13:00:00.000Z"},{"date":"2021-03-03","total_count":140,"lineage_count":0,"total_count_rolling":207.25,"lineage_count_rolling":0.75,"proportion":0.0036188178528347406,"proportion_ci_lower":0.0005217394376908686,"proportion_ci_upper":0.022354421128906954,"dateTime":"2021-03-02T13:00:00.000Z"},{"date":"2021-03-04","total_count":86,"lineage_count":0,"total_count_rolling":183,"lineage_count_rolling":0.6,"proportion":0.003278688524590164,"proportion_ci_lower":0.0005902378715065545,"proportion_ci_upper":0.025252817988174248,"dateTime":"2021-03-03T13:00:00.000Z"},{"date":"2021-03-05","total_count":94,"lineage_count":0,"total_count_rolling":168.16666666666666,"lineage_count_rolling":0.5,"proportion":0.0029732408325074335,"proportion_ci_lower":0.0000029184742930896816,"proportion_ci_upper":0.014818884532030487,"dateTime":"2021-03-04T13:00:00.000Z"},{"date":"2021-03-06","total_count":44,"lineage_count":0,"total_count_rolling":150.42857142857142,"lineage_count_rolling":0.42857142857142855,"proportion":0.002849002849002849,"proportion_ci_lower":0.000003268106996801492,"proportion_ci_upper":0.016579385114364954,"dateTime":"2021-03-05T13:00:00.000Z"},{"date":"2021-03-07","total_count":106,"lineage_count":0,"total_count_rolling":120,"lineage_count_rolling":0,"proportion":0,"proportion_ci_lower":0.000004083430307814326,"proportion_ci_upper":0.020672550481578986,"dateTime":"2021-03-06T13:00:00.000Z"},{"date":"2021-03-08","total_count":13,"lineage_count":0,"total_count_rolling":97.14285714285714,"lineage_count_rolling":0,"proportion":0,"proportion_ci_lower":0.000005049169109898994,"proportion_ci_upper":0.025498792336140684,"dateTime":"2021-03-07T13:00:00.000Z"},{"date":"2021-03-09","total_count":16,"lineage_count":0,"total_count_rolling":71.28571428571429,"lineage_count_rolling":0,"proportion":0,"proportion_ci_lower":0.00000689164691943004,"proportion_ci_upper":0.03464055125105068,"dateTime":"2021-03-08T13:00:00.000Z"},{"date":"2021-03-10","total_count":14,"lineage_count":0,"total_count_rolling":53.285714285714285,"lineage_count_rolling":0,"proportion":0,"proportion_ci_lower":0.00000922116209664496,"proportion_ci_upper":0.04607597583181053,"dateTime":"2021-03-09T13:00:00.000Z"},{"date":"2021-03-11","total_count":25,"lineage_count":0,"total_count_rolling":44.57142857142857,"lineage_count_rolling":0,"proportion":0,"proportion_ci_lower":0.000010851367920604664,"proportion_ci_upper":0.05399770969071757,"dateTime":"2021-03-10T13:00:00.000Z"},{"date":"2021-03-12","total_count":87,"lineage_count":0,"total_count_rolling":43.57142857142857,"lineage_count_rolling":0,"proportion":0,"proportion_ci_lower":0.000011096587471255177,"proportion_ci_upper":0.055183596912170736,"dateTime":"2021-03-11T13:00:00.000Z"},{"date":"2021-03-13","total_count":5,"lineage_count":0,"total_count_rolling":38,"lineage_count_rolling":0,"proportion":0,"proportion_ci_lower":0.000012837148145041117,"proportion_ci_upper":0.06355825497022041,"dateTime":"2021-03-12T13:00:00.000Z"},{"date":"2021-03-14","total_count":178,"lineage_count":0,"total_count_rolling":48.285714285714285,"lineage_count_rolling":0,"proportion":0,"proportion_ci_lower":0.000010176693619626449,"proportion_ci_upper":0.05072726335249247,"dateTime":"2021-03-13T13:00:00.000Z"},{"date":"2021-03-15","total_count":45,"lineage_count":0,"total_count_rolling":52.857142857142854,"lineage_count_rolling":0,"proportion":0,"proportion_ci_lower":0.00000922116209664496,"proportion_ci_upper":0.04607597583181053,"dateTime":"2021-03-14T13:00:00.000Z"},{"date":"2021-03-16","total_count":201,"lineage_count":0,"total_count_rolling":79.28571428571429,"lineage_count_rolling":0,"proportion":0,"proportion_ci_lower":0.000006195969633030646,"proportion_ci_upper":0.031198967532896815,"dateTime":"2021-03-15T13:00:00.000Z"},{"date":"2021-03-17","total_count":48,"lineage_count":0,"total_count_rolling":84.14285714285714,"lineage_count_rolling":0,"proportion":0,"proportion_ci_lower":0.000005828260714123539,"proportion_ci_upper":0.029374914724789057,"dateTime":"2021-03-16T13:00:00.000Z"},{"date":"2021-03-18","total_count":19,"lineage_count":0,"total_count_rolling":83.28571428571429,"lineage_count_rolling":0,"proportion":0,"proportion_ci_lower":0.000005898269017590927,"proportion_ci_upper":0.029722461982065438,"dateTime":"2021-03-17T13:00:00.000Z"},{"date":"2021-03-19","total_count":25,"lineage_count":0,"total_count_rolling":74.42857142857143,"lineage_count_rolling":0,"proportion":0,"proportion_ci_lower":0.0000066132006835966234,"proportion_ci_upper":0.03326452245900454,"dateTime":"2021-03-18T13:00:00.000Z"},{"date":"2021-03-20","total_count":41,"lineage_count":0,"total_count_rolling":79.57142857142857,"lineage_count_rolling":0,"proportion":0,"proportion_ci_lower":0.0000061187622791363035,"proportion_ci_upper":0.030816258492440244,"dateTime":"2021-03-19T13:00:00.000Z"},{"date":"2021-03-21","total_count":206,"lineage_count":0,"total_count_rolling":83.57142857142857,"lineage_count_rolling":0,"proportion":0,"proportion_ci_lower":0.000005828260714123539,"proportion_ci_upper":0.029374914724789057,"dateTime":"2021-03-20T13:00:00.000Z"},{"date":"2021-03-22","total_count":65,"lineage_count":0,"total_count_rolling":86.42857142857143,"lineage_count_rolling":0,"proportion":0,"proportion_ci_lower":0.000005693114173560933,"proportion_ci_upper":0.028703644421241882,"dateTime":"2021-03-21T13:00:00.000Z"},{"date":"2021-03-23","total_count":12,"lineage_count":0,"total_count_rolling":59.42857142857143,"lineage_count_rolling":0,"proportion":0,"proportion_ci_lower":0.00000828739496441351,"proportion_ci_upper":0.041508567264538415,"dateTime":"2021-03-22T13:00:00.000Z"},{"date":"2021-03-24","total_count":49,"lineage_count":0,"total_count_rolling":59.57142857142857,"lineage_count_rolling":0,"proportion":0,"proportion_ci_lower":0.00000814984778982563,"proportion_ci_upper":0.040833922866898485,"dateTime":"2021-03-23T13:00:00.000Z"},{"date":"2021-03-25","total_count":15,"lineage_count":0,"total_count_rolling":59,"lineage_count_rolling":0,"proportion":0,"proportion_ci_lower":0.00000828739496441351,"proportion_ci_upper":0.041508567264538415,"dateTime":"2021-03-24T13:00:00.000Z"},{"date":"2021-03-26","total_count":2,"lineage_count":0,"total_count_rolling":55.714285714285715,"lineage_count_rolling":0,"proportion":0,"proportion_ci_lower":0.00000872937892167467,"proportion_ci_upper":0.04367320309540497,"dateTime":"2021-03-25T13:00:00.000Z"},{"date":"2021-03-27","total_count":2,"lineage_count":0,"total_count_rolling":50.142857142857146,"lineage_count_rolling":0,"proportion":0,"proportion_ci_lower":0.000009771663301804058,"proportion_ci_upper":0.04875845944407136,"dateTime":"2021-03-26T13:00:00.000Z"},{"date":"2021-03-28","total_count":2,"lineage_count":0,"total_count_rolling":21,"lineage_count_rolling":0,"proportion":0,"proportion_ci_lower":0.00002310564264915348,"proportion_ci_upper":0.11147031619304093,"dateTime":"2021-03-27T13:00:00.000Z"},{"date":"2021-03-29","total_count":3,"lineage_count":0,"total_count_rolling":12.142857142857142,"lineage_count_rolling":0,"proportion":0,"proportion_ci_lower":0.00004007531007659888,"proportion_ci_upper":0.18530593831248504,"dateTime":"2021-03-28T13:00:00.000Z"},{"date":"2021-03-30","total_count":8,"lineage_count":0,"total_count_rolling":11.571428571428571,"lineage_count_rolling":0,"proportion":0,"proportion_ci_lower":0.00004007531007659888,"proportion_ci_upper":0.18530593831248504,"dateTime":"2021-03-29T13:00:00.000Z"},{"date":"2021-03-31","total_count":3,"lineage_count":0,"total_count_rolling":5,"lineage_count_rolling":0,"proportion":0,"proportion_ci_lower":0.0000934206000395449,"proportion_ci_upper":0.37937714229903935,"dateTime":"2021-03-30T13:00:00.000Z"},{"date":"2021-04-01","total_count":3,"lineage_count":0,"total_count_rolling":3.2857142857142856,"lineage_count_rolling":0,"proportion":0,"proportion_ci_lower":0.00015063602543656854,"proportion_ci_upper":0.5355832430429506,"dateTime":"2021-03-31T13:00:00.000Z"},{"date":"2021-04-02","total_count":6,"lineage_count":0,"total_count_rolling":3.857142857142857,"lineage_count_rolling":0,"proportion":0,"proportion_ci_lower":0.000115332788238275,"proportion_ci_upper":0.4447626176576397,"dateTime":"2021-04-01T13:00:00.000Z"},{"date":"2021-04-04","total_count":658,"lineage_count":0,"total_count_rolling":113.5,"lineage_count_rolling":0,"proportion":0,"proportion_ci_lower":0.0000042978759513705105,"proportion_ci_upper":0.021746296474035053,"dateTime":"2021-04-03T13:00:00.000Z"},{"date":"2021-04-05","total_count":3,"lineage_count":0,"total_count_rolling":113.5,"lineage_count_rolling":0,"proportion":0,"proportion_ci_lower":0.0000042978759513705105,"proportion_ci_upper":0.021746296474035053,"dateTime":"2021-04-04T14:00:00.000Z"},{"date":"2021-04-06","total_count":3,"lineage_count":0,"total_count_rolling":112.66666666666667,"lineage_count_rolling":0,"proportion":0,"proportion_ci_lower":0.000004335826024442665,"proportion_ci_upper":0.021936192687970407,"dateTime":"2021-04-05T14:00:00.000Z"},{"date":"2021-04-07","total_count":8,"lineage_count":0,"total_count_rolling":113.5,"lineage_count_rolling":0,"proportion":0,"proportion_ci_lower":0.0000042978759513705105,"proportion_ci_upper":0.021746296474035053,"dateTime":"2021-04-06T14:00:00.000Z"},{"date":"2021-04-08","total_count":94,"lineage_count":1,"total_count_rolling":128.66666666666666,"lineage_count_rolling":0.16666666666666666,"proportion":0.0012953367875647669,"proportion_ci_lower":0.000003799092510704436,"proportion_ci_upper":0.019247029976596747,"dateTime":"2021-04-07T14:00:00.000Z"},{"date":"2021-04-09","total_count":5,"lineage_count":0,"total_count_rolling":128.5,"lineage_count_rolling":0.16666666666666666,"proportion":0.0012970168612191958,"proportion_ci_lower":0.000003828714895526019,"proportion_ci_upper":0.01939563792149407,"dateTime":"2021-04-08T14:00:00.000Z"},{"date":"2021-04-10","total_count":14,"lineage_count":1,"total_count_rolling":112.14285714285714,"lineage_count_rolling":0.2857142857142857,"proportion":0.0025477707006369425,"proportion_ci_lower":0.000004374452261614586,"proportion_ci_upper":0.022129434433485366,"dateTime":"2021-04-09T14:00:00.000Z"},{"date":"2021-04-11","total_count":54,"lineage_count":1,"total_count_rolling":25.857142857142858,"lineage_count_rolling":0.42857142857142855,"proportion":0.016574585635359115,"proportion_ci_lower":0.000018705055066259086,"proportion_ci_upper":0.09124656340895625,"dateTime":"2021-04-10T14:00:00.000Z"},{"date":"2021-04-12","total_count":198,"lineage_count":0,"total_count_rolling":53.714285714285715,"lineage_count_rolling":0.42857142857142855,"proportion":0.007978723404255319,"proportion_ci_lower":0.000009051191172037456,"proportion_ci_upper":0.04524621037882053,"dateTime":"2021-04-11T14:00:00.000Z"},{"date":"2021-04-13","total_count":38,"lineage_count":0,"total_count_rolling":58.714285714285715,"lineage_count_rolling":0.42857142857142855,"proportion":0.0072992700729927005,"proportion_ci_lower":0.00000828739496441351,"proportion_ci_upper":0.041508567264538415,"dateTime":"2021-04-12T14:00:00.000Z"},{"date":"2021-04-14","total_count":2,"lineage_count":0,"total_count_rolling":57.857142857142854,"lineage_count_rolling":0.42857142857142855,"proportion":0.007407407407407408,"proportion_ci_lower":0.000008429664640534895,"proportion_ci_upper":0.0422058745011226,"dateTime":"2021-04-13T14:00:00.000Z"},{"date":"2021-04-18","total_count":56,"lineage_count":0,"total_count_rolling":73.5,"lineage_count_rolling":0,"proportion":0,"proportion_ci_lower":0.0000066132006835966234,"proportion_ci_upper":0.03326452245900454,"dateTime":"2021-04-17T14:00:00.000Z"},{"date":"2021-04-19","total_count":38,"lineage_count":0,"total_count_rolling":33.5,"lineage_count_rolling":0,"proportion":0,"proportion_ci_lower":0.000014336290671557177,"proportion_ci_upper":0.07071163067902096,"dateTime":"2021-04-18T14:00:00.000Z"},{"date":"2021-04-20","total_count":39,"lineage_count":0,"total_count_rolling":33.75,"lineage_count_rolling":0,"proportion":0,"proportion_ci_lower":0.000014336290671557177,"proportion_ci_upper":0.07071163067902096,"dateTime":"2021-04-19T14:00:00.000Z"},{"date":"2021-04-21","total_count":58,"lineage_count":0,"total_count_rolling":47.75,"lineage_count_rolling":0,"proportion":0,"proportion_ci_lower":0.000010176693619626449,"proportion_ci_upper":0.05072726335249247,"dateTime":"2021-04-20T14:00:00.000Z"},{"date":"2021-04-22","total_count":3,"lineage_count":0,"total_count_rolling":38.8,"lineage_count_rolling":0,"proportion":0,"proportion_ci_lower":0.00001251010253530656,"proportion_ci_upper":0.06199038426935264,"dateTime":"2021-04-21T14:00:00.000Z"},{"date":"2021-04-23","total_count":4,"lineage_count":0,"total_count_rolling":33,"lineage_count_rolling":0,"proportion":0,"proportion_ci_lower":0.000014767430104586674,"proportion_ci_upper":0.07275870531262567,"dateTime":"2021-04-22T14:00:00.000Z"},{"date":"2021-04-24","total_count":1,"lineage_count":0,"total_count_rolling":28.428571428571427,"lineage_count_rolling":0,"proportion":0,"proportion_ci_lower":0.000017380922536885184,"proportion_ci_upper":0.08507120003233526,"dateTime":"2021-04-23T14:00:00.000Z"},{"date":"2021-04-25","total_count":42,"lineage_count":0,"total_count_rolling":26.428571428571427,"lineage_count_rolling":0,"proportion":0,"proportion_ci_lower":0.000018705055066259086,"proportion_ci_upper":0.09124656340895625,"dateTime":"2021-04-24T14:00:00.000Z"},{"date":"2021-04-26","total_count":40,"lineage_count":0,"total_count_rolling":26.714285714285715,"lineage_count_rolling":0,"proportion":0,"proportion_ci_lower":0.000018018696079932514,"proportion_ci_upper":0.08805083151105601,"dateTime":"2021-04-25T14:00:00.000Z"},{"date":"2021-04-27","total_count":9,"lineage_count":0,"total_count_rolling":22.428571428571427,"lineage_count_rolling":0,"proportion":0,"proportion_ci_lower":0.000022067332398350842,"proportion_ci_upper":0.10673971791178566,"dateTime":"2021-04-26T14:00:00.000Z"},{"date":"2021-04-28","total_count":67,"lineage_count":0,"total_count_rolling":23.714285714285715,"lineage_count_rolling":0,"proportion":0,"proportion_ci_lower":0.00002024756671804834,"proportion_ci_upper":0.09838760438586978,"dateTime":"2021-04-27T14:00:00.000Z"},{"date":"2021-04-29","total_count":20,"lineage_count":0,"total_count_rolling":26.142857142857142,"lineage_count_rolling":0,"proportion":0,"proportion_ci_lower":0.000018705055066259086,"proportion_ci_upper":0.09124656340895625,"dateTime":"2021-04-28T14:00:00.000Z"},{"date":"2021-04-30","total_count":1,"lineage_count":0,"total_count_rolling":25.714285714285715,"lineage_count_rolling":0,"proportion":0,"proportion_ci_lower":0.000018705055066259086,"proportion_ci_upper":0.09124656340895625,"dateTime":"2021-04-29T14:00:00.000Z"},{"date":"2021-05-01","total_count":2,"lineage_count":0,"total_count_rolling":25.857142857142858,"lineage_count_rolling":0,"proportion":0,"proportion_ci_lower":0.000018705055066259086,"proportion_ci_upper":0.09124656340895625,"dateTime":"2021-04-30T14:00:00.000Z"},{"date":"2021-05-02","total_count":30,"lineage_count":0,"total_count_rolling":24.142857142857142,"lineage_count_rolling":0,"proportion":0,"proportion_ci_lower":0.00002024756671804834,"proportion_ci_upper":0.09838760438586978,"dateTime":"2021-05-01T14:00:00.000Z"},{"date":"2021-05-03","total_count":23,"lineage_count":0,"total_count_rolling":21.714285714285715,"lineage_count_rolling":0,"proportion":0,"proportion_ci_lower":0.000022067332398350842,"proportion_ci_upper":0.10673971791178566,"dateTime":"2021-05-02T14:00:00.000Z"},{"date":"2021-05-04","total_count":30,"lineage_count":0,"total_count_rolling":24.714285714285715,"lineage_count_rolling":0,"proportion":0,"proportion_ci_lower":0.000019445770898158813,"proportion_ci_upper":0.0946827641095835,"dateTime":"2021-05-03T14:00:00.000Z"},{"date":"2021-05-05","total_count":28,"lineage_count":0,"total_count_rolling":19.142857142857142,"lineage_count_rolling":0,"proportion":0,"proportion_ci_lower":0.000025505812625695268,"proportion_ci_upper":0.12230940431991393,"dateTime":"2021-05-04T14:00:00.000Z"},{"date":"2021-05-06","total_count":22,"lineage_count":0,"total_count_rolling":19.428571428571427,"lineage_count_rolling":0,"proportion":0,"proportion_ci_lower":0.000025505812625695268,"proportion_ci_upper":0.12230940431991393,"dateTime":"2021-05-05T14:00:00.000Z"},{"date":"2021-05-07","total_count":8,"lineage_count":0,"total_count_rolling":20.428571428571427,"lineage_count_rolling":0,"proportion":0,"proportion_ci_lower":0.000024246478459242777,"proportion_ci_upper":0.11663898290487537,"dateTime":"2021-05-06T14:00:00.000Z"},{"date":"2021-05-09","total_count":35,"lineage_count":0,"total_count_rolling":24.333333333333332,"lineage_count_rolling":0,"proportion":0,"proportion_ci_lower":0.00002024756671804834,"proportion_ci_upper":0.09838760438586978,"dateTime":"2021-05-08T14:00:00.000Z"},{"date":"2021-05-10","total_count":13,"lineage_count":0,"total_count_rolling":22.666666666666668,"lineage_count_rolling":0,"proportion":0,"proportion_ci_lower":0.00002111832201730757,"proportion_ci_upper":0.10239382809160794,"dateTime":"2021-05-09T14:00:00.000Z"},{"date":"2021-05-11","total_count":17,"lineage_count":0,"total_count_rolling":20.5,"lineage_count_rolling":0,"proportion":0,"proportion_ci_lower":0.000024246478459242777,"proportion_ci_upper":0.11663898290487537,"dateTime":"2021-05-10T14:00:00.000Z"},{"date":"2021-05-15","total_count":68,"lineage_count":1,"total_count_rolling":33.25,"lineage_count_rolling":0.25,"proportion":0.007518796992481203,"proportion_ci_lower":0.000014767430104586674,"proportion_ci_upper":0.07275870531262567,"dateTime":"2021-05-14T14:00:00.000Z"},{"date":"2021-05-16","total_count":19,"lineage_count":0,"total_count_rolling":29.25,"lineage_count_rolling":0.25,"proportion":0.008547008547008548,"proportion_ci_lower":0.000016786752124790408,"proportion_ci_upper":0.08228648292382375,"dateTime":"2021-05-15T14:00:00.000Z"},{"date":"2021-05-17","total_count":3,"lineage_count":0,"total_count_rolling":26.75,"lineage_count_rolling":0.25,"proportion":0.009345794392523364,"proportion_ci_lower":0.000018018696079932514,"proportion_ci_upper":0.08805083151105601,"dateTime":"2021-05-16T14:00:00.000Z"},{"date":"2021-05-18","total_count":59,"lineage_count":0,"total_count_rolling":37.25,"lineage_count_rolling":0.25,"proportion":0.006711409395973154,"proportion_ci_lower":0.000013181751978965987,"proportion_ci_upper":0.06520745644543388,"dateTime":"2021-05-17T14:00:00.000Z"},{"date":"2021-05-19","total_count":32,"lineage_count":0,"total_count_rolling":36.2,"lineage_count_rolling":0.2,"proportion":0.0055248618784530384,"proportion_ci_lower":0.000013545366988825864,"proportion_ci_upper":0.06694448234237448,"dateTime":"2021-05-18T14:00:00.000Z"},{"date":"2021-05-20","total_count":21,"lineage_count":2,"total_count_rolling":33.666666666666664,"lineage_count_rolling":0.5,"proportion":0.014851485148514853,"proportion_ci_lower":0.000014336290671557177,"proportion_ci_upper":0.07071163067902096,"dateTime":"2021-05-19T14:00:00.000Z"},{"date":"2021-05-21","total_count":8,"lineage_count":0,"total_count_rolling":30,"lineage_count_rolling":0.42857142857142855,"proportion":0.014285714285714285,"proportion_ci_lower":0.000016231861223464357,"proportion_ci_upper":0.07967817381725997,"dateTime":"2021-05-20T14:00:00.000Z"},{"date":"2021-05-22","total_count":4,"lineage_count":1,"total_count_rolling":20.857142857142858,"lineage_count_rolling":0.42857142857142855,"proportion":0.02054794520547945,"proportion_ci_lower":0.00002310564264915348,"proportion_ci_upper":0.11147031619304093,"dateTime":"2021-05-21T14:00:00.000Z"},{"date":"2021-05-23","total_count":2,"lineage_count":0,"total_count_rolling":18.428571428571427,"lineage_count_rolling":0.42857142857142855,"proportion":0.023255813953488372,"proportion_ci_lower":0.00002690311730090928,"proportion_ci_upper":0.12855821182175955,"dateTime":"2021-05-22T14:00:00.000Z"},{"date":"2021-05-25","total_count":2,"lineage_count":0,"total_count_rolling":11.5,"lineage_count_rolling":0.5,"proportion":0.043478260869565216,"proportion_ci_lower":0.00004007531007659888,"proportion_ci_upper":0.18530593831248504,"dateTime":"2021-05-24T14:00:00.000Z"},{"date":"2021-05-26","total_count":1,"lineage_count":0,"total_count_rolling":6.333333333333333,"lineage_count_rolling":0.5,"proportion":0.07894736842105264,"proportion_ci_lower":0.0000784998483662081,"proportion_ci_upper":0.33038890915155017,"dateTime":"2021-05-25T14:00:00.000Z"},{"date":"2021-05-27","total_count":4,"lineage_count":1,"total_count_rolling":3.5,"lineage_count_rolling":0.3333333333333333,"proportion":0.09523809523809523,"proportion_ci_lower":0.000115332788238275,"proportion_ci_upper":0.4447626176576397,"dateTime":"2021-05-26T14:00:00.000Z"},{"date":"2021-05-28","total_count":4,"lineage_count":1,"total_count_rolling":2.8333333333333335,"lineage_count_rolling":0.5,"proportion":0.1764705882352941,"proportion_ci_lower":0.00015063602543656854,"proportion_ci_upper":0.5355832430429506,"dateTime":"2021-05-27T14:00:00.000Z"},{"date":"2021-05-30","total_count":10,"lineage_count":1,"total_count_rolling":4.2,"lineage_count_rolling":0.6,"proportion":0.14285714285714285,"proportion_ci_lower":0.02847089508714681,"proportion_ci_upper":0.7162483204365873,"dateTime":"2021-05-29T14:00:00.000Z"},{"date":"2021-05-31","total_count":3,"lineage_count":0,"total_count_rolling":4,"lineage_count_rolling":0.5,"proportion":0.125,"proportion_ci_lower":0.000115332788238275,"proportion_ci_upper":0.4447626176576397,"dateTime":"2021-05-30T14:00:00.000Z"},{"date":"2021-06-01","total_count":11,"lineage_count":0,"total_count_rolling":5.5,"lineage_count_rolling":0.5,"proportion":0.09090909090909091,"proportion_ci_lower":0.0000784998483662081,"proportion_ci_upper":0.33038890915155017,"dateTime":"2021-05-31T14:00:00.000Z"},{"date":"2021-06-02","total_count":14,"lineage_count":0,"total_count_rolling":7.666666666666667,"lineage_count_rolling":0.5,"proportion":0.06521739130434782,"proportion_ci_lower":0.00005949030289440227,"proportion_ci_upper":0.26221724871718577,"dateTime":"2021-06-01T14:00:00.000Z"},{"date":"2021-06-03","total_count":3,"lineage_count":0,"total_count_rolling":7.5,"lineage_count_rolling":0.3333333333333333,"proportion":0.04444444444444444,"proportion_ci_lower":0.00005949030289440227,"proportion_ci_upper":0.26221724871718577,"dateTime":"2021-06-02T14:00:00.000Z"},{"date":"2021-06-04","total_count":15,"lineage_count":0,"total_count_rolling":9.333333333333334,"lineage_count_rolling":0.16666666666666666,"proportion":0.017857142857142856,"proportion_ci_lower":0.00005306405341849297,"proportion_ci_upper":0.23761009863290297,"dateTime":"2021-06-03T14:00:00.000Z"},{"date":"2021-06-05","total_count":1,"lineage_count":0,"total_count_rolling":8.142857142857142,"lineage_count_rolling":0.14285714285714285,"proportion":0.017543859649122806,"proportion_ci_lower":0.00005949030289440227,"proportion_ci_upper":0.26221724871718577,"dateTime":"2021-06-04T14:00:00.000Z"},{"date":"2021-06-14","total_count":1,"lineage_count":0,"total_count_rolling":1,"lineage_count_rolling":0,"proportion":0,"proportion_ci_lower":0.00038558098075590136,"proportion_ci_upper":0.8532536836904249,"dateTime":"2021-06-13T14:00:00.000Z"},{"date":"2021-06-18","total_count":1,"lineage_count":0,"total_count_rolling":1,"lineage_count_rolling":0,"proportion":0,"proportion_ci_lower":0.00038558098075590136,"proportion_ci_upper":0.8532536836904249,"dateTime":"2021-06-17T14:00:00.000Z"},{"date":"2021-06-19","total_count":10,"lineage_count":0,"total_count_rolling":4,"lineage_count_rolling":0,"proportion":0,"proportion_ci_lower":0.000115332788238275,"proportion_ci_upper":0.4447626176576397,"dateTime":"2021-06-18T14:00:00.000Z"},{"date":"2021-06-20","total_count":97,"lineage_count":0,"total_count_rolling":27.25,"lineage_count_rolling":0,"proportion":0,"proportion_ci_lower":0.000018018696079932514,"proportion_ci_upper":0.08805083151105601,"dateTime":"2021-06-19T14:00:00.000Z"},{"date":"2021-06-21","total_count":92,"lineage_count":1,"total_count_rolling":50,"lineage_count_rolling":0.25,"proportion":0.005,"proportion_ci_lower":0.000009771663301804058,"proportion_ci_upper":0.04875845944407136,"dateTime":"2021-06-20T14:00:00.000Z"},{"date":"2021-06-22","total_count":116,"lineage_count":0,"total_count_rolling":63.2,"lineage_count_rolling":0.2,"proportion":0.0031645569620253164,"proportion_ci_lower":0.000007763301435834223,"proportion_ci_upper":0.038935433654495914,"dateTime":"2021-06-21T14:00:00.000Z"},{"date":"2021-06-23","total_count":141,"lineage_count":0,"total_count_rolling":76.16666666666667,"lineage_count_rolling":0.16666666666666666,"proportion":0.002188183807439825,"proportion_ci_lower":0.000006439742130875608,"proportion_ci_upper":0.03240633018502279,"dateTime":"2021-06-22T14:00:00.000Z"},{"date":"2021-06-24","total_count":95,"lineage_count":0,"total_count_rolling":78.85714285714286,"lineage_count_rolling":0.14285714285714285,"proportion":0.0018115942028985505,"proportion_ci_lower":0.000006195969633030646,"proportion_ci_upper":0.031198967532896815,"dateTime":"2021-06-23T14:00:00.000Z"},{"date":"2021-06-25","total_count":10,"lineage_count":0,"total_count_rolling":80.14285714285714,"lineage_count_rolling":0.14285714285714285,"proportion":0.0017825311942959,"proportion_ci_lower":0.0000061187622791363035,"proportion_ci_upper":0.030816258492440244,"dateTime":"2021-06-24T14:00:00.000Z"},{"date":"2021-06-26","total_count":5,"lineage_count":0,"total_count_rolling":79.42857142857143,"lineage_count_rolling":0.14285714285714285,"proportion":0.0017985611510791366,"proportion_ci_lower":0.000006195969633030646,"proportion_ci_upper":0.031198967532896815,"dateTime":"2021-06-25T14:00:00.000Z"}]			
"C.37"	"pangolin_lineage=C.37"	"Variant of Interest"	{"pango":"C.37","loc":[],"selected":"ISR"}	[]			
"P.2"	"pangolin_lineage=P.2"	"Variant of Interest"	{"pango":"P.2","loc":[],"selected":"ISR"}	[]			
"P.3"	"pangolin_lineage=P.3"	"Variant of Interest"	{"pango":"P.3","loc":[],"selected":"ISR"}	[]			
"B.1.619"	"pangolin_lineage=B.1.619"	"Custom Lineages & Mutations"	{"pango":"B.1.619"}	[]		"pango"	"B.1.619"
"B.1.620"	"pangolin_lineage=B.1.620"	"Custom Lineages & Mutations"	{"pango":"B.1.620"}	[]		"pango"	"B.1.620"
"B.1.621"	"pangolin_lineage=B.1.621"	"Custom Lineages & Mutations"	{"pango":"B.1.621"}	[]		"pango"	"B.1.621"
