label	query	variantType	route	data	source
"AY.1"	"pangolin_lineage=AY.1"	"Variant of Concern"	{"pango":"AY.1","loc":[],"selected":"BWA"}	[]	
"AY.2"	"pangolin_lineage=AY.2"	"Variant of Concern"	{"pango":"AY.2","loc":[],"selected":"BWA"}	[]	
"B.1.1.7"	"pangolin_lineage=B.1.1.7"	"Variant of Concern"	{"pango":"B.1.1.7","loc":[],"selected":"BWA"}	[]	
"B.1.1.7 + S:E484K"	"pangolin_lineage=B.1.1.7&mutations=S:E484K"	"Variant of Concern"	{"pango":"B.1.1.7","muts":["S:E484K"],"loc":[],"selected":"BWA"}	[]	
"B.1.351"	"pangolin_lineage=B.1.351"	"Variant of Concern"	{"pango":"B.1.351","selected":"BWA","loc":[]}	[{"date":"2020-09-09","total_count":1,"lineage_count":1,"total_count_rolling":1,"lineage_count_rolling":1,"proportion":1,"proportion_ci_lower":0.14674631630957516,"proportion_ci_upper":0.9996144190192441,"dateTime":"2020-09-08T14:00:00.000Z"},{"date":"2020-09-23","total_count":2,"lineage_count":0,"total_count_rolling":2,"lineage_count_rolling":0,"proportion":0,"proportion_ci_lower":0.00021690847003096627,"proportion_ci_upper":0.6668217544012093,"dateTime":"2020-09-22T14:00:00.000Z"},{"date":"2020-09-25","total_count":1,"lineage_count":0,"total_count_rolling":1.5,"lineage_count_rolling":0,"proportion":0,"proportion_ci_lower":0.00021690847003096627,"proportion_ci_upper":0.6668217544012093,"dateTime":"2020-09-24T14:00:00.000Z"},{"date":"2020-09-26","total_count":1,"lineage_count":0,"total_count_rolling":1.3333333333333333,"lineage_count_rolling":0,"proportion":0,"proportion_ci_lower":0.00038558098075590136,"proportion_ci_upper":0.8532536836904249,"dateTime":"2020-09-25T14:00:00.000Z"},{"date":"2020-09-27","total_count":6,"lineage_count":0,"total_count_rolling":2.5,"lineage_count_rolling":0,"proportion":0,"proportion_ci_lower":0.00021690847003096627,"proportion_ci_upper":0.6668217544012093,"dateTime":"2020-09-26T14:00:00.000Z"},{"date":"2020-09-28","total_count":1,"lineage_count":0,"total_count_rolling":2.2,"lineage_count_rolling":0,"proportion":0,"proportion_ci_lower":0.00021690847003096627,"proportion_ci_upper":0.6668217544012093,"dateTime":"2020-09-27T14:00:00.000Z"},{"date":"2020-09-30","total_count":2,"lineage_count":0,"total_count_rolling":2.2,"lineage_count_rolling":0,"proportion":0,"proportion_ci_lower":0.00021690847003096627,"proportion_ci_upper":0.6668217544012093,"dateTime":"2020-09-29T14:00:00.000Z"},{"date":"2020-10-05","total_count":1,"lineage_count":0,"total_count_rolling":1.5,"lineage_count_rolling":0,"proportion":0,"proportion_ci_lower":0.00021690847003096627,"proportion_ci_upper":0.6668217544012093,"dateTime":"2020-10-04T13:00:00.000Z"},{"date":"2020-10-07","total_count":1,"lineage_count":0,"total_count_rolling":1,"lineage_count_rolling":0,"proportion":0,"proportion_ci_lower":0.00038558098075590136,"proportion_ci_upper":0.8532536836904249,"dateTime":"2020-10-06T13:00:00.000Z"},{"date":"2020-10-08","total_count":1,"lineage_count":0,"total_count_rolling":1,"lineage_count_rolling":0,"proportion":0,"proportion_ci_lower":0.00038558098075590136,"proportion_ci_upper":0.8532536836904249,"dateTime":"2020-10-07T13:00:00.000Z"},{"date":"2020-10-15","total_count":3,"lineage_count":1,"total_count_rolling":3,"lineage_count_rolling":1,"proportion":0.3333333333333333,"proportion_ci_lower":0.03874761778516518,"proportion_ci_upper":0.8232639028687426,"dateTime":"2020-10-14T13:00:00.000Z"},{"date":"2020-10-17","total_count":2,"lineage_count":0,"total_count_rolling":2.5,"lineage_count_rolling":0.5,"proportion":0.2,"proportion_ci_lower":0.00021690847003096627,"proportion_ci_upper":0.6668217544012093,"dateTime":"2020-10-16T13:00:00.000Z"},{"date":"2020-10-20","total_count":1,"lineage_count":0,"total_count_rolling":2,"lineage_count_rolling":0.3333333333333333,"proportion":0.16666666666666666,"proportion_ci_lower":0.00021690847003096627,"proportion_ci_upper":0.6668217544012093,"dateTime":"2020-10-19T13:00:00.000Z"},{"date":"2020-10-27","total_count":1,"lineage_count":0,"total_count_rolling":1,"lineage_count_rolling":0,"proportion":0,"proportion_ci_lower":0.00038558098075590136,"proportion_ci_upper":0.8532536836904249,"dateTime":"2020-10-26T13:00:00.000Z"},{"date":"2020-10-28","total_count":2,"lineage_count":0,"total_count_rolling":1.5,"lineage_count_rolling":0,"proportion":0,"proportion_ci_lower":0.00021690847003096627,"proportion_ci_upper":0.6668217544012093,"dateTime":"2020-10-27T13:00:00.000Z"},{"date":"2020-10-29","total_count":1,"lineage_count":0,"total_count_rolling":1.3333333333333333,"lineage_count_rolling":0,"proportion":0,"proportion_ci_lower":0.00038558098075590136,"proportion_ci_upper":0.8532536836904249,"dateTime":"2020-10-28T13:00:00.000Z"},{"date":"2020-11-04","total_count":2,"lineage_count":0,"total_count_rolling":1.5,"lineage_count_rolling":0,"proportion":0,"proportion_ci_lower":0.00021690847003096627,"proportion_ci_upper":0.6668217544012093,"dateTime":"2020-11-03T13:00:00.000Z"},{"date":"2020-11-09","total_count":1,"lineage_count":0,"total_count_rolling":1.5,"lineage_count_rolling":0,"proportion":0,"proportion_ci_lower":0.00021690847003096627,"proportion_ci_upper":0.6668217544012093,"dateTime":"2020-11-08T13:00:00.000Z"},{"date":"2020-11-10","total_count":2,"lineage_count":0,"total_count_rolling":1.6666666666666667,"lineage_count_rolling":0,"proportion":0,"proportion_ci_lower":0.00021690847003096627,"proportion_ci_upper":0.6668217544012093,"dateTime":"2020-11-09T13:00:00.000Z"},{"date":"2020-11-11","total_count":1,"lineage_count":0,"total_count_rolling":1.3333333333333333,"lineage_count_rolling":0,"proportion":0,"proportion_ci_lower":0.00038558098075590136,"proportion_ci_upper":0.8532536836904249,"dateTime":"2020-11-10T13:00:00.000Z"},{"date":"2020-11-13","total_count":1,"lineage_count":0,"total_count_rolling":1.25,"lineage_count_rolling":0,"proportion":0,"proportion_ci_lower":0.00038558098075590136,"proportion_ci_upper":0.8532536836904249,"dateTime":"2020-11-12T13:00:00.000Z"},{"date":"2020-11-17","total_count":1,"lineage_count":0,"total_count_rolling":1,"lineage_count_rolling":0,"proportion":0,"proportion_ci_lower":0.00038558098075590136,"proportion_ci_upper":0.8532536836904249,"dateTime":"2020-11-16T13:00:00.000Z"},{"date":"2020-11-21","total_count":2,"lineage_count":2,"total_count_rolling":1.5,"lineage_count_rolling":1,"proportion":0.6666666666666666,"proportion_ci_lower":0.06083027592009738,"proportion_ci_upper":0.9391697240799026,"dateTime":"2020-11-20T13:00:00.000Z"},{"date":"2020-11-25","total_count":2,"lineage_count":2,"total_count_rolling":2,"lineage_count_rolling":2,"proportion":1,"proportion_ci_lower":0.3331782455987907,"proportion_ci_upper":0.999783091529969,"dateTime":"2020-11-24T13:00:00.000Z"},{"date":"2020-11-28","total_count":3,"lineage_count":1,"total_count_rolling":2.5,"lineage_count_rolling":1.5,"proportion":0.6,"proportion_ci_lower":0.3331782455987907,"proportion_ci_upper":0.999783091529969,"dateTime":"2020-11-27T13:00:00.000Z"},{"date":"2020-11-29","total_count":3,"lineage_count":0,"total_count_rolling":2.6666666666666665,"lineage_count_rolling":1,"proportion":0.375,"proportion_ci_lower":0.03874761778516518,"proportion_ci_upper":0.8232639028687426,"dateTime":"2020-11-28T13:00:00.000Z"},{"date":"2020-11-30","total_count":2,"lineage_count":0,"total_count_rolling":2.5,"lineage_count_rolling":0.75,"proportion":0.3,"proportion_ci_lower":0.06083027592009738,"proportion_ci_upper":0.9391697240799026,"dateTime":"2020-11-29T13:00:00.000Z"},{"date":"2020-12-07","total_count":2,"lineage_count":0,"total_count_rolling":2,"lineage_count_rolling":0,"proportion":0,"proportion_ci_lower":0.00021690847003096627,"proportion_ci_upper":0.6668217544012093,"dateTime":"2020-12-06T13:00:00.000Z"},{"date":"2020-12-08","total_count":1,"lineage_count":0,"total_count_rolling":1.5,"lineage_count_rolling":0,"proportion":0,"proportion_ci_lower":0.00021690847003096627,"proportion_ci_upper":0.6668217544012093,"dateTime":"2020-12-07T13:00:00.000Z"},{"date":"2020-12-10","total_count":1,"lineage_count":0,"total_count_rolling":1.3333333333333333,"lineage_count_rolling":0,"proportion":0,"proportion_ci_lower":0.00038558098075590136,"proportion_ci_upper":0.8532536836904249,"dateTime":"2020-12-09T13:00:00.000Z"},{"date":"2020-12-11","total_count":2,"lineage_count":0,"total_count_rolling":1.5,"lineage_count_rolling":0,"proportion":0,"proportion_ci_lower":0.00021690847003096627,"proportion_ci_upper":0.6668217544012093,"dateTime":"2020-12-10T13:00:00.000Z"},{"date":"2020-12-12","total_count":1,"lineage_count":0,"total_count_rolling":1.4,"lineage_count_rolling":0,"proportion":0,"proportion_ci_lower":0.00038558098075590136,"proportion_ci_upper":0.8532536836904249,"dateTime":"2020-12-11T13:00:00.000Z"},{"date":"2020-12-13","total_count":1,"lineage_count":0,"total_count_rolling":1.3333333333333333,"lineage_count_rolling":0,"proportion":0,"proportion_ci_lower":0.00038558098075590136,"proportion_ci_upper":0.8532536836904249,"dateTime":"2020-12-12T13:00:00.000Z"},{"date":"2020-12-16","total_count":1,"lineage_count":0,"total_count_rolling":1.2,"lineage_count_rolling":0,"proportion":0,"proportion_ci_lower":0.00038558098075590136,"proportion_ci_upper":0.8532536836904249,"dateTime":"2020-12-15T13:00:00.000Z"},{"date":"2020-12-17","total_count":3,"lineage_count":2,"total_count_rolling":1.6,"lineage_count_rolling":0.4,"proportion":0.25,"proportion_ci_lower":0.00021690847003096627,"proportion_ci_upper":0.6668217544012093,"dateTime":"2020-12-16T13:00:00.000Z"},{"date":"2020-12-18","total_count":3,"lineage_count":1,"total_count_rolling":1.8,"lineage_count_rolling":0.6,"proportion":0.3333333333333333,"proportion_ci_lower":0.06083027592009738,"proportion_ci_upper":0.9391697240799026,"dateTime":"2020-12-17T13:00:00.000Z"},{"date":"2020-12-20","total_count":2,"lineage_count":1,"total_count_rolling":2.25,"lineage_count_rolling":1,"proportion":0.4444444444444444,"proportion_ci_lower":0.06083027592009738,"proportion_ci_upper":0.9391697240799026,"dateTime":"2020-12-19T13:00:00.000Z"},{"date":"2020-12-21","total_count":1,"lineage_count":0,"total_count_rolling":2,"lineage_count_rolling":0.8,"proportion":0.4,"proportion_ci_lower":0.06083027592009738,"proportion_ci_upper":0.9391697240799026,"dateTime":"2020-12-20T13:00:00.000Z"},{"date":"2020-12-23","total_count":2,"lineage_count":2,"total_count_rolling":2.2,"lineage_count_rolling":1.2,"proportion":0.5454545454545454,"proportion_ci_lower":0.06083027592009738,"proportion_ci_upper":0.9391697240799026,"dateTime":"2020-12-22T13:00:00.000Z"},{"date":"2020-12-24","total_count":2,"lineage_count":1,"total_count_rolling":2,"lineage_count_rolling":1,"proportion":0.5,"proportion_ci_lower":0.06083027592009738,"proportion_ci_upper":0.9391697240799026,"dateTime":"2020-12-23T13:00:00.000Z"},{"date":"2020-12-26","total_count":1,"lineage_count":0,"total_count_rolling":1.6,"lineage_count_rolling":0.8,"proportion":0.5,"proportion_ci_lower":0.06083027592009738,"proportion_ci_upper":0.9391697240799026,"dateTime":"2020-12-25T13:00:00.000Z"},{"date":"2020-12-31","total_count":4,"lineage_count":1,"total_count_rolling":2.5,"lineage_count_rolling":0.5,"proportion":0.2,"proportion_ci_lower":0.00021690847003096627,"proportion_ci_upper":0.6668217544012093,"dateTime":"2020-12-30T13:00:00.000Z"},{"date":"2021-01-01","total_count":1,"lineage_count":0,"total_count_rolling":2,"lineage_count_rolling":0.3333333333333333,"proportion":0.16666666666666666,"proportion_ci_lower":0.00021690847003096627,"proportion_ci_upper":0.6668217544012093,"dateTime":"2020-12-31T13:00:00.000Z"},{"date":"2021-01-02","total_count":1,"lineage_count":0,"total_count_rolling":2,"lineage_count_rolling":0.3333333333333333,"proportion":0.16666666666666666,"proportion_ci_lower":0.00021690847003096627,"proportion_ci_upper":0.6668217544012093,"dateTime":"2021-01-01T13:00:00.000Z"},{"date":"2021-01-03","total_count":1,"lineage_count":0,"total_count_rolling":1.75,"lineage_count_rolling":0.25,"proportion":0.14285714285714285,"proportion_ci_lower":0.00021690847003096627,"proportion_ci_upper":0.6668217544012093,"dateTime":"2021-01-02T13:00:00.000Z"},{"date":"2021-01-04","total_count":3,"lineage_count":2,"total_count_rolling":2,"lineage_count_rolling":0.6,"proportion":0.3,"proportion_ci_lower":0.06083027592009738,"proportion_ci_upper":0.9391697240799026,"dateTime":"2021-01-03T13:00:00.000Z"},{"date":"2021-01-06","total_count":2,"lineage_count":2,"total_count_rolling":2,"lineage_count_rolling":0.8333333333333334,"proportion":0.4166666666666667,"proportion_ci_lower":0.06083027592009738,"proportion_ci_upper":0.9391697240799026,"dateTime":"2021-01-05T13:00:00.000Z"},{"date":"2021-01-07","total_count":1,"lineage_count":1,"total_count_rolling":1.5,"lineage_count_rolling":0.8333333333333334,"proportion":0.5555555555555556,"proportion_ci_lower":0.06083027592009738,"proportion_ci_upper":0.9391697240799026,"dateTime":"2021-01-06T13:00:00.000Z"},{"date":"2021-01-11","total_count":1,"lineage_count":0,"total_count_rolling":1.3333333333333333,"lineage_count_rolling":1,"proportion":0.75,"proportion_ci_lower":0.14674631630957516,"proportion_ci_upper":0.9996144190192441,"dateTime":"2021-01-10T13:00:00.000Z"},{"date":"2021-01-12","total_count":1,"lineage_count":1,"total_count_rolling":1.25,"lineage_count_rolling":1,"proportion":0.8,"proportion_ci_lower":0.14674631630957516,"proportion_ci_upper":0.9996144190192441,"dateTime":"2021-01-11T13:00:00.000Z"},{"date":"2021-01-13","total_count":2,"lineage_count":0,"total_count_rolling":1.25,"lineage_count_rolling":0.5,"proportion":0.4,"proportion_ci_lower":0.00038558098075590136,"proportion_ci_upper":0.8532536836904249,"dateTime":"2021-01-12T13:00:00.000Z"},{"date":"2021-01-14","total_count":3,"lineage_count":3,"total_count_rolling":1.75,"lineage_count_rolling":1,"proportion":0.5714285714285714,"proportion_ci_lower":0.06083027592009738,"proportion_ci_upper":0.9391697240799026,"dateTime":"2021-01-13T13:00:00.000Z"},{"date":"2021-01-15","total_count":5,"lineage_count":4,"total_count_rolling":2.4,"lineage_count_rolling":1.6,"proportion":0.6666666666666667,"proportion_ci_lower":0.3331782455987907,"proportion_ci_upper":0.999783091529969,"dateTime":"2021-01-14T13:00:00.000Z"},{"date":"2021-01-17","total_count":3,"lineage_count":3,"total_count_rolling":2.5,"lineage_count_rolling":1.8333333333333333,"proportion":0.7333333333333333,"proportion_ci_lower":0.3331782455987907,"proportion_ci_upper":0.999783091529969,"dateTime":"2021-01-16T13:00:00.000Z"},{"date":"2021-01-18","total_count":6,"lineage_count":5,"total_count_rolling":3.3333333333333335,"lineage_count_rolling":2.6666666666666665,"proportion":0.7999999999999999,"proportion_ci_lower":0.4644167569570492,"proportion_ci_upper":0.9998493639745635,"dateTime":"2021-01-17T13:00:00.000Z"},{"date":"2021-01-19","total_count":4,"lineage_count":2,"total_count_rolling":3.8333333333333335,"lineage_count_rolling":2.8333333333333335,"proportion":0.7391304347826088,"proportion_ci_lower":0.2837516795634127,"proportion_ci_upper":0.9715291049128532,"dateTime":"2021-01-18T13:00:00.000Z"},{"date":"2021-01-20","total_count":10,"lineage_count":1,"total_count_rolling":5.166666666666667,"lineage_count_rolling":3,"proportion":0.5806451612903225,"proportion_ci_lower":0.2094166640760049,"proportion_ci_upper":0.905609672655656,"dateTime":"2021-01-19T13:00:00.000Z"},{"date":"2021-01-21","total_count":10,"lineage_count":3,"total_count_rolling":6.333333333333333,"lineage_count_rolling":3,"proportion":0.4736842105263158,"proportion_ci_lower":0.16680819733184543,"proportion_ci_upper":0.8331918026681546,"dateTime":"2021-01-20T13:00:00.000Z"},{"date":"2021-01-22","total_count":8,"lineage_count":3,"total_count_rolling":6.833333333333333,"lineage_count_rolling":2.8333333333333335,"proportion":0.41463414634146345,"proportion_ci_lower":0.13886421910489027,"proportion_ci_upper":0.7654987507479062,"dateTime":"2021-01-21T13:00:00.000Z"},{"date":"2021-01-23","total_count":1,"lineage_count":0,"total_count_rolling":6,"lineage_count_rolling":2.4285714285714284,"proportion":0.4047619047619047,"proportion_ci_lower":0.07677014003487345,"proportion_ci_upper":0.713576990745803,"dateTime":"2021-01-22T13:00:00.000Z"},{"date":"2021-01-24","total_count":2,"lineage_count":2,"total_count_rolling":5.857142857142857,"lineage_count_rolling":2.2857142857142856,"proportion":0.3902439024390244,"proportion_ci_lower":0.07677014003487345,"proportion_ci_upper":0.713576990745803,"dateTime":"2021-01-23T13:00:00.000Z"},{"date":"2021-01-25","total_count":2,"lineage_count":2,"total_count_rolling":5.285714285714286,"lineage_count_rolling":1.8571428571428572,"proportion":0.35135135135135137,"proportion_ci_lower":0.0943903273443441,"proportion_ci_upper":0.7905833359239951,"dateTime":"2021-01-24T13:00:00.000Z"},{"date":"2021-01-26","total_count":8,"lineage_count":8,"total_count_rolling":5.857142857142857,"lineage_count_rolling":2.7142857142857144,"proportion":0.46341463414634154,"proportion_ci_lower":0.16680819733184543,"proportion_ci_upper":0.8331918026681546,"dateTime":"2021-01-25T13:00:00.000Z"},{"date":"2021-01-27","total_count":5,"lineage_count":5,"total_count_rolling":5.142857142857143,"lineage_count_rolling":3.2857142857142856,"proportion":0.6388888888888888,"proportion_ci_lower":0.2094166640760049,"proportion_ci_upper":0.905609672655656,"dateTime":"2021-01-26T13:00:00.000Z"},{"date":"2021-01-28","total_count":1,"lineage_count":1,"total_count_rolling":3.857142857142857,"lineage_count_rolling":3,"proportion":0.7777777777777778,"proportion_ci_lower":0.2837516795634127,"proportion_ci_upper":0.9715291049128532,"dateTime":"2021-01-27T13:00:00.000Z"},{"date":"2021-01-29","total_count":1,"lineage_count":1,"total_count_rolling":2.857142857142857,"lineage_count_rolling":2.7142857142857144,"proportion":0.9500000000000001,"proportion_ci_lower":0.4644167569570492,"proportion_ci_upper":0.9998493639745635,"dateTime":"2021-01-28T13:00:00.000Z"},{"date":"2021-02-01","total_count":3,"lineage_count":3,"total_count_rolling":3.6,"lineage_count_rolling":3.6,"proportion":1,"proportion_ci_lower":0.5552373823423605,"proportion_ci_upper":0.9998846672117617,"dateTime":"2021-01-31T13:00:00.000Z"},{"date":"2021-02-03","total_count":1,"lineage_count":1,"total_count_rolling":1.5,"lineage_count_rolling":1.5,"proportion":1,"proportion_ci_lower":0.3331782455987907,"proportion_ci_upper":0.999783091529969,"dateTime":"2021-02-02T13:00:00.000Z"},{"date":"2021-02-04","total_count":2,"lineage_count":2,"total_count_rolling":1.75,"lineage_count_rolling":1.75,"proportion":1,"proportion_ci_lower":0.3331782455987907,"proportion_ci_upper":0.999783091529969,"dateTime":"2021-02-03T13:00:00.000Z"},{"date":"2021-02-05","total_count":2,"lineage_count":2,"total_count_rolling":2,"lineage_count_rolling":2,"proportion":1,"proportion_ci_lower":0.3331782455987907,"proportion_ci_upper":0.999783091529969,"dateTime":"2021-02-04T13:00:00.000Z"},{"date":"2021-02-07","total_count":1,"lineage_count":1,"total_count_rolling":1.8,"lineage_count_rolling":1.8,"proportion":1,"proportion_ci_lower":0.3331782455987907,"proportion_ci_upper":0.999783091529969,"dateTime":"2021-02-06T13:00:00.000Z"},{"date":"2021-02-11","total_count":3,"lineage_count":3,"total_count_rolling":2,"lineage_count_rolling":2,"proportion":1,"proportion_ci_lower":0.3331782455987907,"proportion_ci_upper":0.999783091529969,"dateTime":"2021-02-10T13:00:00.000Z"},{"date":"2021-02-12","total_count":3,"lineage_count":3,"total_count_rolling":2.3333333333333335,"lineage_count_rolling":2.3333333333333335,"proportion":1,"proportion_ci_lower":0.3331782455987907,"proportion_ci_upper":0.999783091529969,"dateTime":"2021-02-11T13:00:00.000Z"},{"date":"2021-02-14","total_count":1,"lineage_count":1,"total_count_rolling":2.3333333333333335,"lineage_count_rolling":2.3333333333333335,"proportion":1,"proportion_ci_lower":0.3331782455987907,"proportion_ci_upper":0.999783091529969,"dateTime":"2021-02-13T13:00:00.000Z"},{"date":"2021-02-16","total_count":1,"lineage_count":1,"total_count_rolling":2,"lineage_count_rolling":2,"proportion":1,"proportion_ci_lower":0.3331782455987907,"proportion_ci_upper":0.999783091529969,"dateTime":"2021-02-15T13:00:00.000Z"},{"date":"2021-02-18","total_count":1,"lineage_count":1,"total_count_rolling":1.5,"lineage_count_rolling":1.5,"proportion":1,"proportion_ci_lower":0.3331782455987907,"proportion_ci_upper":0.999783091529969,"dateTime":"2021-02-17T13:00:00.000Z"},{"date":"2021-02-22","total_count":1,"lineage_count":1,"total_count_rolling":1,"lineage_count_rolling":1,"proportion":1,"proportion_ci_lower":0.14674631630957516,"proportion_ci_upper":0.9996144190192441,"dateTime":"2021-02-21T13:00:00.000Z"},{"date":"2021-02-24","total_count":1,"lineage_count":1,"total_count_rolling":1,"lineage_count_rolling":1,"proportion":1,"proportion_ci_lower":0.14674631630957516,"proportion_ci_upper":0.9996144190192441,"dateTime":"2021-02-23T13:00:00.000Z"},{"date":"2021-03-01","total_count":1,"lineage_count":1,"total_count_rolling":1,"lineage_count_rolling":1,"proportion":1,"proportion_ci_lower":0.14674631630957516,"proportion_ci_upper":0.9996144190192441,"dateTime":"2021-02-28T13:00:00.000Z"},{"date":"2021-03-02","total_count":1,"lineage_count":1,"total_count_rolling":1,"lineage_count_rolling":1,"proportion":1,"proportion_ci_lower":0.14674631630957516,"proportion_ci_upper":0.9996144190192441,"dateTime":"2021-03-01T13:00:00.000Z"},{"date":"2021-03-04","total_count":2,"lineage_count":2,"total_count_rolling":1.3333333333333333,"lineage_count_rolling":1.3333333333333333,"proportion":1,"proportion_ci_lower":0.14674631630957516,"proportion_ci_upper":0.9996144190192441,"dateTime":"2021-03-03T13:00:00.000Z"},{"date":"2021-03-05","total_count":2,"lineage_count":2,"total_count_rolling":1.5,"lineage_count_rolling":1.5,"proportion":1,"proportion_ci_lower":0.3331782455987907,"proportion_ci_upper":0.999783091529969,"dateTime":"2021-03-04T13:00:00.000Z"},{"date":"2021-03-06","total_count":1,"lineage_count":1,"total_count_rolling":1.4,"lineage_count_rolling":1.4,"proportion":1,"proportion_ci_lower":0.14674631630957516,"proportion_ci_upper":0.9996144190192441,"dateTime":"2021-03-05T13:00:00.000Z"},{"date":"2021-03-07","total_count":1,"lineage_count":1,"total_count_rolling":1.3333333333333333,"lineage_count_rolling":1.3333333333333333,"proportion":1,"proportion_ci_lower":0.14674631630957516,"proportion_ci_upper":0.9996144190192441,"dateTime":"2021-03-06T13:00:00.000Z"},{"date":"2021-03-08","total_count":4,"lineage_count":4,"total_count_rolling":1.8333333333333333,"lineage_count_rolling":1.8333333333333333,"proportion":1,"proportion_ci_lower":0.3331782455987907,"proportion_ci_upper":0.999783091529969,"dateTime":"2021-03-07T13:00:00.000Z"},{"date":"2021-03-09","total_count":1,"lineage_count":1,"total_count_rolling":1.8333333333333333,"lineage_count_rolling":1.8333333333333333,"proportion":1,"proportion_ci_lower":0.3331782455987907,"proportion_ci_upper":0.999783091529969,"dateTime":"2021-03-08T13:00:00.000Z"},{"date":"2021-03-10","total_count":3,"lineage_count":3,"total_count_rolling":2,"lineage_count_rolling":2,"proportion":1,"proportion_ci_lower":0.3331782455987907,"proportion_ci_upper":0.999783091529969,"dateTime":"2021-03-09T13:00:00.000Z"},{"date":"2021-03-11","total_count":3,"lineage_count":3,"total_count_rolling":2.142857142857143,"lineage_count_rolling":2.142857142857143,"proportion":1,"proportion_ci_lower":0.3331782455987907,"proportion_ci_upper":0.999783091529969,"dateTime":"2021-03-10T13:00:00.000Z"},{"date":"2021-03-12","total_count":13,"lineage_count":13,"total_count_rolling":3.7142857142857144,"lineage_count_rolling":3.7142857142857144,"proportion":1,"proportion_ci_lower":0.5552373823423605,"proportion_ci_upper":0.9998846672117617,"dateTime":"2021-03-11T13:00:00.000Z"},{"date":"2021-03-13","total_count":2,"lineage_count":2,"total_count_rolling":3.857142857142857,"lineage_count_rolling":3.857142857142857,"proportion":1,"proportion_ci_lower":0.5552373823423605,"proportion_ci_upper":0.9998846672117617,"dateTime":"2021-03-12T13:00:00.000Z"},{"date":"2021-03-14","total_count":6,"lineage_count":6,"total_count_rolling":4.571428571428571,"lineage_count_rolling":4.571428571428571,"proportion":1,"proportion_ci_lower":0.6206228577009607,"proportion_ci_upper":0.9999065793999604,"dateTime":"2021-03-13T13:00:00.000Z"},{"date":"2021-03-15","total_count":10,"lineage_count":10,"total_count_rolling":5.428571428571429,"lineage_count_rolling":5.428571428571429,"proportion":1,"proportion_ci_lower":0.6206228577009607,"proportion_ci_upper":0.9999065793999604,"dateTime":"2021-03-14T13:00:00.000Z"},{"date":"2021-03-16","total_count":1,"lineage_count":1,"total_count_rolling":5.428571428571429,"lineage_count_rolling":5.428571428571429,"proportion":1,"proportion_ci_lower":0.6206228577009607,"proportion_ci_upper":0.9999065793999604,"dateTime":"2021-03-15T13:00:00.000Z"},{"date":"2021-03-17","total_count":2,"lineage_count":2,"total_count_rolling":5.285714285714286,"lineage_count_rolling":5.285714285714286,"proportion":1,"proportion_ci_lower":0.6206228577009607,"proportion_ci_upper":0.9999065793999604,"dateTime":"2021-03-16T13:00:00.000Z"},{"date":"2021-03-18","total_count":12,"lineage_count":12,"total_count_rolling":6.571428571428571,"lineage_count_rolling":6.571428571428571,"proportion":1,"proportion_ci_lower":0.70756382633769,"proportion_ci_upper":0.9999323135357562,"dateTime":"2021-03-17T13:00:00.000Z"},{"date":"2021-03-19","total_count":2,"lineage_count":2,"total_count_rolling":5,"lineage_count_rolling":5,"proportion":1,"proportion_ci_lower":0.6206228577009607,"proportion_ci_upper":0.9999065793999604,"dateTime":"2021-03-18T13:00:00.000Z"},{"date":"2021-03-20","total_count":1,"lineage_count":1,"total_count_rolling":4.857142857142857,"lineage_count_rolling":4.857142857142857,"proportion":1,"proportion_ci_lower":0.6206228577009607,"proportion_ci_upper":0.9999065793999604,"dateTime":"2021-03-19T13:00:00.000Z"},{"date":"2021-03-21","total_count":1,"lineage_count":1,"total_count_rolling":4.142857142857143,"lineage_count_rolling":4.142857142857143,"proportion":1,"proportion_ci_lower":0.5552373823423605,"proportion_ci_upper":0.9998846672117617,"dateTime":"2021-03-20T13:00:00.000Z"},{"date":"2021-03-22","total_count":3,"lineage_count":1,"total_count_rolling":3.142857142857143,"lineage_count_rolling":2.857142857142857,"proportion":0.9090909090909092,"proportion_ci_lower":0.4644167569570492,"proportion_ci_upper":0.9998493639745635,"dateTime":"2021-03-21T13:00:00.000Z"},{"date":"2021-03-23","total_count":1,"lineage_count":1,"total_count_rolling":3.142857142857143,"lineage_count_rolling":2.857142857142857,"proportion":0.9090909090909092,"proportion_ci_lower":0.4644167569570492,"proportion_ci_upper":0.9998493639745635,"dateTime":"2021-03-22T13:00:00.000Z"},{"date":"2021-03-26","total_count":1,"lineage_count":0,"total_count_rolling":1.4,"lineage_count_rolling":0.8,"proportion":0.5714285714285715,"proportion_ci_lower":0.14674631630957516,"proportion_ci_upper":0.9996144190192441,"dateTime":"2021-03-25T13:00:00.000Z"},{"date":"2021-03-30","total_count":1,"lineage_count":0,"total_count_rolling":1,"lineage_count_rolling":0,"proportion":0,"proportion_ci_lower":0.00038558098075590136,"proportion_ci_upper":0.8532536836904249,"dateTime":"2021-03-29T13:00:00.000Z"},{"date":"2021-04-03","total_count":1,"lineage_count":1,"total_count_rolling":1,"lineage_count_rolling":0.5,"proportion":0.5,"proportion_ci_lower":0.00038558098075590136,"proportion_ci_upper":0.8532536836904249,"dateTime":"2021-04-02T13:00:00.000Z"},{"date":"2021-04-28","total_count":5,"lineage_count":4,"total_count_rolling":5,"lineage_count_rolling":4,"proportion":0.8,"proportion_ci_lower":0.37137359936800574,"proportion_ci_upper":0.9774872340008449,"dateTime":"2021-04-27T14:00:00.000Z"},{"date":"2021-05-02","total_count":1,"lineage_count":1,"total_count_rolling":3,"lineage_count_rolling":2.5,"proportion":0.8333333333333334,"proportion_ci_lower":0.17673609713125737,"proportion_ci_upper":0.9612523822148348,"dateTime":"2021-05-01T14:00:00.000Z"},{"date":"2021-05-04","total_count":1,"lineage_count":1,"total_count_rolling":2.3333333333333335,"lineage_count_rolling":2,"proportion":0.8571428571428571,"proportion_ci_lower":0.3331782455987907,"proportion_ci_upper":0.999783091529969,"dateTime":"2021-05-03T14:00:00.000Z"},{"date":"2021-05-07","total_count":1,"lineage_count":1,"total_count_rolling":1,"lineage_count_rolling":1,"proportion":1,"proportion_ci_lower":0.14674631630957516,"proportion_ci_upper":0.9996144190192441,"dateTime":"2021-05-06T14:00:00.000Z"},{"date":"2021-05-09","total_count":1,"lineage_count":0,"total_count_rolling":1,"lineage_count_rolling":0.6666666666666666,"proportion":0.6666666666666666,"proportion_ci_lower":0.14674631630957516,"proportion_ci_upper":0.9996144190192441,"dateTime":"2021-05-08T14:00:00.000Z"},{"date":"2021-05-10","total_count":6,"lineage_count":1,"total_count_rolling":2.25,"lineage_count_rolling":0.75,"proportion":0.3333333333333333,"proportion_ci_lower":0.06083027592009738,"proportion_ci_upper":0.9391697240799026,"dateTime":"2021-05-09T14:00:00.000Z"},{"date":"2021-05-12","total_count":3,"lineage_count":3,"total_count_rolling":2.75,"lineage_count_rolling":1.25,"proportion":0.45454545454545453,"proportion_ci_lower":0.03874761778516518,"proportion_ci_upper":0.8232639028687426,"dateTime":"2021-05-11T14:00:00.000Z"},{"date":"2021-05-13","total_count":2,"lineage_count":2,"total_count_rolling":2.6,"lineage_count_rolling":1.4,"proportion":0.5384615384615384,"proportion_ci_lower":0.03874761778516518,"proportion_ci_upper":0.8232639028687426,"dateTime":"2021-05-12T14:00:00.000Z"},{"date":"2021-05-14","total_count":3,"lineage_count":3,"total_count_rolling":3,"lineage_count_rolling":1.8,"proportion":0.6,"proportion_ci_lower":0.17673609713125737,"proportion_ci_upper":0.9612523822148348,"dateTime":"2021-05-13T14:00:00.000Z"},{"date":"2021-05-16","total_count":1,"lineage_count":1,"total_count_rolling":3,"lineage_count_rolling":2,"proportion":0.6666666666666666,"proportion_ci_lower":0.17673609713125737,"proportion_ci_upper":0.9612523822148348,"dateTime":"2021-05-15T14:00:00.000Z"},{"date":"2021-05-17","total_count":4,"lineage_count":4,"total_count_rolling":2.6,"lineage_count_rolling":2.6,"proportion":1,"proportion_ci_lower":0.4644167569570492,"proportion_ci_upper":0.9998493639745635,"dateTime":"2021-05-16T14:00:00.000Z"},{"date":"2021-05-18","total_count":6,"lineage_count":6,"total_count_rolling":3.1666666666666665,"lineage_count_rolling":3.1666666666666665,"proportion":1,"proportion_ci_lower":0.4644167569570492,"proportion_ci_upper":0.9998493639745635,"dateTime":"2021-05-17T14:00:00.000Z"},{"date":"2021-05-20","total_count":1,"lineage_count":1,"total_count_rolling":3,"lineage_count_rolling":3,"proportion":1,"proportion_ci_lower":0.4644167569570492,"proportion_ci_upper":0.9998493639745635,"dateTime":"2021-05-19T14:00:00.000Z"},{"date":"2021-05-21","total_count":20,"lineage_count":20,"total_count_rolling":6.4,"lineage_count_rolling":6.4,"proportion":1,"proportion_ci_lower":0.6696110908484498,"proportion_ci_upper":0.9999215001516338,"dateTime":"2021-05-20T14:00:00.000Z"},{"date":"2021-05-22","total_count":6,"lineage_count":6,"total_count_rolling":6.333333333333333,"lineage_count_rolling":6.333333333333333,"proportion":1,"proportion_ci_lower":0.6696110908484498,"proportion_ci_upper":0.9999215001516338,"dateTime":"2021-05-21T14:00:00.000Z"},{"date":"2021-05-24","total_count":1,"lineage_count":1,"total_count_rolling":6.8,"lineage_count_rolling":6.8,"proportion":1,"proportion_ci_lower":0.70756382633769,"proportion_ci_upper":0.9999323135357562,"dateTime":"2021-05-23T14:00:00.000Z"},{"date":"2021-05-25","total_count":1,"lineage_count":1,"total_count_rolling":5.8,"lineage_count_rolling":5.8,"proportion":1,"proportion_ci_lower":0.6696110908484498,"proportion_ci_upper":0.9999215001516338,"dateTime":"2021-05-24T14:00:00.000Z"},{"date":"2021-05-30","total_count":6,"lineage_count":4,"total_count_rolling":2.6666666666666665,"lineage_count_rolling":2,"proportion":0.75,"proportion_ci_lower":0.17673609713125737,"proportion_ci_upper":0.9612523822148348,"dateTime":"2021-05-29T14:00:00.000Z"},{"date":"2021-05-31","total_count":17,"lineage_count":16,"total_count_rolling":8,"lineage_count_rolling":7,"proportion":0.875,"proportion_ci_lower":0.5462806789675854,"proportion_ci_upper":0.9861617662096792,"dateTime":"2021-05-30T14:00:00.000Z"},{"date":"2021-06-01","total_count":24,"lineage_count":16,"total_count_rolling":15.666666666666666,"lineage_count_rolling":12,"proportion":0.7659574468085106,"proportion_ci_lower":0.5092710112735392,"proportion_ci_upper":0.9091718049657238,"dateTime":"2021-05-31T14:00:00.000Z"},{"date":"2021-06-02","total_count":12,"lineage_count":5,"total_count_rolling":14.75,"lineage_count_rolling":10.25,"proportion":0.6949152542372882,"proportion_ci_lower":0.41583623285425014,"proportion_ci_upper":0.8597473628840056,"dateTime":"2021-06-01T14:00:00.000Z"},{"date":"2021-06-03","total_count":2,"lineage_count":2,"total_count_rolling":12.2,"lineage_count_rolling":8.6,"proportion":0.7049180327868853,"proportion_ci_lower":0.4708089163734493,"proportion_ci_upper":0.9240576710805152,"dateTime":"2021-06-02T14:00:00.000Z"},{"date":"2021-06-04","total_count":1,"lineage_count":1,"total_count_rolling":10.333333333333334,"lineage_count_rolling":7.333333333333333,"proportion":0.7096774193548386,"proportion_ci_lower":0.3941816818513288,"proportion_ci_upper":0.9073054060618468,"dateTime":"2021-06-03T14:00:00.000Z"},{"date":"2021-06-05","total_count":10,"lineage_count":9,"total_count_rolling":10.285714285714286,"lineage_count_rolling":7.571428571428571,"proportion":0.736111111111111,"proportion_ci_lower":0.497225503560007,"proportion_ci_upper":0.9559405864473692,"dateTime":"2021-06-04T14:00:00.000Z"},{"date":"2021-06-06","total_count":3,"lineage_count":3,"total_count_rolling":9.857142857142858,"lineage_count_rolling":7.428571428571429,"proportion":0.7536231884057971,"proportion_ci_lower":0.3941816818513288,"proportion_ci_upper":0.9073054060618468,"dateTime":"2021-06-05T14:00:00.000Z"},{"date":"2021-06-07","total_count":5,"lineage_count":5,"total_count_rolling":8.142857142857142,"lineage_count_rolling":5.857142857142857,"proportion":0.7192982456140351,"proportion_ci_lower":0.40837648942666255,"proportion_ci_upper":0.9440331102753412,"dateTime":"2021-06-06T14:00:00.000Z"},{"date":"2021-06-10","total_count":3,"lineage_count":1,"total_count_rolling":4.4,"lineage_count_rolling":3.8,"proportion":0.8636363636363635,"proportion_ci_lower":0.5552373823423605,"proportion_ci_upper":0.9998846672117617,"dateTime":"2021-06-09T14:00:00.000Z"},{"date":"2021-06-14","total_count":1,"lineage_count":0,"total_count_rolling":2,"lineage_count_rolling":0.5,"proportion":0.25,"proportion_ci_lower":0.00021690847003096627,"proportion_ci_upper":0.6668217544012093,"dateTime":"2021-06-13T14:00:00.000Z"},{"date":"2021-06-15","total_count":1,"lineage_count":1,"total_count_rolling":1.6666666666666667,"lineage_count_rolling":0.6666666666666666,"proportion":0.39999999999999997,"proportion_ci_lower":0.06083027592009738,"proportion_ci_upper":0.9391697240799026,"dateTime":"2021-06-14T14:00:00.000Z"},{"date":"2021-06-16","total_count":1,"lineage_count":1,"total_count_rolling":1.5,"lineage_count_rolling":0.75,"proportion":0.5,"proportion_ci_lower":0.06083027592009738,"proportion_ci_upper":0.9391697240799026,"dateTime":"2021-06-15T14:00:00.000Z"},{"date":"2021-06-17","total_count":1,"lineage_count":0,"total_count_rolling":1,"lineage_count_rolling":0.5,"proportion":0.5,"proportion_ci_lower":0.00038558098075590136,"proportion_ci_upper":0.8532536836904249,"dateTime":"2021-06-16T14:00:00.000Z"}]	
"B.1.617.2"	"pangolin_lineage=B.1.617.2"	"Variant of Concern"	{"pango":"B.1.617.2","loc":[],"selected":"BWA"}	[{"date":"2021-04-28","total_count":5,"lineage_count":1,"total_count_rolling":5,"lineage_count_rolling":1,"proportion":0.2,"proportion_ci_lower":0.022512765999155134,"proportion_ci_upper":0.6286264006319943,"dateTime":"2021-04-27T14:00:00.000Z"},{"date":"2021-05-02","total_count":1,"lineage_count":0,"total_count_rolling":3,"lineage_count_rolling":0.5,"proportion":0.16666666666666666,"proportion_ci_lower":0.00015063602543656854,"proportion_ci_upper":0.5355832430429506,"dateTime":"2021-05-01T14:00:00.000Z"},{"date":"2021-05-04","total_count":1,"lineage_count":0,"total_count_rolling":2.3333333333333335,"lineage_count_rolling":0.3333333333333333,"proportion":0.14285714285714285,"proportion_ci_lower":0.00021690847003096627,"proportion_ci_upper":0.6668217544012093,"dateTime":"2021-05-03T14:00:00.000Z"},{"date":"2021-05-07","total_count":1,"lineage_count":0,"total_count_rolling":1,"lineage_count_rolling":0,"proportion":0,"proportion_ci_lower":0.00038558098075590136,"proportion_ci_upper":0.8532536836904249,"dateTime":"2021-05-06T14:00:00.000Z"},{"date":"2021-05-09","total_count":1,"lineage_count":1,"total_count_rolling":1,"lineage_count_rolling":0.3333333333333333,"proportion":0.3333333333333333,"proportion_ci_lower":0.00038558098075590136,"proportion_ci_upper":0.8532536836904249,"dateTime":"2021-05-08T14:00:00.000Z"},{"date":"2021-05-10","total_count":6,"lineage_count":3,"total_count_rolling":2.25,"lineage_count_rolling":1,"proportion":0.4444444444444444,"proportion_ci_lower":0.06083027592009738,"proportion_ci_upper":0.9391697240799026,"dateTime":"2021-05-09T14:00:00.000Z"},{"date":"2021-05-12","total_count":3,"lineage_count":0,"total_count_rolling":2.75,"lineage_count_rolling":1,"proportion":0.36363636363636365,"proportion_ci_lower":0.03874761778516518,"proportion_ci_upper":0.8232639028687426,"dateTime":"2021-05-11T14:00:00.000Z"},{"date":"2021-05-13","total_count":2,"lineage_count":0,"total_count_rolling":2.6,"lineage_count_rolling":0.8,"proportion":0.3076923076923077,"proportion_ci_lower":0.03874761778516518,"proportion_ci_upper":0.8232639028687426,"dateTime":"2021-05-12T14:00:00.000Z"},{"date":"2021-05-14","total_count":3,"lineage_count":0,"total_count_rolling":3,"lineage_count_rolling":0.8,"proportion":0.26666666666666666,"proportion_ci_lower":0.03874761778516518,"proportion_ci_upper":0.8232639028687426,"dateTime":"2021-05-13T14:00:00.000Z"},{"date":"2021-05-16","total_count":1,"lineage_count":0,"total_count_rolling":3,"lineage_count_rolling":0.6,"proportion":0.19999999999999998,"proportion_ci_lower":0.03874761778516518,"proportion_ci_upper":0.8232639028687426,"dateTime":"2021-05-15T14:00:00.000Z"},{"date":"2021-05-17","total_count":4,"lineage_count":0,"total_count_rolling":2.6,"lineage_count_rolling":0,"proportion":0,"proportion_ci_lower":0.00015063602543656854,"proportion_ci_upper":0.5355832430429506,"dateTime":"2021-05-16T14:00:00.000Z"},{"date":"2021-05-18","total_count":6,"lineage_count":0,"total_count_rolling":3.1666666666666665,"lineage_count_rolling":0,"proportion":0,"proportion_ci_lower":0.00015063602543656854,"proportion_ci_upper":0.5355832430429506,"dateTime":"2021-05-17T14:00:00.000Z"},{"date":"2021-05-20","total_count":1,"lineage_count":0,"total_count_rolling":3,"lineage_count_rolling":0,"proportion":0,"proportion_ci_lower":0.00015063602543656854,"proportion_ci_upper":0.5355832430429506,"dateTime":"2021-05-19T14:00:00.000Z"},{"date":"2021-05-21","total_count":20,"lineage_count":0,"total_count_rolling":6.4,"lineage_count_rolling":0,"proportion":0,"proportion_ci_lower":0.0000784998483662081,"proportion_ci_upper":0.33038890915155017,"dateTime":"2021-05-20T14:00:00.000Z"},{"date":"2021-05-22","total_count":6,"lineage_count":0,"total_count_rolling":6.333333333333333,"lineage_count_rolling":0,"proportion":0,"proportion_ci_lower":0.0000784998483662081,"proportion_ci_upper":0.33038890915155017,"dateTime":"2021-05-21T14:00:00.000Z"},{"date":"2021-05-24","total_count":1,"lineage_count":0,"total_count_rolling":6.8,"lineage_count_rolling":0,"proportion":0,"proportion_ci_lower":0.00006768646424383031,"proportion_ci_upper":0.29243617366230995,"dateTime":"2021-05-23T14:00:00.000Z"},{"date":"2021-05-25","total_count":1,"lineage_count":0,"total_count_rolling":5.8,"lineage_count_rolling":0,"proportion":0,"proportion_ci_lower":0.0000784998483662081,"proportion_ci_upper":0.33038890915155017,"dateTime":"2021-05-24T14:00:00.000Z"},{"date":"2021-05-30","total_count":6,"lineage_count":0,"total_count_rolling":2.6666666666666665,"lineage_count_rolling":0,"proportion":0,"proportion_ci_lower":0.00015063602543656854,"proportion_ci_upper":0.5355832430429506,"dateTime":"2021-05-29T14:00:00.000Z"},{"date":"2021-05-31","total_count":17,"lineage_count":0,"total_count_rolling":8,"lineage_count_rolling":0,"proportion":0,"proportion_ci_lower":0.00005949030289440227,"proportion_ci_upper":0.26221724871718577,"dateTime":"2021-05-30T14:00:00.000Z"},{"date":"2021-06-01","total_count":24,"lineage_count":4,"total_count_rolling":15.666666666666666,"lineage_count_rolling":1.3333333333333333,"proportion":0.0851063829787234,"proportion_ci_lower":0.006828722055886862,"proportion_ci_upper":0.2569214298857737,"dateTime":"2021-05-31T14:00:00.000Z"},{"date":"2021-06-02","total_count":12,"lineage_count":6,"total_count_rolling":14.75,"lineage_count_rolling":2.5,"proportion":0.1694915254237288,"proportion_ci_lower":0.028778327320125197,"proportion_ci_upper":0.36341790615102243,"dateTime":"2021-06-01T14:00:00.000Z"},{"date":"2021-06-03","total_count":2,"lineage_count":0,"total_count_rolling":12.2,"lineage_count_rolling":2,"proportion":0.1639344262295082,"proportion_ci_lower":0.03633775639867186,"proportion_ci_upper":0.43624793593638345,"dateTime":"2021-06-02T14:00:00.000Z"},{"date":"2021-06-04","total_count":1,"lineage_count":0,"total_count_rolling":10.333333333333334,"lineage_count_rolling":1.6666666666666667,"proportion":0.16129032258064516,"proportion_ci_lower":0.044059413552630815,"proportion_ci_upper":0.502774496439993,"dateTime":"2021-06-03T14:00:00.000Z"},{"date":"2021-06-05","total_count":10,"lineage_count":0,"total_count_rolling":10.285714285714286,"lineage_count_rolling":1.4285714285714286,"proportion":0.1388888888888889,"proportion_ci_lower":0.011011673763161142,"proportion_ci_upper":0.3813147710666164,"dateTime":"2021-06-04T14:00:00.000Z"},{"date":"2021-06-06","total_count":3,"lineage_count":0,"total_count_rolling":9.857142857142858,"lineage_count_rolling":1.4285714285714286,"proportion":0.14492753623188406,"proportion_ci_lower":0.011011673763161142,"proportion_ci_upper":0.3813147710666164,"dateTime":"2021-06-05T14:00:00.000Z"},{"date":"2021-06-07","total_count":5,"lineage_count":0,"total_count_rolling":8.142857142857142,"lineage_count_rolling":1.4285714285714286,"proportion":0.1754385964912281,"proportion_ci_lower":0.013838233790320764,"proportion_ci_upper":0.45371932103241464,"dateTime":"2021-06-06T14:00:00.000Z"},{"date":"2021-06-10","total_count":3,"lineage_count":0,"total_count_rolling":4.4,"lineage_count_rolling":0,"proportion":0,"proportion_ci_lower":0.000115332788238275,"proportion_ci_upper":0.4447626176576397,"dateTime":"2021-06-09T14:00:00.000Z"},{"date":"2021-06-14","total_count":1,"lineage_count":0,"total_count_rolling":2,"lineage_count_rolling":0,"proportion":0,"proportion_ci_lower":0.00021690847003096627,"proportion_ci_upper":0.6668217544012093,"dateTime":"2021-06-13T14:00:00.000Z"},{"date":"2021-06-15","total_count":1,"lineage_count":0,"total_count_rolling":1.6666666666666667,"lineage_count_rolling":0,"proportion":0,"proportion_ci_lower":0.00021690847003096627,"proportion_ci_upper":0.6668217544012093,"dateTime":"2021-06-14T14:00:00.000Z"},{"date":"2021-06-16","total_count":1,"lineage_count":0,"total_count_rolling":1.5,"lineage_count_rolling":0,"proportion":0,"proportion_ci_lower":0.00021690847003096627,"proportion_ci_upper":0.6668217544012093,"dateTime":"2021-06-15T14:00:00.000Z"},{"date":"2021-06-17","total_count":1,"lineage_count":0,"total_count_rolling":1,"lineage_count_rolling":0,"proportion":0,"proportion_ci_lower":0.00038558098075590136,"proportion_ci_upper":0.8532536836904249,"dateTime":"2021-06-16T14:00:00.000Z"}]	
"P.1"	"pangolin_lineage=P.1"	"Variant of Concern"	{"pango":"P.1","selected":"BWA","loc":[]}	[]	
"P.1.1"	"pangolin_lineage=P.1.1"	"Variant of Concern"	{"pango":"P.1.1","selected":"BWA","loc":[]}	[]	
"P.1.2"	"pangolin_lineage=P.1.2"	"Variant of Concern"	{"pango":"P.1.2","selected":"BWA","loc":[]}	[]	
"AV.1"	"pangolin_lineage=AV.1"	"Variant of Interest"	{"pango":"AV.1","loc":["BWA"],"selected":"BWA"}	[]	
"B.1.1.318"	"pangolin_lineage=B.1.1.318"	"Variant of Interest"	{"pango":"B.1.1.318","selected":"BWA","loc":[]}	[]	
"B.1.427"	"pangolin_lineage=B.1.427"	"Variant of Interest"	{"pango":"B.1.427","loc":[],"selected":"BWA"}	[]	
"B.1.429"	"pangolin_lineage=B.1.429"	"Variant of Interest"	{"pango":"B.1.429","loc":[],"selected":"BWA"}	[]	
"B.1.525"	"pangolin_lineage=B.1.525"	"Variant of Interest"	{"pango":"B.1.525","selected":"BWA","loc":[]}	[]	
"B.1.526"	"pangolin_lineage=B.1.526"	"Variant of Interest"	{"pango":"B.1.526","loc":[],"selected":"BWA"}	[]	
"B.1.617.1"	"pangolin_lineage=B.1.617.1"	"Variant of Interest"	{"pango":"B.1.617.1","loc":[],"selected":"BWA"}	[]	
"B.1.617.3"	"pangolin_lineage=B.1.617.3"	"Variant of Interest"	{"pango":"B.1.617.3","loc":[],"selected":"BWA"}	[]	
"C.36.3"	"pangolin_lineage=C.36.3"	"Variant of Interest"	{"pango":"C.36.3","loc":[],"selected":"BWA"}	[]	
"C.37"	"pangolin_lineage=C.37"	"Variant of Interest"	{"pango":"C.37","loc":[],"selected":"BWA"}	[]	
"P.2"	"pangolin_lineage=P.2"	"Variant of Interest"	{"pango":"P.2","loc":[],"selected":"BWA"}	[]	
"P.3"	"pangolin_lineage=P.3"	"Variant of Interest"	{"pango":"P.3","loc":[],"selected":"BWA"}	[]	
