label	query	variantType	route	data	source	type	qParam
"AY.1"	"pangolin_lineage=AY.1"	"Variant of Concern"	{"pango":"AY.1","loc":[],"selected":"BWA"}	[]			
"AY.2"	"pangolin_lineage=AY.2"	"Variant of Concern"	{"pango":"AY.2","loc":[],"selected":"BWA"}	[]			
"B.1.1.7"	"pangolin_lineage=B.1.1.7"	"Variant of Concern"	{"pango":"B.1.1.7","loc":[],"selected":"BWA"}	[]			
"B.1.1.7 + S:E484K"	"pangolin_lineage=B.1.1.7&mutations=S:E484K"	"Variant of Concern"	{"pango":"B.1.1.7","muts":["S:E484K"],"loc":[],"selected":"BWA"}	[]			
"B.1.351"	"pangolin_lineage=B.1.351"	"Variant of Concern"	{"pango":"B.1.351","selected":"BWA","loc":[]}	[{"date":"2020-11-21","total_count":2,"lineage_count":2,"total_count_rolling":2,"lineage_count_rolling":2,"proportion":1,"proportion_ci_lower":0.3331782455987907,"proportion_ci_upper":0.999783091529969,"dateTime":"2020-11-20T13:00:00.000Z"},{"date":"2020-11-25","total_count":2,"lineage_count":2,"total_count_rolling":2,"lineage_count_rolling":2,"proportion":1,"proportion_ci_lower":0.3331782455987907,"proportion_ci_upper":0.999783091529969,"dateTime":"2020-11-24T13:00:00.000Z"},{"date":"2020-11-28","total_count":3,"lineage_count":1,"total_count_rolling":2.5,"lineage_count_rolling":1.5,"proportion":0.6,"proportion_ci_lower":0.3331782455987907,"proportion_ci_upper":0.999783091529969,"dateTime":"2020-11-27T13:00:00.000Z"},{"date":"2020-11-29","total_count":3,"lineage_count":0,"total_count_rolling":2.6666666666666665,"lineage_count_rolling":1,"proportion":0.375,"proportion_ci_lower":0.03874761778516518,"proportion_ci_upper":0.8232639028687426,"dateTime":"2020-11-28T13:00:00.000Z"},{"date":"2020-11-30","total_count":2,"lineage_count":0,"total_count_rolling":2.5,"lineage_count_rolling":0.75,"proportion":0.3,"proportion_ci_lower":0.06083027592009738,"proportion_ci_upper":0.9391697240799026,"dateTime":"2020-11-29T13:00:00.000Z"},{"date":"2020-12-07","total_count":2,"lineage_count":0,"total_count_rolling":2,"lineage_count_rolling":0,"proportion":0,"proportion_ci_lower":0.00021690847003096627,"proportion_ci_upper":0.6668217544012093,"dateTime":"2020-12-06T13:00:00.000Z"},{"date":"2020-12-08","total_count":1,"lineage_count":0,"total_count_rolling":1.5,"lineage_count_rolling":0,"proportion":0,"proportion_ci_lower":0.00021690847003096627,"proportion_ci_upper":0.6668217544012093,"dateTime":"2020-12-07T13:00:00.000Z"},{"date":"2020-12-10","total_count":1,"lineage_count":0,"total_count_rolling":1.3333333333333333,"lineage_count_rolling":0,"proportion":0,"proportion_ci_lower":0.00038558098075590136,"proportion_ci_upper":0.8532536836904249,"dateTime":"2020-12-09T13:00:00.000Z"},{"date":"2020-12-11","total_count":2,"lineage_count":0,"total_count_rolling":1.5,"lineage_count_rolling":0,"proportion":0,"proportion_ci_lower":0.00021690847003096627,"proportion_ci_upper":0.6668217544012093,"dateTime":"2020-12-10T13:00:00.000Z"},{"date":"2020-12-12","total_count":1,"lineage_count":0,"total_count_rolling":1.4,"lineage_count_rolling":0,"proportion":0,"proportion_ci_lower":0.00038558098075590136,"proportion_ci_upper":0.8532536836904249,"dateTime":"2020-12-11T13:00:00.000Z"},{"date":"2020-12-13","total_count":1,"lineage_count":0,"total_count_rolling":1.3333333333333333,"lineage_count_rolling":0,"proportion":0,"proportion_ci_lower":0.00038558098075590136,"proportion_ci_upper":0.8532536836904249,"dateTime":"2020-12-12T13:00:00.000Z"},{"date":"2020-12-16","total_count":1,"lineage_count":0,"total_count_rolling":1.2,"lineage_count_rolling":0,"proportion":0,"proportion_ci_lower":0.00038558098075590136,"proportion_ci_upper":0.8532536836904249,"dateTime":"2020-12-15T13:00:00.000Z"},{"date":"2020-12-17","total_count":3,"lineage_count":2,"total_count_rolling":1.6,"lineage_count_rolling":0.4,"proportion":0.25,"proportion_ci_lower":0.00021690847003096627,"proportion_ci_upper":0.6668217544012093,"dateTime":"2020-12-16T13:00:00.000Z"},{"date":"2020-12-18","total_count":3,"lineage_count":1,"total_count_rolling":1.8,"lineage_count_rolling":0.6,"proportion":0.3333333333333333,"proportion_ci_lower":0.06083027592009738,"proportion_ci_upper":0.9391697240799026,"dateTime":"2020-12-17T13:00:00.000Z"},{"date":"2020-12-20","total_count":2,"lineage_count":1,"total_count_rolling":2.25,"lineage_count_rolling":1,"proportion":0.4444444444444444,"proportion_ci_lower":0.06083027592009738,"proportion_ci_upper":0.9391697240799026,"dateTime":"2020-12-19T13:00:00.000Z"},{"date":"2020-12-21","total_count":1,"lineage_count":0,"total_count_rolling":2,"lineage_count_rolling":0.8,"proportion":0.4,"proportion_ci_lower":0.06083027592009738,"proportion_ci_upper":0.9391697240799026,"dateTime":"2020-12-20T13:00:00.000Z"},{"date":"2020-12-23","total_count":2,"lineage_count":2,"total_count_rolling":2.2,"lineage_count_rolling":1.2,"proportion":0.5454545454545454,"proportion_ci_lower":0.06083027592009738,"proportion_ci_upper":0.9391697240799026,"dateTime":"2020-12-22T13:00:00.000Z"},{"date":"2020-12-24","total_count":2,"lineage_count":1,"total_count_rolling":2,"lineage_count_rolling":1,"proportion":0.5,"proportion_ci_lower":0.06083027592009738,"proportion_ci_upper":0.9391697240799026,"dateTime":"2020-12-23T13:00:00.000Z"},{"date":"2020-12-26","total_count":1,"lineage_count":0,"total_count_rolling":1.6,"lineage_count_rolling":0.8,"proportion":0.5,"proportion_ci_lower":0.06083027592009738,"proportion_ci_upper":0.9391697240799026,"dateTime":"2020-12-25T13:00:00.000Z"},{"date":"2020-12-31","total_count":4,"lineage_count":1,"total_count_rolling":2.5,"lineage_count_rolling":0.5,"proportion":0.2,"proportion_ci_lower":0.00021690847003096627,"proportion_ci_upper":0.6668217544012093,"dateTime":"2020-12-30T13:00:00.000Z"},{"date":"2021-01-01","total_count":1,"lineage_count":0,"total_count_rolling":2,"lineage_count_rolling":0.3333333333333333,"proportion":0.16666666666666666,"proportion_ci_lower":0.00021690847003096627,"proportion_ci_upper":0.6668217544012093,"dateTime":"2020-12-31T13:00:00.000Z"},{"date":"2021-01-02","total_count":1,"lineage_count":0,"total_count_rolling":2,"lineage_count_rolling":0.3333333333333333,"proportion":0.16666666666666666,"proportion_ci_lower":0.00021690847003096627,"proportion_ci_upper":0.6668217544012093,"dateTime":"2021-01-01T13:00:00.000Z"},{"date":"2021-01-03","total_count":1,"lineage_count":0,"total_count_rolling":1.75,"lineage_count_rolling":0.25,"proportion":0.14285714285714285,"proportion_ci_lower":0.00021690847003096627,"proportion_ci_upper":0.6668217544012093,"dateTime":"2021-01-02T13:00:00.000Z"},{"date":"2021-01-04","total_count":3,"lineage_count":2,"total_count_rolling":2,"lineage_count_rolling":0.6,"proportion":0.3,"proportion_ci_lower":0.06083027592009738,"proportion_ci_upper":0.9391697240799026,"dateTime":"2021-01-03T13:00:00.000Z"},{"date":"2021-01-06","total_count":2,"lineage_count":2,"total_count_rolling":2,"lineage_count_rolling":0.8333333333333334,"proportion":0.4166666666666667,"proportion_ci_lower":0.06083027592009738,"proportion_ci_upper":0.9391697240799026,"dateTime":"2021-01-05T13:00:00.000Z"},{"date":"2021-01-07","total_count":1,"lineage_count":1,"total_count_rolling":1.5,"lineage_count_rolling":0.8333333333333334,"proportion":0.5555555555555556,"proportion_ci_lower":0.06083027592009738,"proportion_ci_upper":0.9391697240799026,"dateTime":"2021-01-06T13:00:00.000Z"},{"date":"2021-01-11","total_count":1,"lineage_count":0,"total_count_rolling":1.3333333333333333,"lineage_count_rolling":1,"proportion":0.75,"proportion_ci_lower":0.14674631630957516,"proportion_ci_upper":0.9996144190192441,"dateTime":"2021-01-10T13:00:00.000Z"},{"date":"2021-01-12","total_count":1,"lineage_count":1,"total_count_rolling":1.25,"lineage_count_rolling":1,"proportion":0.8,"proportion_ci_lower":0.14674631630957516,"proportion_ci_upper":0.9996144190192441,"dateTime":"2021-01-11T13:00:00.000Z"},{"date":"2021-01-13","total_count":2,"lineage_count":0,"total_count_rolling":1.25,"lineage_count_rolling":0.5,"proportion":0.4,"proportion_ci_lower":0.00038558098075590136,"proportion_ci_upper":0.8532536836904249,"dateTime":"2021-01-12T13:00:00.000Z"},{"date":"2021-01-14","total_count":3,"lineage_count":3,"total_count_rolling":1.75,"lineage_count_rolling":1,"proportion":0.5714285714285714,"proportion_ci_lower":0.06083027592009738,"proportion_ci_upper":0.9391697240799026,"dateTime":"2021-01-13T13:00:00.000Z"},{"date":"2021-01-15","total_count":5,"lineage_count":4,"total_count_rolling":2.4,"lineage_count_rolling":1.6,"proportion":0.6666666666666667,"proportion_ci_lower":0.3331782455987907,"proportion_ci_upper":0.999783091529969,"dateTime":"2021-01-14T13:00:00.000Z"},{"date":"2021-01-17","total_count":3,"lineage_count":3,"total_count_rolling":2.5,"lineage_count_rolling":1.8333333333333333,"proportion":0.7333333333333333,"proportion_ci_lower":0.3331782455987907,"proportion_ci_upper":0.999783091529969,"dateTime":"2021-01-16T13:00:00.000Z"},{"date":"2021-01-18","total_count":6,"lineage_count":6,"total_count_rolling":3.3333333333333335,"lineage_count_rolling":2.8333333333333335,"proportion":0.85,"proportion_ci_lower":0.4644167569570492,"proportion_ci_upper":0.9998493639745635,"dateTime":"2021-01-17T13:00:00.000Z"},{"date":"2021-01-19","total_count":4,"lineage_count":4,"total_count_rolling":3.8333333333333335,"lineage_count_rolling":3.3333333333333335,"proportion":0.8695652173913043,"proportion_ci_lower":0.2837516795634127,"proportion_ci_upper":0.9715291049128532,"dateTime":"2021-01-18T13:00:00.000Z"},{"date":"2021-01-20","total_count":10,"lineage_count":8,"total_count_rolling":5.166666666666667,"lineage_count_rolling":4.666666666666667,"proportion":0.9032258064516129,"proportion_ci_lower":0.6206228577009607,"proportion_ci_upper":0.9999065793999604,"dateTime":"2021-01-19T13:00:00.000Z"},{"date":"2021-01-21","total_count":10,"lineage_count":10,"total_count_rolling":6.333333333333333,"lineage_count_rolling":5.833333333333333,"proportion":0.9210526315789473,"proportion_ci_lower":0.6696110908484498,"proportion_ci_upper":0.9999215001516338,"dateTime":"2021-01-20T13:00:00.000Z"},{"date":"2021-01-22","total_count":8,"lineage_count":7,"total_count_rolling":6.833333333333333,"lineage_count_rolling":6.333333333333333,"proportion":0.926829268292683,"proportion_ci_lower":0.49920253838092243,"proportion_ci_upper":0.9841234757872532,"dateTime":"2021-01-21T13:00:00.000Z"},{"date":"2021-01-23","total_count":1,"lineage_count":1,"total_count_rolling":6,"lineage_count_rolling":5.571428571428571,"proportion":0.9285714285714285,"proportion_ci_lower":0.6696110908484498,"proportion_ci_upper":0.9999215001516338,"dateTime":"2021-01-22T13:00:00.000Z"},{"date":"2021-01-24","total_count":2,"lineage_count":2,"total_count_rolling":5.857142857142857,"lineage_count_rolling":5.428571428571429,"proportion":0.9268292682926831,"proportion_ci_lower":0.4419432263907518,"proportion_ci_upper":0.9813798728805578,"dateTime":"2021-01-23T13:00:00.000Z"},{"date":"2021-01-25","total_count":2,"lineage_count":2,"total_count_rolling":5.285714285714286,"lineage_count_rolling":4.857142857142857,"proportion":0.9189189189189189,"proportion_ci_lower":0.6206228577009607,"proportion_ci_upper":0.9999065793999604,"dateTime":"2021-01-24T13:00:00.000Z"},{"date":"2021-01-26","total_count":8,"lineage_count":8,"total_count_rolling":5.857142857142857,"lineage_count_rolling":5.428571428571429,"proportion":0.9268292682926831,"proportion_ci_lower":0.4419432263907518,"proportion_ci_upper":0.9813798728805578,"dateTime":"2021-01-25T13:00:00.000Z"},{"date":"2021-01-27","total_count":5,"lineage_count":5,"total_count_rolling":5.142857142857143,"lineage_count_rolling":5,"proportion":0.9722222222222221,"proportion_ci_lower":0.6206228577009607,"proportion_ci_upper":0.9999065793999604,"dateTime":"2021-01-26T13:00:00.000Z"},{"date":"2021-01-28","total_count":1,"lineage_count":1,"total_count_rolling":3.857142857142857,"lineage_count_rolling":3.7142857142857144,"proportion":0.962962962962963,"proportion_ci_lower":0.5552373823423605,"proportion_ci_upper":0.9998846672117617,"dateTime":"2021-01-27T13:00:00.000Z"},{"date":"2021-01-29","total_count":1,"lineage_count":1,"total_count_rolling":2.857142857142857,"lineage_count_rolling":2.857142857142857,"proportion":1,"proportion_ci_lower":0.4644167569570492,"proportion_ci_upper":0.9998493639745635,"dateTime":"2021-01-28T13:00:00.000Z"},{"date":"2021-02-01","total_count":3,"lineage_count":3,"total_count_rolling":3.6,"lineage_count_rolling":3.6,"proportion":1,"proportion_ci_lower":0.5552373823423605,"proportion_ci_upper":0.9998846672117617,"dateTime":"2021-01-31T13:00:00.000Z"},{"date":"2021-02-03","total_count":1,"lineage_count":1,"total_count_rolling":1.5,"lineage_count_rolling":1.5,"proportion":1,"proportion_ci_lower":0.3331782455987907,"proportion_ci_upper":0.999783091529969,"dateTime":"2021-02-02T13:00:00.000Z"},{"date":"2021-02-04","total_count":2,"lineage_count":2,"total_count_rolling":1.75,"lineage_count_rolling":1.75,"proportion":1,"proportion_ci_lower":0.3331782455987907,"proportion_ci_upper":0.999783091529969,"dateTime":"2021-02-03T13:00:00.000Z"},{"date":"2021-02-05","total_count":2,"lineage_count":2,"total_count_rolling":2,"lineage_count_rolling":2,"proportion":1,"proportion_ci_lower":0.3331782455987907,"proportion_ci_upper":0.999783091529969,"dateTime":"2021-02-04T13:00:00.000Z"},{"date":"2021-02-07","total_count":1,"lineage_count":1,"total_count_rolling":1.8,"lineage_count_rolling":1.8,"proportion":1,"proportion_ci_lower":0.3331782455987907,"proportion_ci_upper":0.999783091529969,"dateTime":"2021-02-06T13:00:00.000Z"},{"date":"2021-02-11","total_count":3,"lineage_count":3,"total_count_rolling":2,"lineage_count_rolling":2,"proportion":1,"proportion_ci_lower":0.3331782455987907,"proportion_ci_upper":0.999783091529969,"dateTime":"2021-02-10T13:00:00.000Z"},{"date":"2021-02-12","total_count":3,"lineage_count":3,"total_count_rolling":2.3333333333333335,"lineage_count_rolling":2.3333333333333335,"proportion":1,"proportion_ci_lower":0.3331782455987907,"proportion_ci_upper":0.999783091529969,"dateTime":"2021-02-11T13:00:00.000Z"},{"date":"2021-02-14","total_count":1,"lineage_count":1,"total_count_rolling":2.3333333333333335,"lineage_count_rolling":2.3333333333333335,"proportion":1,"proportion_ci_lower":0.3331782455987907,"proportion_ci_upper":0.999783091529969,"dateTime":"2021-02-13T13:00:00.000Z"},{"date":"2021-02-16","total_count":1,"lineage_count":1,"total_count_rolling":2,"lineage_count_rolling":2,"proportion":1,"proportion_ci_lower":0.3331782455987907,"proportion_ci_upper":0.999783091529969,"dateTime":"2021-02-15T13:00:00.000Z"},{"date":"2021-02-18","total_count":1,"lineage_count":1,"total_count_rolling":1.5,"lineage_count_rolling":1.5,"proportion":1,"proportion_ci_lower":0.3331782455987907,"proportion_ci_upper":0.999783091529969,"dateTime":"2021-02-17T13:00:00.000Z"},{"date":"2021-02-22","total_count":1,"lineage_count":1,"total_count_rolling":1,"lineage_count_rolling":1,"proportion":1,"proportion_ci_lower":0.14674631630957516,"proportion_ci_upper":0.9996144190192441,"dateTime":"2021-02-21T13:00:00.000Z"},{"date":"2021-02-24","total_count":1,"lineage_count":1,"total_count_rolling":1,"lineage_count_rolling":1,"proportion":1,"proportion_ci_lower":0.14674631630957516,"proportion_ci_upper":0.9996144190192441,"dateTime":"2021-02-23T13:00:00.000Z"},{"date":"2021-03-01","total_count":1,"lineage_count":1,"total_count_rolling":1,"lineage_count_rolling":1,"proportion":1,"proportion_ci_lower":0.14674631630957516,"proportion_ci_upper":0.9996144190192441,"dateTime":"2021-02-28T13:00:00.000Z"},{"date":"2021-03-02","total_count":1,"lineage_count":1,"total_count_rolling":1,"lineage_count_rolling":1,"proportion":1,"proportion_ci_lower":0.14674631630957516,"proportion_ci_upper":0.9996144190192441,"dateTime":"2021-03-01T13:00:00.000Z"},{"date":"2021-03-04","total_count":2,"lineage_count":2,"total_count_rolling":1.3333333333333333,"lineage_count_rolling":1.3333333333333333,"proportion":1,"proportion_ci_lower":0.14674631630957516,"proportion_ci_upper":0.9996144190192441,"dateTime":"2021-03-03T13:00:00.000Z"},{"date":"2021-03-05","total_count":2,"lineage_count":2,"total_count_rolling":1.5,"lineage_count_rolling":1.5,"proportion":1,"proportion_ci_lower":0.3331782455987907,"proportion_ci_upper":0.999783091529969,"dateTime":"2021-03-04T13:00:00.000Z"},{"date":"2021-03-06","total_count":1,"lineage_count":1,"total_count_rolling":1.4,"lineage_count_rolling":1.4,"proportion":1,"proportion_ci_lower":0.14674631630957516,"proportion_ci_upper":0.9996144190192441,"dateTime":"2021-03-05T13:00:00.000Z"},{"date":"2021-03-07","total_count":1,"lineage_count":1,"total_count_rolling":1.3333333333333333,"lineage_count_rolling":1.3333333333333333,"proportion":1,"proportion_ci_lower":0.14674631630957516,"proportion_ci_upper":0.9996144190192441,"dateTime":"2021-03-06T13:00:00.000Z"},{"date":"2021-03-08","total_count":4,"lineage_count":4,"total_count_rolling":1.8333333333333333,"lineage_count_rolling":1.8333333333333333,"proportion":1,"proportion_ci_lower":0.3331782455987907,"proportion_ci_upper":0.999783091529969,"dateTime":"2021-03-07T13:00:00.000Z"},{"date":"2021-03-09","total_count":1,"lineage_count":1,"total_count_rolling":1.8333333333333333,"lineage_count_rolling":1.8333333333333333,"proportion":1,"proportion_ci_lower":0.3331782455987907,"proportion_ci_upper":0.999783091529969,"dateTime":"2021-03-08T13:00:00.000Z"},{"date":"2021-03-10","total_count":3,"lineage_count":3,"total_count_rolling":2,"lineage_count_rolling":2,"proportion":1,"proportion_ci_lower":0.3331782455987907,"proportion_ci_upper":0.999783091529969,"dateTime":"2021-03-09T13:00:00.000Z"},{"date":"2021-03-11","total_count":3,"lineage_count":3,"total_count_rolling":2.142857142857143,"lineage_count_rolling":2.142857142857143,"proportion":1,"proportion_ci_lower":0.3331782455987907,"proportion_ci_upper":0.999783091529969,"dateTime":"2021-03-10T13:00:00.000Z"},{"date":"2021-03-12","total_count":13,"lineage_count":13,"total_count_rolling":3.7142857142857144,"lineage_count_rolling":3.7142857142857144,"proportion":1,"proportion_ci_lower":0.5552373823423605,"proportion_ci_upper":0.9998846672117617,"dateTime":"2021-03-11T13:00:00.000Z"},{"date":"2021-03-13","total_count":2,"lineage_count":2,"total_count_rolling":3.857142857142857,"lineage_count_rolling":3.857142857142857,"proportion":1,"proportion_ci_lower":0.5552373823423605,"proportion_ci_upper":0.9998846672117617,"dateTime":"2021-03-12T13:00:00.000Z"},{"date":"2021-03-14","total_count":6,"lineage_count":6,"total_count_rolling":4.571428571428571,"lineage_count_rolling":4.571428571428571,"proportion":1,"proportion_ci_lower":0.6206228577009607,"proportion_ci_upper":0.9999065793999604,"dateTime":"2021-03-13T13:00:00.000Z"},{"date":"2021-03-15","total_count":10,"lineage_count":10,"total_count_rolling":5.428571428571429,"lineage_count_rolling":5.428571428571429,"proportion":1,"proportion_ci_lower":0.6206228577009607,"proportion_ci_upper":0.9999065793999604,"dateTime":"2021-03-14T13:00:00.000Z"},{"date":"2021-03-16","total_count":1,"lineage_count":1,"total_count_rolling":5.428571428571429,"lineage_count_rolling":5.428571428571429,"proportion":1,"proportion_ci_lower":0.6206228577009607,"proportion_ci_upper":0.9999065793999604,"dateTime":"2021-03-15T13:00:00.000Z"},{"date":"2021-03-17","total_count":2,"lineage_count":2,"total_count_rolling":5.285714285714286,"lineage_count_rolling":5.285714285714286,"proportion":1,"proportion_ci_lower":0.6206228577009607,"proportion_ci_upper":0.9999065793999604,"dateTime":"2021-03-16T13:00:00.000Z"},{"date":"2021-03-18","total_count":12,"lineage_count":8,"total_count_rolling":6.571428571428571,"lineage_count_rolling":6,"proportion":0.9130434782608696,"proportion_ci_lower":0.49920253838092243,"proportion_ci_upper":0.9841234757872532,"dateTime":"2021-03-17T13:00:00.000Z"},{"date":"2021-03-19","total_count":2,"lineage_count":1,"total_count_rolling":5,"lineage_count_rolling":4.285714285714286,"proportion":0.8571428571428571,"proportion_ci_lower":0.37137359936800574,"proportion_ci_upper":0.9774872340008449,"dateTime":"2021-03-18T13:00:00.000Z"},{"date":"2021-03-20","total_count":1,"lineage_count":1,"total_count_rolling":4.857142857142857,"lineage_count_rolling":4.142857142857143,"proportion":0.8529411764705884,"proportion_ci_lower":0.37137359936800574,"proportion_ci_upper":0.9774872340008449,"dateTime":"2021-03-19T13:00:00.000Z"},{"date":"2021-03-21","total_count":1,"lineage_count":0,"total_count_rolling":4.142857142857143,"lineage_count_rolling":3.2857142857142856,"proportion":0.793103448275862,"proportion_ci_lower":0.2837516795634127,"proportion_ci_upper":0.9715291049128532,"dateTime":"2021-03-20T13:00:00.000Z"},{"date":"2021-03-22","total_count":3,"lineage_count":1,"total_count_rolling":3.142857142857143,"lineage_count_rolling":2,"proportion":0.6363636363636364,"proportion_ci_lower":0.17673609713125737,"proportion_ci_upper":0.9612523822148348,"dateTime":"2021-03-21T13:00:00.000Z"},{"date":"2021-03-23","total_count":1,"lineage_count":1,"total_count_rolling":3.142857142857143,"lineage_count_rolling":2,"proportion":0.6363636363636364,"proportion_ci_lower":0.17673609713125737,"proportion_ci_upper":0.9612523822148348,"dateTime":"2021-03-22T13:00:00.000Z"},{"date":"2021-03-26","total_count":1,"lineage_count":0,"total_count_rolling":1.4,"lineage_count_rolling":0.6,"proportion":0.4285714285714286,"proportion_ci_lower":0.14674631630957516,"proportion_ci_upper":0.9996144190192441,"dateTime":"2021-03-25T13:00:00.000Z"},{"date":"2021-03-30","total_count":1,"lineage_count":0,"total_count_rolling":1,"lineage_count_rolling":0,"proportion":0,"proportion_ci_lower":0.00038558098075590136,"proportion_ci_upper":0.8532536836904249,"dateTime":"2021-03-29T13:00:00.000Z"},{"date":"2021-04-03","total_count":1,"lineage_count":1,"total_count_rolling":1,"lineage_count_rolling":0.5,"proportion":0.5,"proportion_ci_lower":0.00038558098075590136,"proportion_ci_upper":0.8532536836904249,"dateTime":"2021-04-02T13:00:00.000Z"},{"date":"2021-04-28","total_count":5,"lineage_count":0,"total_count_rolling":5,"lineage_count_rolling":0,"proportion":0,"proportion_ci_lower":0.0000934206000395449,"proportion_ci_upper":0.37937714229903935,"dateTime":"2021-04-27T14:00:00.000Z"},{"date":"2021-05-02","total_count":1,"lineage_count":0,"total_count_rolling":3,"lineage_count_rolling":0,"proportion":0,"proportion_ci_lower":0.00015063602543656854,"proportion_ci_upper":0.5355832430429506,"dateTime":"2021-05-01T14:00:00.000Z"},{"date":"2021-05-04","total_count":1,"lineage_count":0,"total_count_rolling":2.3333333333333335,"lineage_count_rolling":0,"proportion":0,"proportion_ci_lower":0.00021690847003096627,"proportion_ci_upper":0.6668217544012093,"dateTime":"2021-05-03T14:00:00.000Z"},{"date":"2021-05-07","total_count":1,"lineage_count":0,"total_count_rolling":1,"lineage_count_rolling":0,"proportion":0,"proportion_ci_lower":0.00038558098075590136,"proportion_ci_upper":0.8532536836904249,"dateTime":"2021-05-06T14:00:00.000Z"},{"date":"2021-05-09","total_count":1,"lineage_count":0,"total_count_rolling":1,"lineage_count_rolling":0,"proportion":0,"proportion_ci_lower":0.00038558098075590136,"proportion_ci_upper":0.8532536836904249,"dateTime":"2021-05-08T14:00:00.000Z"},{"date":"2021-05-10","total_count":6,"lineage_count":0,"total_count_rolling":2.25,"lineage_count_rolling":0,"proportion":0,"proportion_ci_lower":0.00021690847003096627,"proportion_ci_upper":0.6668217544012093,"dateTime":"2021-05-09T14:00:00.000Z"},{"date":"2021-05-12","total_count":3,"lineage_count":1,"total_count_rolling":2.75,"lineage_count_rolling":0.25,"proportion":0.09090909090909091,"proportion_ci_lower":0.00015063602543656854,"proportion_ci_upper":0.5355832430429506,"dateTime":"2021-05-11T14:00:00.000Z"},{"date":"2021-05-13","total_count":2,"lineage_count":2,"total_count_rolling":2.6,"lineage_count_rolling":0.6,"proportion":0.23076923076923075,"proportion_ci_lower":0.03874761778516518,"proportion_ci_upper":0.8232639028687426,"dateTime":"2021-05-12T14:00:00.000Z"},{"date":"2021-05-14","total_count":3,"lineage_count":1,"total_count_rolling":3,"lineage_count_rolling":0.8,"proportion":0.26666666666666666,"proportion_ci_lower":0.03874761778516518,"proportion_ci_upper":0.8232639028687426,"dateTime":"2021-05-13T14:00:00.000Z"},{"date":"2021-05-16","total_count":1,"lineage_count":1,"total_count_rolling":3,"lineage_count_rolling":1,"proportion":0.3333333333333333,"proportion_ci_lower":0.03874761778516518,"proportion_ci_upper":0.8232639028687426,"dateTime":"2021-05-15T14:00:00.000Z"},{"date":"2021-05-17","total_count":4,"lineage_count":4,"total_count_rolling":2.6,"lineage_count_rolling":1.8,"proportion":0.6923076923076923,"proportion_ci_lower":0.17673609713125737,"proportion_ci_upper":0.9612523822148348,"dateTime":"2021-05-16T14:00:00.000Z"},{"date":"2021-05-18","total_count":6,"lineage_count":6,"total_count_rolling":3.1666666666666665,"lineage_count_rolling":2.5,"proportion":0.7894736842105263,"proportion_ci_lower":0.17673609713125737,"proportion_ci_upper":0.9612523822148348,"dateTime":"2021-05-17T14:00:00.000Z"},{"date":"2021-05-20","total_count":1,"lineage_count":1,"total_count_rolling":3,"lineage_count_rolling":2.6,"proportion":0.8666666666666667,"proportion_ci_lower":0.4644167569570492,"proportion_ci_upper":0.9998493639745635,"dateTime":"2021-05-19T14:00:00.000Z"},{"date":"2021-05-21","total_count":20,"lineage_count":20,"total_count_rolling":6.4,"lineage_count_rolling":6.4,"proportion":1,"proportion_ci_lower":0.6696110908484498,"proportion_ci_upper":0.9999215001516338,"dateTime":"2021-05-20T14:00:00.000Z"},{"date":"2021-05-22","total_count":6,"lineage_count":6,"total_count_rolling":6.333333333333333,"lineage_count_rolling":6.333333333333333,"proportion":1,"proportion_ci_lower":0.6696110908484498,"proportion_ci_upper":0.9999215001516338,"dateTime":"2021-05-21T14:00:00.000Z"},{"date":"2021-05-24","total_count":1,"lineage_count":1,"total_count_rolling":6.8,"lineage_count_rolling":6.8,"proportion":1,"proportion_ci_lower":0.70756382633769,"proportion_ci_upper":0.9999323135357562,"dateTime":"2021-05-23T14:00:00.000Z"},{"date":"2021-05-25","total_count":1,"lineage_count":1,"total_count_rolling":5.8,"lineage_count_rolling":5.8,"proportion":1,"proportion_ci_lower":0.6696110908484498,"proportion_ci_upper":0.9999215001516338,"dateTime":"2021-05-24T14:00:00.000Z"},{"date":"2021-05-30","total_count":6,"lineage_count":3,"total_count_rolling":2.6666666666666665,"lineage_count_rolling":1.6666666666666667,"proportion":0.6250000000000001,"proportion_ci_lower":0.17673609713125737,"proportion_ci_upper":0.9612523822148348,"dateTime":"2021-05-29T14:00:00.000Z"},{"date":"2021-05-31","total_count":17,"lineage_count":16,"total_count_rolling":8,"lineage_count_rolling":6.666666666666667,"proportion":0.8333333333333334,"proportion_ci_lower":0.5462806789675854,"proportion_ci_upper":0.9861617662096792,"dateTime":"2021-05-30T14:00:00.000Z"},{"date":"2021-06-01","total_count":24,"lineage_count":11,"total_count_rolling":15.666666666666666,"lineage_count_rolling":10,"proportion":0.6382978723404256,"proportion_ci_lower":0.3834129619819917,"proportion_ci_upper":0.8256839668346942,"dateTime":"2021-05-31T14:00:00.000Z"},{"date":"2021-06-02","total_count":12,"lineage_count":5,"total_count_rolling":14.75,"lineage_count_rolling":8.75,"proportion":0.5932203389830508,"proportion_ci_lower":0.3528311659336812,"proportion_ci_upper":0.8124834875988982,"dateTime":"2021-06-01T14:00:00.000Z"},{"date":"2021-06-03","total_count":2,"lineage_count":2,"total_count_rolling":12.2,"lineage_count_rolling":7.4,"proportion":0.6065573770491804,"proportion_ci_lower":0.31194042504011965,"proportion_ci_upper":0.8195213052102983,"dateTime":"2021-06-02T14:00:00.000Z"},{"date":"2021-06-04","total_count":1,"lineage_count":1,"total_count_rolling":10.333333333333334,"lineage_count_rolling":6.333333333333333,"proportion":0.6129032258064515,"proportion_ci_lower":0.3036794856004882,"proportion_ci_upper":0.846932898873824,"dateTime":"2021-06-03T14:00:00.000Z"},{"date":"2021-06-05","total_count":16,"lineage_count":12,"total_count_rolling":11.142857142857142,"lineage_count_rolling":7.142857142857143,"proportion":0.6410256410256411,"proportion_ci_lower":0.34799227163029234,"proportion_ci_upper":0.8626800324059188,"dateTime":"2021-06-04T14:00:00.000Z"},{"date":"2021-06-06","total_count":3,"lineage_count":3,"total_count_rolling":10.714285714285714,"lineage_count_rolling":7.142857142857143,"proportion":0.6666666666666667,"proportion_ci_lower":0.34799227163029234,"proportion_ci_upper":0.8626800324059188,"dateTime":"2021-06-05T14:00:00.000Z"},{"date":"2021-06-07","total_count":6,"lineage_count":5,"total_count_rolling":9.142857142857142,"lineage_count_rolling":5.571428571428571,"proportion":0.609375,"proportion_ci_lower":0.34779179347226585,"proportion_ci_upper":0.8957867783392258,"dateTime":"2021-06-06T14:00:00.000Z"},{"date":"2021-06-08","total_count":1,"lineage_count":0,"total_count_rolling":5.857142857142857,"lineage_count_rolling":4,"proportion":0.6829268292682927,"proportion_ci_lower":0.28642300925419695,"proportion_ci_upper":0.9232298599651265,"dateTime":"2021-06-07T14:00:00.000Z"},{"date":"2021-06-10","total_count":3,"lineage_count":0,"total_count_rolling":5,"lineage_count_rolling":3.5,"proportion":0.7,"proportion_ci_lower":0.37137359936800574,"proportion_ci_upper":0.9774872340008449,"dateTime":"2021-06-09T14:00:00.000Z"},{"date":"2021-06-11","total_count":6,"lineage_count":6,"total_count_rolling":5.833333333333333,"lineage_count_rolling":4.333333333333333,"proportion":0.7428571428571429,"proportion_ci_lower":0.28642300925419695,"proportion_ci_upper":0.9232298599651265,"dateTime":"2021-06-10T14:00:00.000Z"},{"date":"2021-06-13","total_count":6,"lineage_count":5,"total_count_rolling":4.4,"lineage_count_rolling":3.2,"proportion":0.7272727272727273,"proportion_ci_lower":0.2837516795634127,"proportion_ci_upper":0.9715291049128532,"dateTime":"2021-06-12T14:00:00.000Z"},{"date":"2021-06-14","total_count":1,"lineage_count":0,"total_count_rolling":3.4,"lineage_count_rolling":2.2,"proportion":0.6470588235294118,"proportion_ci_lower":0.17673609713125737,"proportion_ci_upper":0.9612523822148348,"dateTime":"2021-06-13T14:00:00.000Z"},{"date":"2021-06-15","total_count":22,"lineage_count":10,"total_count_rolling":7.6,"lineage_count_rolling":4.2,"proportion":0.5526315789473685,"proportion_ci_lower":0.19896561128149587,"proportion_ci_upper":0.8010343887185041,"dateTime":"2021-06-14T14:00:00.000Z"},{"date":"2021-06-16","total_count":33,"lineage_count":3,"total_count_rolling":11.833333333333334,"lineage_count_rolling":4,"proportion":0.3380281690140845,"proportion_ci_lower":0.12453732145214945,"proportion_ci_upper":0.6124361034423771,"dateTime":"2021-06-15T14:00:00.000Z"},{"date":"2021-06-17","total_count":17,"lineage_count":1,"total_count_rolling":14.166666666666666,"lineage_count_rolling":4.166666666666667,"proportion":0.29411764705882354,"proportion_ci_lower":0.10502856012226534,"proportion_ci_upper":0.5452511415613865,"dateTime":"2021-06-16T14:00:00.000Z"},{"date":"2021-06-18","total_count":16,"lineage_count":2,"total_count_rolling":15.833333333333334,"lineage_count_rolling":3.5,"proportion":0.22105263157894736,"proportion_ci_lower":0.09082819503427624,"proportion_ci_upper":0.49072898872646076,"dateTime":"2021-06-17T14:00:00.000Z"},{"date":"2021-06-19","total_count":19,"lineage_count":4,"total_count_rolling":16.285714285714285,"lineage_count_rolling":3.5714285714285716,"proportion":0.2192982456140351,"proportion_ci_lower":0.09082819503427624,"proportion_ci_upper":0.49072898872646076,"dateTime":"2021-06-18T14:00:00.000Z"},{"date":"2021-06-21","total_count":1,"lineage_count":1,"total_count_rolling":18,"lineage_count_rolling":3.5,"proportion":0.19444444444444445,"proportion_ci_lower":0.08002207201629771,"proportion_ci_upper":0.4457985931739338,"dateTime":"2021-06-20T14:00:00.000Z"},{"date":"2021-06-23","total_count":22,"lineage_count":0,"total_count_rolling":15,"lineage_count_rolling":1.6,"proportion":0.10666666666666667,"proportion_ci_lower":0.028778327320125197,"proportion_ci_upper":0.36341790615102243,"dateTime":"2021-06-22T14:00:00.000Z"},{"date":"2021-06-24","total_count":17,"lineage_count":2,"total_count_rolling":15,"lineage_count_rolling":1.8,"proportion":0.12000000000000001,"proportion_ci_lower":0.028778327320125197,"proportion_ci_upper":0.36341790615102243,"dateTime":"2021-06-23T14:00:00.000Z"},{"date":"2021-06-25","total_count":18,"lineage_count":6,"total_count_rolling":15.4,"lineage_count_rolling":2.6,"proportion":0.16883116883116883,"proportion_ci_lower":0.059770968376932965,"proportion_ci_upper":0.4436354616742375,"dateTime":"2021-06-24T14:00:00.000Z"},{"date":"2021-06-26","total_count":15,"lineage_count":3,"total_count_rolling":14.6,"lineage_count_rolling":2.4,"proportion":0.1643835616438356,"proportion_ci_lower":0.028778327320125197,"proportion_ci_upper":0.36341790615102243,"dateTime":"2021-06-25T14:00:00.000Z"},{"date":"2021-06-27","total_count":11,"lineage_count":1,"total_count_rolling":14,"lineage_count_rolling":2.1666666666666665,"proportion":0.15476190476190474,"proportion_ci_lower":0.03092212753475431,"proportion_ci_upper":0.3848943196073621,"dateTime":"2021-06-26T14:00:00.000Z"},{"date":"2021-06-28","total_count":1,"lineage_count":1,"total_count_rolling":14,"lineage_count_rolling":2.1666666666666665,"proportion":0.15476190476190474,"proportion_ci_lower":0.03092212753475431,"proportion_ci_upper":0.3848943196073621,"dateTime":"2021-06-27T14:00:00.000Z"},{"date":"2021-06-29","total_count":4,"lineage_count":1,"total_count_rolling":12.571428571428571,"lineage_count_rolling":2,"proportion":0.1590909090909091,"proportion_ci_lower":0.03341157295356807,"proportion_ci_upper":0.40900530177481065,"dateTime":"2021-06-28T14:00:00.000Z"},{"date":"2021-06-30","total_count":4,"lineage_count":1,"total_count_rolling":10,"lineage_count_rolling":2.142857142857143,"proportion":0.21428571428571427,"proportion_ci_lower":0.044059413552630815,"proportion_ci_upper":0.502774496439993,"dateTime":"2021-06-29T14:00:00.000Z"},{"date":"2021-07-01","total_count":1,"lineage_count":1,"total_count_rolling":7.714285714285714,"lineage_count_rolling":2,"proportion":0.25925925925925924,"proportion_ci_lower":0.05596688972465876,"proportion_ci_upper":0.5916235105733374,"dateTime":"2021-06-30T14:00:00.000Z"},{"date":"2021-07-02","total_count":42,"lineage_count":3,"total_count_rolling":11.142857142857142,"lineage_count_rolling":1.5714285714285714,"proportion":0.14102564102564102,"proportion_ci_lower":0.03982694308499116,"proportion_ci_upper":0.46724379102244507,"dateTime":"2021-07-01T14:00:00.000Z"},{"date":"2021-07-03","total_count":3,"lineage_count":1,"total_count_rolling":9.428571428571429,"lineage_count_rolling":1.2857142857142858,"proportion":0.13636363636363638,"proportion_ci_lower":0.01226408762161946,"proportion_ci_upper":0.41446927744053264,"dateTime":"2021-07-02T14:00:00.000Z"},{"date":"2021-07-04","total_count":34,"lineage_count":0,"total_count_rolling":12.714285714285714,"lineage_count_rolling":1.1428571428571428,"proportion":0.0898876404494382,"proportion_ci_lower":0.008429658312213874,"proportion_ci_upper":0.30714948970669465,"dateTime":"2021-07-03T14:00:00.000Z"},{"date":"2021-07-05","total_count":1,"lineage_count":0,"total_count_rolling":12.714285714285714,"lineage_count_rolling":1,"proportion":0.07865168539325842,"proportion_ci_lower":0.008429658312213874,"proportion_ci_upper":0.30714948970669465,"dateTime":"2021-07-04T14:00:00.000Z"}]			
"B.1.617.2"	"pangolin_lineage=B.1.617.2"	"Variant of Concern"	{"pango":"B.1.617.2","loc":[],"selected":"BWA"}	[{"date":"2021-04-28","total_count":5,"lineage_count":1,"total_count_rolling":5,"lineage_count_rolling":1,"proportion":0.2,"proportion_ci_lower":0.022512765999155134,"proportion_ci_upper":0.6286264006319943,"dateTime":"2021-04-27T14:00:00.000Z"},{"date":"2021-05-02","total_count":1,"lineage_count":0,"total_count_rolling":3,"lineage_count_rolling":0.5,"proportion":0.16666666666666666,"proportion_ci_lower":0.00015063602543656854,"proportion_ci_upper":0.5355832430429506,"dateTime":"2021-05-01T14:00:00.000Z"},{"date":"2021-05-04","total_count":1,"lineage_count":0,"total_count_rolling":2.3333333333333335,"lineage_count_rolling":0.3333333333333333,"proportion":0.14285714285714285,"proportion_ci_lower":0.00021690847003096627,"proportion_ci_upper":0.6668217544012093,"dateTime":"2021-05-03T14:00:00.000Z"},{"date":"2021-05-07","total_count":1,"lineage_count":0,"total_count_rolling":1,"lineage_count_rolling":0,"proportion":0,"proportion_ci_lower":0.00038558098075590136,"proportion_ci_upper":0.8532536836904249,"dateTime":"2021-05-06T14:00:00.000Z"},{"date":"2021-05-09","total_count":1,"lineage_count":1,"total_count_rolling":1,"lineage_count_rolling":0.3333333333333333,"proportion":0.3333333333333333,"proportion_ci_lower":0.00038558098075590136,"proportion_ci_upper":0.8532536836904249,"dateTime":"2021-05-08T14:00:00.000Z"},{"date":"2021-05-10","total_count":6,"lineage_count":3,"total_count_rolling":2.25,"lineage_count_rolling":1,"proportion":0.4444444444444444,"proportion_ci_lower":0.06083027592009738,"proportion_ci_upper":0.9391697240799026,"dateTime":"2021-05-09T14:00:00.000Z"},{"date":"2021-05-12","total_count":3,"lineage_count":0,"total_count_rolling":2.75,"lineage_count_rolling":1,"proportion":0.36363636363636365,"proportion_ci_lower":0.03874761778516518,"proportion_ci_upper":0.8232639028687426,"dateTime":"2021-05-11T14:00:00.000Z"},{"date":"2021-05-13","total_count":2,"lineage_count":0,"total_count_rolling":2.6,"lineage_count_rolling":0.8,"proportion":0.3076923076923077,"proportion_ci_lower":0.03874761778516518,"proportion_ci_upper":0.8232639028687426,"dateTime":"2021-05-12T14:00:00.000Z"},{"date":"2021-05-14","total_count":3,"lineage_count":0,"total_count_rolling":3,"lineage_count_rolling":0.8,"proportion":0.26666666666666666,"proportion_ci_lower":0.03874761778516518,"proportion_ci_upper":0.8232639028687426,"dateTime":"2021-05-13T14:00:00.000Z"},{"date":"2021-05-16","total_count":1,"lineage_count":0,"total_count_rolling":3,"lineage_count_rolling":0.6,"proportion":0.19999999999999998,"proportion_ci_lower":0.03874761778516518,"proportion_ci_upper":0.8232639028687426,"dateTime":"2021-05-15T14:00:00.000Z"},{"date":"2021-05-17","total_count":4,"lineage_count":0,"total_count_rolling":2.6,"lineage_count_rolling":0,"proportion":0,"proportion_ci_lower":0.00015063602543656854,"proportion_ci_upper":0.5355832430429506,"dateTime":"2021-05-16T14:00:00.000Z"},{"date":"2021-05-18","total_count":6,"lineage_count":0,"total_count_rolling":3.1666666666666665,"lineage_count_rolling":0,"proportion":0,"proportion_ci_lower":0.00015063602543656854,"proportion_ci_upper":0.5355832430429506,"dateTime":"2021-05-17T14:00:00.000Z"},{"date":"2021-05-20","total_count":1,"lineage_count":0,"total_count_rolling":3,"lineage_count_rolling":0,"proportion":0,"proportion_ci_lower":0.00015063602543656854,"proportion_ci_upper":0.5355832430429506,"dateTime":"2021-05-19T14:00:00.000Z"},{"date":"2021-05-21","total_count":20,"lineage_count":0,"total_count_rolling":6.4,"lineage_count_rolling":0,"proportion":0,"proportion_ci_lower":0.0000784998483662081,"proportion_ci_upper":0.33038890915155017,"dateTime":"2021-05-20T14:00:00.000Z"},{"date":"2021-05-22","total_count":6,"lineage_count":0,"total_count_rolling":6.333333333333333,"lineage_count_rolling":0,"proportion":0,"proportion_ci_lower":0.0000784998483662081,"proportion_ci_upper":0.33038890915155017,"dateTime":"2021-05-21T14:00:00.000Z"},{"date":"2021-05-24","total_count":1,"lineage_count":0,"total_count_rolling":6.8,"lineage_count_rolling":0,"proportion":0,"proportion_ci_lower":0.00006768646424383031,"proportion_ci_upper":0.29243617366230995,"dateTime":"2021-05-23T14:00:00.000Z"},{"date":"2021-05-25","total_count":1,"lineage_count":0,"total_count_rolling":5.8,"lineage_count_rolling":0,"proportion":0,"proportion_ci_lower":0.0000784998483662081,"proportion_ci_upper":0.33038890915155017,"dateTime":"2021-05-24T14:00:00.000Z"},{"date":"2021-05-30","total_count":6,"lineage_count":2,"total_count_rolling":2.6666666666666665,"lineage_count_rolling":0.6666666666666666,"proportion":0.25,"proportion_ci_lower":0.03874761778516518,"proportion_ci_upper":0.8232639028687426,"dateTime":"2021-05-29T14:00:00.000Z"},{"date":"2021-05-31","total_count":17,"lineage_count":1,"total_count_rolling":8,"lineage_count_rolling":1,"proportion":0.125,"proportion_ci_lower":0.013838233790320764,"proportion_ci_upper":0.45371932103241464,"dateTime":"2021-05-30T14:00:00.000Z"},{"date":"2021-06-01","total_count":24,"lineage_count":7,"total_count_rolling":15.666666666666666,"lineage_count_rolling":3.3333333333333335,"proportion":0.21276595744680854,"proportion_ci_lower":0.05581298389000878,"proportion_ci_upper":0.4207851722357072,"dateTime":"2021-05-31T14:00:00.000Z"},{"date":"2021-06-02","total_count":12,"lineage_count":6,"total_count_rolling":14.75,"lineage_count_rolling":4,"proportion":0.2711864406779661,"proportion_ci_lower":0.09741092580268484,"proportion_ci_upper":0.5166215050118868,"dateTime":"2021-06-01T14:00:00.000Z"},{"date":"2021-06-03","total_count":2,"lineage_count":0,"total_count_rolling":12.2,"lineage_count_rolling":3.2,"proportion":0.26229508196721313,"proportion_ci_lower":0.07594232891948485,"proportion_ci_upper":0.5291910836265508,"dateTime":"2021-06-02T14:00:00.000Z"},{"date":"2021-06-04","total_count":1,"lineage_count":0,"total_count_rolling":10.333333333333334,"lineage_count_rolling":2.6666666666666665,"proportion":0.25806451612903225,"proportion_ci_lower":0.0926945939381532,"proportion_ci_upper":0.6058183181486712,"dateTime":"2021-06-03T14:00:00.000Z"},{"date":"2021-06-05","total_count":16,"lineage_count":1,"total_count_rolling":11.142857142857142,"lineage_count_rolling":2.4285714285714284,"proportion":0.21794871794871795,"proportion_ci_lower":0.03982694308499116,"proportion_ci_upper":0.46724379102244507,"dateTime":"2021-06-04T14:00:00.000Z"},{"date":"2021-06-06","total_count":3,"lineage_count":0,"total_count_rolling":10.714285714285714,"lineage_count_rolling":2.142857142857143,"proportion":0.2,"proportion_ci_lower":0.03982694308499116,"proportion_ci_upper":0.46724379102244507,"dateTime":"2021-06-05T14:00:00.000Z"},{"date":"2021-06-07","total_count":6,"lineage_count":0,"total_count_rolling":9.142857142857142,"lineage_count_rolling":2,"proportion":0.21875,"proportion_ci_lower":0.04930192297659404,"proportion_ci_upper":0.5438244331193475,"dateTime":"2021-06-06T14:00:00.000Z"},{"date":"2021-06-08","total_count":1,"lineage_count":0,"total_count_rolling":5.857142857142857,"lineage_count_rolling":1,"proportion":0.17073170731707318,"proportion_ci_lower":0.018620127119442182,"proportion_ci_upper":0.5580567736092482,"dateTime":"2021-06-07T14:00:00.000Z"},{"date":"2021-06-10","total_count":3,"lineage_count":0,"total_count_rolling":5,"lineage_count_rolling":0.16666666666666666,"proportion":0.03333333333333333,"proportion_ci_lower":0.0000934206000395449,"proportion_ci_upper":0.37937714229903935,"dateTime":"2021-06-09T14:00:00.000Z"},{"date":"2021-06-11","total_count":6,"lineage_count":0,"total_count_rolling":5.833333333333333,"lineage_count_rolling":0.16666666666666666,"proportion":0.02857142857142857,"proportion_ci_lower":0.0000784998483662081,"proportion_ci_upper":0.33038890915155017,"dateTime":"2021-06-10T14:00:00.000Z"},{"date":"2021-06-13","total_count":6,"lineage_count":0,"total_count_rolling":4.4,"lineage_count_rolling":0,"proportion":0,"proportion_ci_lower":0.000115332788238275,"proportion_ci_upper":0.4447626176576397,"dateTime":"2021-06-12T14:00:00.000Z"},{"date":"2021-06-14","total_count":1,"lineage_count":0,"total_count_rolling":3.4,"lineage_count_rolling":0,"proportion":0,"proportion_ci_lower":0.00015063602543656854,"proportion_ci_upper":0.5355832430429506,"dateTime":"2021-06-13T14:00:00.000Z"},{"date":"2021-06-15","total_count":22,"lineage_count":10,"total_count_rolling":7.6,"lineage_count_rolling":2,"proportion":0.2631578947368421,"proportion_ci_lower":0.05596688972465876,"proportion_ci_upper":0.5916235105733374,"dateTime":"2021-06-14T14:00:00.000Z"},{"date":"2021-06-16","total_count":33,"lineage_count":26,"total_count_rolling":11.833333333333334,"lineage_count_rolling":6,"proportion":0.5070422535211268,"proportion_ci_lower":0.2430112578719719,"proportion_ci_upper":0.7569887421280281,"dateTime":"2021-06-15T14:00:00.000Z"},{"date":"2021-06-17","total_count":17,"lineage_count":12,"total_count_rolling":14.166666666666666,"lineage_count_rolling":8,"proportion":0.5647058823529412,"proportion_ci_lower":0.3194182140775355,"proportion_ci_upper":0.7970849768698117,"dateTime":"2021-06-16T14:00:00.000Z"},{"date":"2021-06-18","total_count":16,"lineage_count":13,"total_count_rolling":15.833333333333334,"lineage_count_rolling":10.166666666666666,"proportion":0.6421052631578946,"proportion_ci_lower":0.3834129619819917,"proportion_ci_upper":0.8256839668346942,"dateTime":"2021-06-17T14:00:00.000Z"},{"date":"2021-06-19","total_count":19,"lineage_count":14,"total_count_rolling":16.285714285714285,"lineage_count_rolling":10.714285714285714,"proportion":0.6578947368421053,"proportion_ci_lower":0.44429553542775985,"proportion_ci_upper":0.8694183444560756,"dateTime":"2021-06-18T14:00:00.000Z"},{"date":"2021-06-21","total_count":1,"lineage_count":0,"total_count_rolling":18,"lineage_count_rolling":12.5,"proportion":0.6944444444444444,"proportion_ci_lower":0.4371938204712934,"proportion_ci_upper":0.8471543050759903,"dateTime":"2021-06-20T14:00:00.000Z"},{"date":"2021-06-23","total_count":22,"lineage_count":20,"total_count_rolling":15,"lineage_count_rolling":11.8,"proportion":0.7866666666666667,"proportion_ci_lower":0.5563645383257625,"proportion_ci_upper":0.940229031623067,"dateTime":"2021-06-22T14:00:00.000Z"},{"date":"2021-06-24","total_count":17,"lineage_count":13,"total_count_rolling":15,"lineage_count_rolling":12,"proportion":0.8,"proportion_ci_lower":0.5563645383257625,"proportion_ci_upper":0.940229031623067,"dateTime":"2021-06-23T14:00:00.000Z"},{"date":"2021-06-25","total_count":18,"lineage_count":10,"total_count_rolling":15.4,"lineage_count_rolling":11.4,"proportion":0.7402597402597403,"proportion_ci_lower":0.4833784949881133,"proportion_ci_upper":0.9025890741973152,"dateTime":"2021-06-24T14:00:00.000Z"},{"date":"2021-06-26","total_count":15,"lineage_count":9,"total_count_rolling":14.6,"lineage_count_rolling":10.4,"proportion":0.7123287671232877,"proportion_ci_lower":0.41583623285425014,"proportion_ci_upper":0.8597473628840056,"dateTime":"2021-06-25T14:00:00.000Z"},{"date":"2021-06-27","total_count":11,"lineage_count":6,"total_count_rolling":14,"lineage_count_rolling":9.666666666666666,"proportion":0.6904761904761905,"proportion_ci_lower":0.4547488584386135,"proportion_ci_upper":0.8949714398777346,"dateTime":"2021-06-26T14:00:00.000Z"},{"date":"2021-06-28","total_count":1,"lineage_count":0,"total_count_rolling":14,"lineage_count_rolling":9.666666666666666,"proportion":0.6904761904761905,"proportion_ci_lower":0.4547488584386135,"proportion_ci_upper":0.8949714398777346,"dateTime":"2021-06-27T14:00:00.000Z"},{"date":"2021-06-29","total_count":4,"lineage_count":3,"total_count_rolling":12.571428571428571,"lineage_count_rolling":8.714285714285714,"proportion":0.6931818181818181,"proportion_ci_lower":0.42296976563412503,"proportion_ci_upper":0.8860520398846231,"dateTime":"2021-06-28T14:00:00.000Z"},{"date":"2021-06-30","total_count":4,"lineage_count":2,"total_count_rolling":10,"lineage_count_rolling":6.142857142857143,"proportion":0.6142857142857143,"proportion_ci_lower":0.3036794856004882,"proportion_ci_upper":0.846932898873824,"dateTime":"2021-06-29T14:00:00.000Z"},{"date":"2021-07-01","total_count":1,"lineage_count":0,"total_count_rolling":7.714285714285714,"lineage_count_rolling":4.285714285714286,"proportion":0.5555555555555556,"proportion_ci_lower":0.19896561128149587,"proportion_ci_upper":0.8010343887185041,"dateTime":"2021-06-30T14:00:00.000Z"},{"date":"2021-07-02","total_count":42,"lineage_count":34,"total_count_rolling":11.142857142857142,"lineage_count_rolling":7.714285714285714,"proportion":0.6923076923076924,"proportion_ci_lower":0.43490451949821435,"proportion_ci_upper":0.9165182401698058,"dateTime":"2021-07-01T14:00:00.000Z"},{"date":"2021-07-03","total_count":3,"lineage_count":2,"total_count_rolling":9.428571428571429,"lineage_count_rolling":6.714285714285714,"proportion":0.7121212121212122,"proportion_ci_lower":0.4561755668806525,"proportion_ci_upper":0.9506980770234059,"dateTime":"2021-07-02T14:00:00.000Z"},{"date":"2021-07-04","total_count":34,"lineage_count":34,"total_count_rolling":12.714285714285714,"lineage_count_rolling":10.714285714285714,"proportion":0.8426966292134831,"proportion_ci_lower":0.5909946982251894,"proportion_ci_upper":0.9665884270464319,"dateTime":"2021-07-03T14:00:00.000Z"},{"date":"2021-07-05","total_count":1,"lineage_count":1,"total_count_rolling":12.714285714285714,"lineage_count_rolling":10.857142857142858,"proportion":0.853932584269663,"proportion_ci_lower":0.5909946982251894,"proportion_ci_upper":0.9665884270464319,"dateTime":"2021-07-04T14:00:00.000Z"}]			
"P.1"	"pangolin_lineage=P.1"	"Variant of Concern"	{"pango":"P.1","selected":"BWA","loc":[]}	[]			
"P.1.1"	"pangolin_lineage=P.1.1"	"Variant of Concern"	{"pango":"P.1.1","selected":"BWA","loc":[]}	[]			
"P.1.2"	"pangolin_lineage=P.1.2"	"Variant of Concern"	{"pango":"P.1.2","selected":"BWA","loc":[]}	[]			
"AV.1"	"pangolin_lineage=AV.1"	"Variant of Interest"	{"pango":"AV.1","loc":["BWA"],"selected":"BWA"}	[]			
"B.1.1.318"	"pangolin_lineage=B.1.1.318"	"Variant of Interest"	{"pango":"B.1.1.318","selected":"BWA","loc":[]}	[]			
"B.1.427"	"pangolin_lineage=B.1.427"	"Variant of Interest"	{"pango":"B.1.427","loc":[],"selected":"BWA"}	[]			
"B.1.429"	"pangolin_lineage=B.1.429"	"Variant of Interest"	{"pango":"B.1.429","loc":[],"selected":"BWA"}	[]			
"B.1.525"	"pangolin_lineage=B.1.525"	"Variant of Interest"	{"pango":"B.1.525","selected":"BWA","loc":[]}	[]			
"B.1.526"	"pangolin_lineage=B.1.526"	"Variant of Interest"	{"pango":"B.1.526","loc":[],"selected":"BWA"}	[]			
"B.1.617.1"	"pangolin_lineage=B.1.617.1"	"Variant of Interest"	{"pango":"B.1.617.1","loc":[],"selected":"BWA"}	[]			
"B.1.617.3"	"pangolin_lineage=B.1.617.3"	"Variant of Interest"	{"pango":"B.1.617.3","loc":[],"selected":"BWA"}	[]			
"C.36.3"	"pangolin_lineage=C.36.3"	"Variant of Interest"	{"pango":"C.36.3","loc":[],"selected":"BWA"}	[]			
"C.37"	"pangolin_lineage=C.37"	"Variant of Interest"	{"pango":"C.37","loc":[],"selected":"BWA"}	[]			
"P.2"	"pangolin_lineage=P.2"	"Variant of Interest"	{"pango":"P.2","loc":[],"selected":"BWA"}	[]			
"P.3"	"pangolin_lineage=P.3"	"Variant of Interest"	{"pango":"P.3","loc":[],"selected":"BWA"}	[]			
"B.1.619"	"pangolin_lineage=B.1.619"	"Custom Lineages & Mutations"	{"pango":"B.1.619"}	[]		"pango"	"B.1.619"
"B.1.620"	"pangolin_lineage=B.1.620"	"Custom Lineages & Mutations"	{"pango":"B.1.620"}	[]		"pango"	"B.1.620"
"B.1.621"	"pangolin_lineage=B.1.621"	"Custom Lineages & Mutations"	{"pango":"B.1.621"}	[]		"pango"	"B.1.621"
