label	query	variantType	route	data	source	type	qParam
"AY.1"	"pangolin_lineage=AY.1"	"Variant of Concern"	{"pango":"AY.1","loc":[],"selected":"UGA"}	[]			
"AY.2"	"pangolin_lineage=AY.2"	"Variant of Concern"	{"pango":"AY.2","loc":[],"selected":"UGA"}	[]			
"B.1.1.7"	"pangolin_lineage=B.1.1.7"	"Variant of Concern"	{"pango":"B.1.1.7","loc":[],"selected":"UGA"}	[]			
"B.1.1.7 + S:E484K"	"pangolin_lineage=B.1.1.7&mutations=S:E484K"	"Variant of Concern"	{"pango":"B.1.1.7","muts":["S:E484K"],"loc":[],"selected":"UGA"}	[]			
"B.1.351"	"pangolin_lineage=B.1.351"	"Variant of Concern"	{"pango":"B.1.351","selected":"UGA","loc":[]}	[{"date":"2021-02-13","total_count":1,"lineage_count":1,"total_count_rolling":1,"lineage_count_rolling":1,"proportion":1,"proportion_ci_lower":0.14674631630957516,"proportion_ci_upper":0.9996144190192441,"dateTime":"2021-02-12T13:00:00.000Z"},{"date":"2021-02-15","total_count":2,"lineage_count":0,"total_count_rolling":1.5,"lineage_count_rolling":0.5,"proportion":0.3333333333333333,"proportion_ci_lower":0.00021690847003096627,"proportion_ci_upper":0.6668217544012093,"dateTime":"2021-02-14T13:00:00.000Z"},{"date":"2021-02-16","total_count":1,"lineage_count":1,"total_count_rolling":1.3333333333333333,"lineage_count_rolling":0.6666666666666666,"proportion":0.5,"proportion_ci_lower":0.14674631630957516,"proportion_ci_upper":0.9996144190192441,"dateTime":"2021-02-15T13:00:00.000Z"},{"date":"2021-02-19","total_count":2,"lineage_count":0,"total_count_rolling":1.5,"lineage_count_rolling":0.5,"proportion":0.3333333333333333,"proportion_ci_lower":0.00021690847003096627,"proportion_ci_upper":0.6668217544012093,"dateTime":"2021-02-18T13:00:00.000Z"},{"date":"2021-02-20","total_count":1,"lineage_count":0,"total_count_rolling":1.5,"lineage_count_rolling":0.25,"proportion":0.16666666666666666,"proportion_ci_lower":0.00021690847003096627,"proportion_ci_upper":0.6668217544012093,"dateTime":"2021-02-19T13:00:00.000Z"},{"date":"2021-02-23","total_count":3,"lineage_count":0,"total_count_rolling":2,"lineage_count_rolling":0,"proportion":0,"proportion_ci_lower":0.00021690847003096627,"proportion_ci_upper":0.6668217544012093,"dateTime":"2021-02-22T13:00:00.000Z"},{"date":"2021-02-27","total_count":1,"lineage_count":0,"total_count_rolling":2,"lineage_count_rolling":0,"proportion":0,"proportion_ci_lower":0.00021690847003096627,"proportion_ci_upper":0.6668217544012093,"dateTime":"2021-02-26T13:00:00.000Z"},{"date":"2021-03-01","total_count":1,"lineage_count":1,"total_count_rolling":1.6666666666666667,"lineage_count_rolling":0.3333333333333333,"proportion":0.19999999999999998,"proportion_ci_lower":0.00021690847003096627,"proportion_ci_upper":0.6668217544012093,"dateTime":"2021-02-28T13:00:00.000Z"},{"date":"2021-03-02","total_count":1,"lineage_count":0,"total_count_rolling":1,"lineage_count_rolling":0.3333333333333333,"proportion":0.3333333333333333,"proportion_ci_lower":0.00038558098075590136,"proportion_ci_upper":0.8532536836904249,"dateTime":"2021-03-01T13:00:00.000Z"},{"date":"2021-03-03","total_count":1,"lineage_count":0,"total_count_rolling":1,"lineage_count_rolling":0.25,"proportion":0.25,"proportion_ci_lower":0.00038558098075590136,"proportion_ci_upper":0.8532536836904249,"dateTime":"2021-03-02T13:00:00.000Z"},{"date":"2021-03-05","total_count":2,"lineage_count":0,"total_count_rolling":1.2,"lineage_count_rolling":0.2,"proportion":0.16666666666666669,"proportion_ci_lower":0.00038558098075590136,"proportion_ci_upper":0.8532536836904249,"dateTime":"2021-03-04T13:00:00.000Z"},{"date":"2021-03-08","total_count":1,"lineage_count":1,"total_count_rolling":1.25,"lineage_count_rolling":0.25,"proportion":0.2,"proportion_ci_lower":0.00038558098075590136,"proportion_ci_upper":0.8532536836904249,"dateTime":"2021-03-07T13:00:00.000Z"},{"date":"2021-03-09","total_count":3,"lineage_count":1,"total_count_rolling":1.75,"lineage_count_rolling":0.5,"proportion":0.2857142857142857,"proportion_ci_lower":0.00021690847003096627,"proportion_ci_upper":0.6668217544012093,"dateTime":"2021-03-08T13:00:00.000Z"},{"date":"2021-03-10","total_count":1,"lineage_count":0,"total_count_rolling":1.75,"lineage_count_rolling":0.5,"proportion":0.2857142857142857,"proportion_ci_lower":0.00021690847003096627,"proportion_ci_upper":0.6668217544012093,"dateTime":"2021-03-09T13:00:00.000Z"},{"date":"2021-03-15","total_count":1,"lineage_count":1,"total_count_rolling":1.6666666666666667,"lineage_count_rolling":0.6666666666666666,"proportion":0.39999999999999997,"proportion_ci_lower":0.06083027592009738,"proportion_ci_upper":0.9391697240799026,"dateTime":"2021-03-14T13:00:00.000Z"},{"date":"2021-03-16","total_count":3,"lineage_count":0,"total_count_rolling":1.6666666666666667,"lineage_count_rolling":0.3333333333333333,"proportion":0.19999999999999998,"proportion_ci_lower":0.00021690847003096627,"proportion_ci_upper":0.6668217544012093,"dateTime":"2021-03-15T13:00:00.000Z"},{"date":"2021-03-20","total_count":1,"lineage_count":0,"total_count_rolling":1.6666666666666667,"lineage_count_rolling":0.3333333333333333,"proportion":0.19999999999999998,"proportion_ci_lower":0.00021690847003096627,"proportion_ci_upper":0.6668217544012093,"dateTime":"2021-03-19T13:00:00.000Z"},{"date":"2021-03-22","total_count":1,"lineage_count":0,"total_count_rolling":1.6666666666666667,"lineage_count_rolling":0,"proportion":0,"proportion_ci_lower":0.00021690847003096627,"proportion_ci_upper":0.6668217544012093,"dateTime":"2021-03-21T13:00:00.000Z"},{"date":"2021-03-23","total_count":1,"lineage_count":0,"total_count_rolling":1,"lineage_count_rolling":0,"proportion":0,"proportion_ci_lower":0.00038558098075590136,"proportion_ci_upper":0.8532536836904249,"dateTime":"2021-03-22T13:00:00.000Z"},{"date":"2021-03-25","total_count":3,"lineage_count":2,"total_count_rolling":1.5,"lineage_count_rolling":0.5,"proportion":0.3333333333333333,"proportion_ci_lower":0.00021690847003096627,"proportion_ci_upper":0.6668217544012093,"dateTime":"2021-03-24T13:00:00.000Z"},{"date":"2021-03-26","total_count":4,"lineage_count":0,"total_count_rolling":2,"lineage_count_rolling":0.4,"proportion":0.2,"proportion_ci_lower":0.00021690847003096627,"proportion_ci_upper":0.6668217544012093,"dateTime":"2021-03-25T13:00:00.000Z"},{"date":"2021-03-27","total_count":4,"lineage_count":0,"total_count_rolling":2.6,"lineage_count_rolling":0.4,"proportion":0.15384615384615385,"proportion_ci_lower":0.00015063602543656854,"proportion_ci_upper":0.5355832430429506,"dateTime":"2021-03-26T13:00:00.000Z"},{"date":"2021-03-28","total_count":10,"lineage_count":2,"total_count_rolling":3.8333333333333335,"lineage_count_rolling":0.6666666666666666,"proportion":0.17391304347826086,"proportion_ci_lower":0.02847089508714681,"proportion_ci_upper":0.7162483204365873,"dateTime":"2021-03-27T13:00:00.000Z"},{"date":"2021-04-01","total_count":1,"lineage_count":1,"total_count_rolling":4.75,"lineage_count_rolling":0.75,"proportion":0.15789473684210525,"proportion_ci_lower":0.022512765999155134,"proportion_ci_upper":0.6286264006319943,"dateTime":"2021-03-31T13:00:00.000Z"},{"date":"2021-04-02","total_count":2,"lineage_count":2,"total_count_rolling":4.25,"lineage_count_rolling":1.25,"proportion":0.29411764705882354,"proportion_ci_lower":0.02847089508714681,"proportion_ci_upper":0.7162483204365873,"dateTime":"2021-04-01T13:00:00.000Z"},{"date":"2021-04-07","total_count":2,"lineage_count":0,"total_count_rolling":1.6666666666666667,"lineage_count_rolling":1,"proportion":0.6,"proportion_ci_lower":0.06083027592009738,"proportion_ci_upper":0.9391697240799026,"dateTime":"2021-04-06T14:00:00.000Z"},{"date":"2021-04-09","total_count":2,"lineage_count":0,"total_count_rolling":2,"lineage_count_rolling":0,"proportion":0,"proportion_ci_lower":0.00021690847003096627,"proportion_ci_upper":0.6668217544012093,"dateTime":"2021-04-08T14:00:00.000Z"},{"date":"2021-04-10","total_count":1,"lineage_count":0,"total_count_rolling":1.6666666666666667,"lineage_count_rolling":0,"proportion":0,"proportion_ci_lower":0.00021690847003096627,"proportion_ci_upper":0.6668217544012093,"dateTime":"2021-04-09T14:00:00.000Z"},{"date":"2021-04-13","total_count":2,"lineage_count":0,"total_count_rolling":1.75,"lineage_count_rolling":0,"proportion":0,"proportion_ci_lower":0.00021690847003096627,"proportion_ci_upper":0.6668217544012093,"dateTime":"2021-04-12T14:00:00.000Z"},{"date":"2021-04-14","total_count":2,"lineage_count":0,"total_count_rolling":1.75,"lineage_count_rolling":0,"proportion":0,"proportion_ci_lower":0.00021690847003096627,"proportion_ci_upper":0.6668217544012093,"dateTime":"2021-04-13T14:00:00.000Z"},{"date":"2021-04-15","total_count":2,"lineage_count":0,"total_count_rolling":1.8,"lineage_count_rolling":0,"proportion":0,"proportion_ci_lower":0.00021690847003096627,"proportion_ci_upper":0.6668217544012093,"dateTime":"2021-04-14T14:00:00.000Z"},{"date":"2021-04-16","total_count":2,"lineage_count":0,"total_count_rolling":1.8,"lineage_count_rolling":0,"proportion":0,"proportion_ci_lower":0.00021690847003096627,"proportion_ci_upper":0.6668217544012093,"dateTime":"2021-04-15T14:00:00.000Z"},{"date":"2021-04-17","total_count":4,"lineage_count":0,"total_count_rolling":2.4,"lineage_count_rolling":0,"proportion":0,"proportion_ci_lower":0.00021690847003096627,"proportion_ci_upper":0.6668217544012093,"dateTime":"2021-04-16T14:00:00.000Z"},{"date":"2021-04-20","total_count":2,"lineage_count":0,"total_count_rolling":2.4,"lineage_count_rolling":0,"proportion":0,"proportion_ci_lower":0.00021690847003096627,"proportion_ci_upper":0.6668217544012093,"dateTime":"2021-04-19T14:00:00.000Z"},{"date":"2021-04-21","total_count":1,"lineage_count":0,"total_count_rolling":2.2,"lineage_count_rolling":0,"proportion":0,"proportion_ci_lower":0.00021690847003096627,"proportion_ci_upper":0.6668217544012093,"dateTime":"2021-04-20T14:00:00.000Z"},{"date":"2021-04-25","total_count":1,"lineage_count":0,"total_count_rolling":1.3333333333333333,"lineage_count_rolling":0,"proportion":0,"proportion_ci_lower":0.00038558098075590136,"proportion_ci_upper":0.8532536836904249,"dateTime":"2021-04-24T14:00:00.000Z"},{"date":"2021-04-26","total_count":1,"lineage_count":0,"total_count_rolling":1.25,"lineage_count_rolling":0,"proportion":0,"proportion_ci_lower":0.00038558098075590136,"proportion_ci_upper":0.8532536836904249,"dateTime":"2021-04-25T14:00:00.000Z"},{"date":"2021-04-27","total_count":4,"lineage_count":0,"total_count_rolling":1.75,"lineage_count_rolling":0,"proportion":0,"proportion_ci_lower":0.00021690847003096627,"proportion_ci_upper":0.6668217544012093,"dateTime":"2021-04-26T14:00:00.000Z"},{"date":"2021-05-01","total_count":1,"lineage_count":0,"total_count_rolling":1.75,"lineage_count_rolling":0,"proportion":0,"proportion_ci_lower":0.00021690847003096627,"proportion_ci_upper":0.6668217544012093,"dateTime":"2021-04-30T14:00:00.000Z"},{"date":"2021-05-02","total_count":1,"lineage_count":0,"total_count_rolling":1.75,"lineage_count_rolling":0,"proportion":0,"proportion_ci_lower":0.00021690847003096627,"proportion_ci_upper":0.6668217544012093,"dateTime":"2021-05-01T14:00:00.000Z"},{"date":"2021-05-05","total_count":4,"lineage_count":0,"total_count_rolling":2,"lineage_count_rolling":0,"proportion":0,"proportion_ci_lower":0.00021690847003096627,"proportion_ci_upper":0.6668217544012093,"dateTime":"2021-05-04T14:00:00.000Z"},{"date":"2021-05-09","total_count":4,"lineage_count":0,"total_count_rolling":4,"lineage_count_rolling":0,"proportion":0,"proportion_ci_lower":0.000115332788238275,"proportion_ci_upper":0.4447626176576397,"dateTime":"2021-05-08T14:00:00.000Z"},{"date":"2021-05-11","total_count":1,"lineage_count":0,"total_count_rolling":3,"lineage_count_rolling":0,"proportion":0,"proportion_ci_lower":0.00015063602543656854,"proportion_ci_upper":0.5355832430429506,"dateTime":"2021-05-10T14:00:00.000Z"},{"date":"2021-05-12","total_count":7,"lineage_count":0,"total_count_rolling":4,"lineage_count_rolling":0,"proportion":0,"proportion_ci_lower":0.000115332788238275,"proportion_ci_upper":0.4447626176576397,"dateTime":"2021-05-11T14:00:00.000Z"},{"date":"2021-05-15","total_count":1,"lineage_count":0,"total_count_rolling":3.25,"lineage_count_rolling":0,"proportion":0,"proportion_ci_lower":0.00015063602543656854,"proportion_ci_upper":0.5355832430429506,"dateTime":"2021-05-14T14:00:00.000Z"},{"date":"2021-06-04","total_count":1,"lineage_count":0,"total_count_rolling":1,"lineage_count_rolling":0,"proportion":0,"proportion_ci_lower":0.00038558098075590136,"proportion_ci_upper":0.8532536836904249,"dateTime":"2021-06-03T14:00:00.000Z"},{"date":"2021-06-07","total_count":2,"lineage_count":0,"total_count_rolling":1.5,"lineage_count_rolling":0,"proportion":0,"proportion_ci_lower":0.00021690847003096627,"proportion_ci_upper":0.6668217544012093,"dateTime":"2021-06-06T14:00:00.000Z"},{"date":"2021-06-08","total_count":12,"lineage_count":0,"total_count_rolling":5,"lineage_count_rolling":0,"proportion":0,"proportion_ci_lower":0.0000934206000395449,"proportion_ci_upper":0.37937714229903935,"dateTime":"2021-06-07T14:00:00.000Z"},{"date":"2021-06-09","total_count":1,"lineage_count":0,"total_count_rolling":4,"lineage_count_rolling":0,"proportion":0,"proportion_ci_lower":0.000115332788238275,"proportion_ci_upper":0.4447626176576397,"dateTime":"2021-06-08T14:00:00.000Z"},{"date":"2021-06-14","total_count":3,"lineage_count":0,"total_count_rolling":5.333333333333333,"lineage_count_rolling":0,"proportion":0,"proportion_ci_lower":0.0000934206000395449,"proportion_ci_upper":0.37937714229903935,"dateTime":"2021-06-13T14:00:00.000Z"},{"date":"2021-06-15","total_count":16,"lineage_count":0,"total_count_rolling":6.666666666666667,"lineage_count_rolling":0,"proportion":0,"proportion_ci_lower":0.00006768646424383031,"proportion_ci_upper":0.29243617366230995,"dateTime":"2021-06-14T14:00:00.000Z"}]			
"B.1.617.2"	"pangolin_lineage=B.1.617.2"	"Variant of Concern"	{"pango":"B.1.617.2","loc":[],"selected":"UGA"}	[]			
"P.1"	"pangolin_lineage=P.1"	"Variant of Concern"	{"pango":"P.1","selected":"UGA","loc":[]}	[]			
"P.1.1"	"pangolin_lineage=P.1.1"	"Variant of Concern"	{"pango":"P.1.1","selected":"UGA","loc":[]}	[]			
"P.1.2"	"pangolin_lineage=P.1.2"	"Variant of Concern"	{"pango":"P.1.2","selected":"UGA","loc":[]}	[]			
"AV.1"	"pangolin_lineage=AV.1"	"Variant of Interest"	{"pango":"AV.1","loc":["UGA"],"selected":"UGA"}	[]			
"B.1.1.318"	"pangolin_lineage=B.1.1.318"	"Variant of Interest"	{"pango":"B.1.1.318","selected":"UGA","loc":[]}	[]			
"B.1.427"	"pangolin_lineage=B.1.427"	"Variant of Interest"	{"pango":"B.1.427","loc":[],"selected":"UGA"}	[]			
"B.1.429"	"pangolin_lineage=B.1.429"	"Variant of Interest"	{"pango":"B.1.429","loc":[],"selected":"UGA"}	[]			
"B.1.525"	"pangolin_lineage=B.1.525"	"Variant of Interest"	{"pango":"B.1.525","selected":"UGA","loc":[]}	[{"date":"2021-02-15","total_count":2,"lineage_count":2,"total_count_rolling":2,"lineage_count_rolling":2,"proportion":1,"proportion_ci_lower":0.3331782455987907,"proportion_ci_upper":0.999783091529969,"dateTime":"2021-02-14T13:00:00.000Z"},{"date":"2021-02-16","total_count":1,"lineage_count":0,"total_count_rolling":1.5,"lineage_count_rolling":1,"proportion":0.6666666666666666,"proportion_ci_lower":0.06083027592009738,"proportion_ci_upper":0.9391697240799026,"dateTime":"2021-02-15T13:00:00.000Z"},{"date":"2021-02-19","total_count":2,"lineage_count":0,"total_count_rolling":1.6666666666666667,"lineage_count_rolling":0.6666666666666666,"proportion":0.39999999999999997,"proportion_ci_lower":0.06083027592009738,"proportion_ci_upper":0.9391697240799026,"dateTime":"2021-02-18T13:00:00.000Z"},{"date":"2021-02-20","total_count":1,"lineage_count":0,"total_count_rolling":1.5,"lineage_count_rolling":0.5,"proportion":0.3333333333333333,"proportion_ci_lower":0.00021690847003096627,"proportion_ci_upper":0.6668217544012093,"dateTime":"2021-02-19T13:00:00.000Z"},{"date":"2021-02-23","total_count":3,"lineage_count":0,"total_count_rolling":2,"lineage_count_rolling":0,"proportion":0,"proportion_ci_lower":0.00021690847003096627,"proportion_ci_upper":0.6668217544012093,"dateTime":"2021-02-22T13:00:00.000Z"},{"date":"2021-02-27","total_count":1,"lineage_count":0,"total_count_rolling":2,"lineage_count_rolling":0,"proportion":0,"proportion_ci_lower":0.00021690847003096627,"proportion_ci_upper":0.6668217544012093,"dateTime":"2021-02-26T13:00:00.000Z"},{"date":"2021-03-01","total_count":1,"lineage_count":0,"total_count_rolling":1.6666666666666667,"lineage_count_rolling":0,"proportion":0,"proportion_ci_lower":0.00021690847003096627,"proportion_ci_upper":0.6668217544012093,"dateTime":"2021-02-28T13:00:00.000Z"},{"date":"2021-03-02","total_count":1,"lineage_count":0,"total_count_rolling":1,"lineage_count_rolling":0,"proportion":0,"proportion_ci_lower":0.00038558098075590136,"proportion_ci_upper":0.8532536836904249,"dateTime":"2021-03-01T13:00:00.000Z"},{"date":"2021-03-03","total_count":1,"lineage_count":0,"total_count_rolling":1,"lineage_count_rolling":0,"proportion":0,"proportion_ci_lower":0.00038558098075590136,"proportion_ci_upper":0.8532536836904249,"dateTime":"2021-03-02T13:00:00.000Z"},{"date":"2021-03-05","total_count":2,"lineage_count":2,"total_count_rolling":1.2,"lineage_count_rolling":0.4,"proportion":0.33333333333333337,"proportion_ci_lower":0.00038558098075590136,"proportion_ci_upper":0.8532536836904249,"dateTime":"2021-03-04T13:00:00.000Z"},{"date":"2021-03-08","total_count":1,"lineage_count":0,"total_count_rolling":1.25,"lineage_count_rolling":0.5,"proportion":0.4,"proportion_ci_lower":0.00038558098075590136,"proportion_ci_upper":0.8532536836904249,"dateTime":"2021-03-07T13:00:00.000Z"},{"date":"2021-03-09","total_count":3,"lineage_count":0,"total_count_rolling":1.75,"lineage_count_rolling":0.5,"proportion":0.2857142857142857,"proportion_ci_lower":0.00021690847003096627,"proportion_ci_upper":0.6668217544012093,"dateTime":"2021-03-08T13:00:00.000Z"},{"date":"2021-03-10","total_count":1,"lineage_count":1,"total_count_rolling":1.75,"lineage_count_rolling":0.75,"proportion":0.42857142857142855,"proportion_ci_lower":0.06083027592009738,"proportion_ci_upper":0.9391697240799026,"dateTime":"2021-03-09T13:00:00.000Z"},{"date":"2021-03-15","total_count":1,"lineage_count":0,"total_count_rolling":1.6666666666666667,"lineage_count_rolling":0.3333333333333333,"proportion":0.19999999999999998,"proportion_ci_lower":0.00021690847003096627,"proportion_ci_upper":0.6668217544012093,"dateTime":"2021-03-14T13:00:00.000Z"},{"date":"2021-03-16","total_count":3,"lineage_count":0,"total_count_rolling":1.6666666666666667,"lineage_count_rolling":0.3333333333333333,"proportion":0.19999999999999998,"proportion_ci_lower":0.00021690847003096627,"proportion_ci_upper":0.6668217544012093,"dateTime":"2021-03-15T13:00:00.000Z"},{"date":"2021-03-20","total_count":1,"lineage_count":1,"total_count_rolling":1.6666666666666667,"lineage_count_rolling":0.3333333333333333,"proportion":0.19999999999999998,"proportion_ci_lower":0.00021690847003096627,"proportion_ci_upper":0.6668217544012093,"dateTime":"2021-03-19T13:00:00.000Z"},{"date":"2021-03-22","total_count":1,"lineage_count":0,"total_count_rolling":1.6666666666666667,"lineage_count_rolling":0.3333333333333333,"proportion":0.19999999999999998,"proportion_ci_lower":0.00021690847003096627,"proportion_ci_upper":0.6668217544012093,"dateTime":"2021-03-21T13:00:00.000Z"},{"date":"2021-03-23","total_count":1,"lineage_count":1,"total_count_rolling":1,"lineage_count_rolling":0.6666666666666666,"proportion":0.6666666666666666,"proportion_ci_lower":0.14674631630957516,"proportion_ci_upper":0.9996144190192441,"dateTime":"2021-03-22T13:00:00.000Z"},{"date":"2021-03-25","total_count":3,"lineage_count":0,"total_count_rolling":1.5,"lineage_count_rolling":0.5,"proportion":0.3333333333333333,"proportion_ci_lower":0.00021690847003096627,"proportion_ci_upper":0.6668217544012093,"dateTime":"2021-03-24T13:00:00.000Z"},{"date":"2021-03-26","total_count":4,"lineage_count":1,"total_count_rolling":2,"lineage_count_rolling":0.6,"proportion":0.3,"proportion_ci_lower":0.06083027592009738,"proportion_ci_upper":0.9391697240799026,"dateTime":"2021-03-25T13:00:00.000Z"},{"date":"2021-03-27","total_count":4,"lineage_count":1,"total_count_rolling":2.6,"lineage_count_rolling":0.6,"proportion":0.23076923076923075,"proportion_ci_lower":0.03874761778516518,"proportion_ci_upper":0.8232639028687426,"dateTime":"2021-03-26T13:00:00.000Z"},{"date":"2021-03-28","total_count":10,"lineage_count":3,"total_count_rolling":3.8333333333333335,"lineage_count_rolling":1,"proportion":0.2608695652173913,"proportion_ci_lower":0.02847089508714681,"proportion_ci_upper":0.7162483204365873,"dateTime":"2021-03-27T13:00:00.000Z"},{"date":"2021-04-01","total_count":1,"lineage_count":0,"total_count_rolling":4.75,"lineage_count_rolling":1.25,"proportion":0.2631578947368421,"proportion_ci_lower":0.022512765999155134,"proportion_ci_upper":0.6286264006319943,"dateTime":"2021-03-31T13:00:00.000Z"},{"date":"2021-04-02","total_count":2,"lineage_count":0,"total_count_rolling":4.25,"lineage_count_rolling":1,"proportion":0.23529411764705882,"proportion_ci_lower":0.02847089508714681,"proportion_ci_upper":0.7162483204365873,"dateTime":"2021-04-01T13:00:00.000Z"},{"date":"2021-04-07","total_count":2,"lineage_count":0,"total_count_rolling":1.6666666666666667,"lineage_count_rolling":0,"proportion":0,"proportion_ci_lower":0.00021690847003096627,"proportion_ci_upper":0.6668217544012093,"dateTime":"2021-04-06T14:00:00.000Z"},{"date":"2021-04-09","total_count":2,"lineage_count":0,"total_count_rolling":2,"lineage_count_rolling":0,"proportion":0,"proportion_ci_lower":0.00021690847003096627,"proportion_ci_upper":0.6668217544012093,"dateTime":"2021-04-08T14:00:00.000Z"},{"date":"2021-04-10","total_count":1,"lineage_count":0,"total_count_rolling":1.6666666666666667,"lineage_count_rolling":0,"proportion":0,"proportion_ci_lower":0.00021690847003096627,"proportion_ci_upper":0.6668217544012093,"dateTime":"2021-04-09T14:00:00.000Z"},{"date":"2021-04-13","total_count":2,"lineage_count":0,"total_count_rolling":1.75,"lineage_count_rolling":0,"proportion":0,"proportion_ci_lower":0.00021690847003096627,"proportion_ci_upper":0.6668217544012093,"dateTime":"2021-04-12T14:00:00.000Z"},{"date":"2021-04-14","total_count":2,"lineage_count":2,"total_count_rolling":1.75,"lineage_count_rolling":0.5,"proportion":0.2857142857142857,"proportion_ci_lower":0.00021690847003096627,"proportion_ci_upper":0.6668217544012093,"dateTime":"2021-04-13T14:00:00.000Z"},{"date":"2021-04-15","total_count":2,"lineage_count":0,"total_count_rolling":1.8,"lineage_count_rolling":0.4,"proportion":0.22222222222222224,"proportion_ci_lower":0.00021690847003096627,"proportion_ci_upper":0.6668217544012093,"dateTime":"2021-04-14T14:00:00.000Z"},{"date":"2021-04-16","total_count":2,"lineage_count":1,"total_count_rolling":1.8,"lineage_count_rolling":0.6,"proportion":0.3333333333333333,"proportion_ci_lower":0.06083027592009738,"proportion_ci_upper":0.9391697240799026,"dateTime":"2021-04-15T14:00:00.000Z"},{"date":"2021-04-17","total_count":4,"lineage_count":4,"total_count_rolling":2.4,"lineage_count_rolling":1.4,"proportion":0.5833333333333334,"proportion_ci_lower":0.06083027592009738,"proportion_ci_upper":0.9391697240799026,"dateTime":"2021-04-16T14:00:00.000Z"},{"date":"2021-04-20","total_count":2,"lineage_count":1,"total_count_rolling":2.4,"lineage_count_rolling":1.6,"proportion":0.6666666666666667,"proportion_ci_lower":0.3331782455987907,"proportion_ci_upper":0.999783091529969,"dateTime":"2021-04-19T14:00:00.000Z"},{"date":"2021-04-21","total_count":1,"lineage_count":0,"total_count_rolling":2.2,"lineage_count_rolling":1.2,"proportion":0.5454545454545454,"proportion_ci_lower":0.06083027592009738,"proportion_ci_upper":0.9391697240799026,"dateTime":"2021-04-20T14:00:00.000Z"},{"date":"2021-04-25","total_count":1,"lineage_count":0,"total_count_rolling":1.3333333333333333,"lineage_count_rolling":0.3333333333333333,"proportion":0.25,"proportion_ci_lower":0.00038558098075590136,"proportion_ci_upper":0.8532536836904249,"dateTime":"2021-04-24T14:00:00.000Z"},{"date":"2021-04-26","total_count":1,"lineage_count":0,"total_count_rolling":1.25,"lineage_count_rolling":0.25,"proportion":0.2,"proportion_ci_lower":0.00038558098075590136,"proportion_ci_upper":0.8532536836904249,"dateTime":"2021-04-25T14:00:00.000Z"},{"date":"2021-04-27","total_count":4,"lineage_count":4,"total_count_rolling":1.75,"lineage_count_rolling":1,"proportion":0.5714285714285714,"proportion_ci_lower":0.06083027592009738,"proportion_ci_upper":0.9391697240799026,"dateTime":"2021-04-26T14:00:00.000Z"},{"date":"2021-05-01","total_count":1,"lineage_count":1,"total_count_rolling":1.75,"lineage_count_rolling":1.25,"proportion":0.7142857142857143,"proportion_ci_lower":0.06083027592009738,"proportion_ci_upper":0.9391697240799026,"dateTime":"2021-04-30T14:00:00.000Z"},{"date":"2021-05-02","total_count":1,"lineage_count":1,"total_count_rolling":1.75,"lineage_count_rolling":1.5,"proportion":0.8571428571428571,"proportion_ci_lower":0.3331782455987907,"proportion_ci_upper":0.999783091529969,"dateTime":"2021-05-01T14:00:00.000Z"},{"date":"2021-05-05","total_count":4,"lineage_count":4,"total_count_rolling":2,"lineage_count_rolling":2,"proportion":1,"proportion_ci_lower":0.3331782455987907,"proportion_ci_upper":0.999783091529969,"dateTime":"2021-05-04T14:00:00.000Z"},{"date":"2021-05-09","total_count":4,"lineage_count":0,"total_count_rolling":4,"lineage_count_rolling":2,"proportion":0.5,"proportion_ci_lower":0.1227538827695178,"proportion_ci_upper":0.8772461172304822,"dateTime":"2021-05-08T14:00:00.000Z"},{"date":"2021-05-11","total_count":1,"lineage_count":0,"total_count_rolling":3,"lineage_count_rolling":1.3333333333333333,"proportion":0.4444444444444444,"proportion_ci_lower":0.03874761778516518,"proportion_ci_upper":0.8232639028687426,"dateTime":"2021-05-10T14:00:00.000Z"},{"date":"2021-05-12","total_count":7,"lineage_count":7,"total_count_rolling":4,"lineage_count_rolling":2.3333333333333335,"proportion":0.5833333333333334,"proportion_ci_lower":0.1227538827695178,"proportion_ci_upper":0.8772461172304822,"dateTime":"2021-05-11T14:00:00.000Z"},{"date":"2021-05-15","total_count":1,"lineage_count":0,"total_count_rolling":3.25,"lineage_count_rolling":1.75,"proportion":0.5384615384615384,"proportion_ci_lower":0.17673609713125737,"proportion_ci_upper":0.9612523822148348,"dateTime":"2021-05-14T14:00:00.000Z"},{"date":"2021-06-04","total_count":1,"lineage_count":0,"total_count_rolling":1,"lineage_count_rolling":0,"proportion":0,"proportion_ci_lower":0.00038558098075590136,"proportion_ci_upper":0.8532536836904249,"dateTime":"2021-06-03T14:00:00.000Z"},{"date":"2021-06-07","total_count":2,"lineage_count":0,"total_count_rolling":1.5,"lineage_count_rolling":0,"proportion":0,"proportion_ci_lower":0.00021690847003096627,"proportion_ci_upper":0.6668217544012093,"dateTime":"2021-06-06T14:00:00.000Z"},{"date":"2021-06-08","total_count":12,"lineage_count":0,"total_count_rolling":5,"lineage_count_rolling":0,"proportion":0,"proportion_ci_lower":0.0000934206000395449,"proportion_ci_upper":0.37937714229903935,"dateTime":"2021-06-07T14:00:00.000Z"},{"date":"2021-06-09","total_count":1,"lineage_count":0,"total_count_rolling":4,"lineage_count_rolling":0,"proportion":0,"proportion_ci_lower":0.000115332788238275,"proportion_ci_upper":0.4447626176576397,"dateTime":"2021-06-08T14:00:00.000Z"},{"date":"2021-06-14","total_count":3,"lineage_count":0,"total_count_rolling":5.333333333333333,"lineage_count_rolling":0,"proportion":0,"proportion_ci_lower":0.0000934206000395449,"proportion_ci_upper":0.37937714229903935,"dateTime":"2021-06-13T14:00:00.000Z"},{"date":"2021-06-15","total_count":16,"lineage_count":0,"total_count_rolling":6.666666666666667,"lineage_count_rolling":0,"proportion":0,"proportion_ci_lower":0.00006768646424383031,"proportion_ci_upper":0.29243617366230995,"dateTime":"2021-06-14T14:00:00.000Z"}]			
"B.1.526"	"pangolin_lineage=B.1.526"	"Variant of Interest"	{"pango":"B.1.526","loc":[],"selected":"UGA"}	[]			
"B.1.617.1"	"pangolin_lineage=B.1.617.1"	"Variant of Interest"	{"pango":"B.1.617.1","loc":[],"selected":"UGA"}	[]			
"B.1.617.3"	"pangolin_lineage=B.1.617.3"	"Variant of Interest"	{"pango":"B.1.617.3","loc":[],"selected":"UGA"}	[]			
"C.36.3"	"pangolin_lineage=C.36.3"	"Variant of Interest"	{"pango":"C.36.3","loc":[],"selected":"UGA"}	[]			
"C.37"	"pangolin_lineage=C.37"	"Variant of Interest"	{"pango":"C.37","loc":[],"selected":"UGA"}	[]			
"P.2"	"pangolin_lineage=P.2"	"Variant of Interest"	{"pango":"P.2","loc":[],"selected":"UGA"}	[]			
"P.3"	"pangolin_lineage=P.3"	"Variant of Interest"	{"pango":"P.3","loc":[],"selected":"UGA"}	[]			
"B.1.619"	"pangolin_lineage=B.1.619"	"Custom Lineages & Mutations"	{"pango":"B.1.619"}	[]		"pango"	"B.1.619"
"B.1.620"	"pangolin_lineage=B.1.620"	"Custom Lineages & Mutations"	{"pango":"B.1.620"}	[]		"pango"	"B.1.620"
"B.1.621"	"pangolin_lineage=B.1.621"	"Custom Lineages & Mutations"	{"pango":"B.1.621"}	[]		"pango"	"B.1.621"
