label	query	variantType	route	data	source	type	qParam
"AY.1"	"pangolin_lineage=AY.1"	"Variant of Concern"	{"pango":"AY.1","loc":[],"selected":"IDN"}	[]			
"AY.2"	"pangolin_lineage=AY.2"	"Variant of Concern"	{"pango":"AY.2","loc":[],"selected":"IDN"}	[]			
"B.1.1.7"	"pangolin_lineage=B.1.1.7"	"Variant of Concern"	{"pango":"B.1.1.7","loc":[],"selected":"IDN"}	[]			
"B.1.1.7 + S:E484K"	"pangolin_lineage=B.1.1.7&mutations=S:E484K"	"Variant of Concern"	{"pango":"B.1.1.7","muts":["S:E484K"],"loc":[],"selected":"IDN"}	[]			
"B.1.351"	"pangolin_lineage=B.1.351"	"Variant of Concern"	{"pango":"B.1.351","selected":"IDN","loc":[]}	[]			
"B.1.617.2"	"pangolin_lineage=B.1.617.2"	"Variant of Concern"	{"pango":"B.1.617.2","loc":[],"selected":"IDN"}	[{"date":"2021-01-07","total_count":32,"lineage_count":1,"total_count_rolling":32,"lineage_count_rolling":1,"proportion":0.03125,"proportion_ci_lower":0.0033927655909424016,"proportion_ci_upper":0.1369138623518783,"dateTime":"2021-01-06T13:00:00.000Z"},{"date":"2021-01-08","total_count":35,"lineage_count":1,"total_count_rolling":33.5,"lineage_count_rolling":1,"proportion":0.029850746268656716,"proportion_ci_lower":0.0031920142976644083,"proportion_ci_upper":0.12934810214188408,"dateTime":"2021-01-07T13:00:00.000Z"},{"date":"2021-01-09","total_count":17,"lineage_count":0,"total_count_rolling":28,"lineage_count_rolling":0.6666666666666666,"proportion":0.023809523809523808,"proportion_ci_lower":0.0038809272881955006,"proportion_ci_upper":0.15504541199610367,"dateTime":"2021-01-08T13:00:00.000Z"},{"date":"2021-01-10","total_count":9,"lineage_count":0,"total_count_rolling":23.25,"lineage_count_rolling":0.5,"proportion":0.021505376344086023,"proportion_ci_lower":0.00002111832201730757,"proportion_ci_upper":0.10239382809160794,"dateTime":"2021-01-09T13:00:00.000Z"},{"date":"2021-01-11","total_count":38,"lineage_count":0,"total_count_rolling":26.2,"lineage_count_rolling":0.4,"proportion":0.015267175572519085,"proportion_ci_lower":0.000018705055066259086,"proportion_ci_upper":0.09124656340895625,"dateTime":"2021-01-10T13:00:00.000Z"},{"date":"2021-01-12","total_count":25,"lineage_count":1,"total_count_rolling":26,"lineage_count_rolling":0.5,"proportion":0.019230769230769232,"proportion_ci_lower":0.000018705055066259086,"proportion_ci_upper":0.09124656340895625,"dateTime":"2021-01-11T13:00:00.000Z"},{"date":"2021-01-13","total_count":24,"lineage_count":0,"total_count_rolling":25.714285714285715,"lineage_count_rolling":0.42857142857142855,"proportion":0.016666666666666666,"proportion_ci_lower":0.000018705055066259086,"proportion_ci_upper":0.09124656340895625,"dateTime":"2021-01-12T13:00:00.000Z"},{"date":"2021-01-14","total_count":22,"lineage_count":0,"total_count_rolling":24.285714285714285,"lineage_count_rolling":0.2857142857142857,"proportion":0.011764705882352941,"proportion_ci_lower":0.00002024756671804834,"proportion_ci_upper":0.09838760438586978,"dateTime":"2021-01-13T13:00:00.000Z"},{"date":"2021-01-15","total_count":57,"lineage_count":1,"total_count_rolling":27.428571428571427,"lineage_count_rolling":0.2857142857142857,"proportion":0.010416666666666666,"proportion_ci_lower":0.000018018696079932514,"proportion_ci_upper":0.08805083151105601,"dateTime":"2021-01-14T13:00:00.000Z"},{"date":"2021-01-16","total_count":1,"lineage_count":0,"total_count_rolling":25.142857142857142,"lineage_count_rolling":0.2857142857142857,"proportion":0.011363636363636364,"proportion_ci_lower":0.000019445770898158813,"proportion_ci_upper":0.0946827641095835,"dateTime":"2021-01-15T13:00:00.000Z"},{"date":"2021-01-17","total_count":3,"lineage_count":0,"total_count_rolling":24.285714285714285,"lineage_count_rolling":0.2857142857142857,"proportion":0.011764705882352941,"proportion_ci_lower":0.00002024756671804834,"proportion_ci_upper":0.09838760438586978,"dateTime":"2021-01-16T13:00:00.000Z"},{"date":"2021-01-18","total_count":51,"lineage_count":0,"total_count_rolling":26.142857142857142,"lineage_count_rolling":0.2857142857142857,"proportion":0.01092896174863388,"proportion_ci_lower":0.000018705055066259086,"proportion_ci_upper":0.09124656340895625,"dateTime":"2021-01-17T13:00:00.000Z"},{"date":"2021-01-19","total_count":20,"lineage_count":0,"total_count_rolling":25.428571428571427,"lineage_count_rolling":0.14285714285714285,"proportion":0.0056179775280898875,"proportion_ci_lower":0.000019445770898158813,"proportion_ci_upper":0.0946827641095835,"dateTime":"2021-01-18T13:00:00.000Z"},{"date":"2021-01-20","total_count":14,"lineage_count":0,"total_count_rolling":24,"lineage_count_rolling":0.14285714285714285,"proportion":0.005952380952380952,"proportion_ci_lower":0.00002024756671804834,"proportion_ci_upper":0.09838760438586978,"dateTime":"2021-01-19T13:00:00.000Z"},{"date":"2021-01-21","total_count":14,"lineage_count":0,"total_count_rolling":22.857142857142858,"lineage_count_rolling":0.14285714285714285,"proportion":0.0062499999999999995,"proportion_ci_lower":0.00002111832201730757,"proportion_ci_upper":0.10239382809160794,"dateTime":"2021-01-20T13:00:00.000Z"},{"date":"2021-01-22","total_count":9,"lineage_count":0,"total_count_rolling":16,"lineage_count_rolling":0,"proportion":0,"proportion_ci_lower":0.000030213479978023642,"proportion_ci_upper":0.1431841379314448,"dateTime":"2021-01-21T13:00:00.000Z"},{"date":"2021-01-23","total_count":6,"lineage_count":0,"total_count_rolling":16.714285714285715,"lineage_count_rolling":0,"proportion":0,"proportion_ci_lower":0.000028462377723109497,"proportion_ci_upper":0.1354784378916884,"dateTime":"2021-01-22T13:00:00.000Z"},{"date":"2021-01-24","total_count":5,"lineage_count":0,"total_count_rolling":17,"lineage_count_rolling":0,"proportion":0,"proportion_ci_lower":0.000028462377723109497,"proportion_ci_upper":0.1354784378916884,"dateTime":"2021-01-23T13:00:00.000Z"},{"date":"2021-01-25","total_count":18,"lineage_count":0,"total_count_rolling":12.285714285714286,"lineage_count_rolling":0,"proportion":0,"proportion_ci_lower":0.00004007531007659888,"proportion_ci_upper":0.18530593831248504,"dateTime":"2021-01-24T13:00:00.000Z"},{"date":"2021-01-26","total_count":10,"lineage_count":0,"total_count_rolling":10.857142857142858,"lineage_count_rolling":0,"proportion":0,"proportion_ci_lower":0.00004363579814218975,"proportion_ci_upper":0.19999456902620805,"dateTime":"2021-01-25T13:00:00.000Z"},{"date":"2021-01-27","total_count":19,"lineage_count":0,"total_count_rolling":11.571428571428571,"lineage_count_rolling":0,"proportion":0,"proportion_ci_lower":0.00004007531007659888,"proportion_ci_upper":0.18530593831248504,"dateTime":"2021-01-26T13:00:00.000Z"},{"date":"2021-01-28","total_count":11,"lineage_count":0,"total_count_rolling":11.142857142857142,"lineage_count_rolling":0,"proportion":0,"proportion_ci_lower":0.00004363579814218975,"proportion_ci_upper":0.19999456902620805,"dateTime":"2021-01-27T13:00:00.000Z"},{"date":"2021-01-29","total_count":31,"lineage_count":0,"total_count_rolling":14.285714285714286,"lineage_count_rolling":0,"proportion":0,"proportion_ci_lower":0.00003445267180200587,"proportion_ci_upper":0.16155330451419395,"dateTime":"2021-01-28T13:00:00.000Z"},{"date":"2021-01-30","total_count":7,"lineage_count":0,"total_count_rolling":14.428571428571429,"lineage_count_rolling":0,"proportion":0,"proportion_ci_lower":0.00003445267180200587,"proportion_ci_upper":0.16155330451419395,"dateTime":"2021-01-29T13:00:00.000Z"},{"date":"2021-02-01","total_count":23,"lineage_count":0,"total_count_rolling":16.833333333333332,"lineage_count_rolling":0,"proportion":0,"proportion_ci_lower":0.000028462377723109497,"proportion_ci_upper":0.1354784378916884,"dateTime":"2021-01-31T13:00:00.000Z"},{"date":"2021-02-02","total_count":37,"lineage_count":0,"total_count_rolling":21.333333333333332,"lineage_count_rolling":0,"proportion":0,"proportion_ci_lower":0.00002310564264915348,"proportion_ci_upper":0.11147031619304093,"dateTime":"2021-02-01T13:00:00.000Z"},{"date":"2021-02-03","total_count":12,"lineage_count":0,"total_count_rolling":20.166666666666668,"lineage_count_rolling":0,"proportion":0,"proportion_ci_lower":0.000024246478459242777,"proportion_ci_upper":0.11663898290487537,"dateTime":"2021-02-02T13:00:00.000Z"},{"date":"2021-02-04","total_count":6,"lineage_count":0,"total_count_rolling":19.333333333333332,"lineage_count_rolling":0,"proportion":0,"proportion_ci_lower":0.000025505812625695268,"proportion_ci_upper":0.12230940431991393,"dateTime":"2021-02-03T13:00:00.000Z"},{"date":"2021-02-05","total_count":5,"lineage_count":0,"total_count_rolling":15,"lineage_count_rolling":0,"proportion":0,"proportion_ci_lower":0.000032194144323726923,"proportion_ci_upper":0.15181666211439768,"dateTime":"2021-02-04T13:00:00.000Z"},{"date":"2021-02-06","total_count":6,"lineage_count":0,"total_count_rolling":14.833333333333334,"lineage_count_rolling":0,"proportion":0,"proportion_ci_lower":0.000032194144323726923,"proportion_ci_upper":0.15181666211439768,"dateTime":"2021-02-05T13:00:00.000Z"},{"date":"2021-02-07","total_count":6,"lineage_count":0,"total_count_rolling":13.571428571428571,"lineage_count_rolling":0,"proportion":0,"proportion_ci_lower":0.00003445267180200587,"proportion_ci_upper":0.16155330451419395,"dateTime":"2021-02-06T13:00:00.000Z"},{"date":"2021-02-08","total_count":8,"lineage_count":0,"total_count_rolling":11.428571428571429,"lineage_count_rolling":0,"proportion":0,"proportion_ci_lower":0.00004363579814218975,"proportion_ci_upper":0.19999456902620805,"dateTime":"2021-02-07T13:00:00.000Z"},{"date":"2021-02-09","total_count":14,"lineage_count":0,"total_count_rolling":8.142857142857142,"lineage_count_rolling":0,"proportion":0,"proportion_ci_lower":0.00005949030289440227,"proportion_ci_upper":0.26221724871718577,"dateTime":"2021-02-08T13:00:00.000Z"},{"date":"2021-02-10","total_count":4,"lineage_count":0,"total_count_rolling":7,"lineage_count_rolling":0,"proportion":0,"proportion_ci_lower":0.00006768646424383031,"proportion_ci_upper":0.29243617366230995,"dateTime":"2021-02-09T13:00:00.000Z"},{"date":"2021-02-11","total_count":5,"lineage_count":0,"total_count_rolling":6.857142857142857,"lineage_count_rolling":0,"proportion":0,"proportion_ci_lower":0.00006768646424383031,"proportion_ci_upper":0.29243617366230995,"dateTime":"2021-02-10T13:00:00.000Z"},{"date":"2021-02-12","total_count":5,"lineage_count":0,"total_count_rolling":6.857142857142857,"lineage_count_rolling":0,"proportion":0,"proportion_ci_lower":0.00006768646424383031,"proportion_ci_upper":0.29243617366230995,"dateTime":"2021-02-11T13:00:00.000Z"},{"date":"2021-02-13","total_count":3,"lineage_count":0,"total_count_rolling":6.428571428571429,"lineage_count_rolling":0,"proportion":0,"proportion_ci_lower":0.0000784998483662081,"proportion_ci_upper":0.33038890915155017,"dateTime":"2021-02-12T13:00:00.000Z"},{"date":"2021-02-15","total_count":20,"lineage_count":0,"total_count_rolling":8.5,"lineage_count_rolling":0,"proportion":0,"proportion_ci_lower":0.00005949030289440227,"proportion_ci_upper":0.26221724871718577,"dateTime":"2021-02-14T13:00:00.000Z"},{"date":"2021-02-16","total_count":7,"lineage_count":0,"total_count_rolling":7.333333333333333,"lineage_count_rolling":0,"proportion":0,"proportion_ci_lower":0.00006768646424383031,"proportion_ci_upper":0.29243617366230995,"dateTime":"2021-02-15T13:00:00.000Z"},{"date":"2021-02-17","total_count":18,"lineage_count":0,"total_count_rolling":9.666666666666666,"lineage_count_rolling":0,"proportion":0,"proportion_ci_lower":0.00004789043315758197,"proportion_ci_upper":0.21719626750921056,"dateTime":"2021-02-16T13:00:00.000Z"},{"date":"2021-02-18","total_count":23,"lineage_count":0,"total_count_rolling":12.666666666666666,"lineage_count_rolling":0,"proportion":0,"proportion_ci_lower":0.0000370519332987658,"proportion_ci_upper":0.17261944528205697,"dateTime":"2021-02-17T13:00:00.000Z"},{"date":"2021-02-19","total_count":4,"lineage_count":0,"total_count_rolling":12.5,"lineage_count_rolling":0,"proportion":0,"proportion_ci_lower":0.00004007531007659888,"proportion_ci_upper":0.18530593831248504,"dateTime":"2021-02-18T13:00:00.000Z"},{"date":"2021-02-20","total_count":22,"lineage_count":0,"total_count_rolling":15.666666666666666,"lineage_count_rolling":0,"proportion":0,"proportion_ci_lower":0.000030213479978023642,"proportion_ci_upper":0.1431841379314448,"dateTime":"2021-02-19T13:00:00.000Z"},{"date":"2021-02-21","total_count":2,"lineage_count":0,"total_count_rolling":13.714285714285714,"lineage_count_rolling":0,"proportion":0,"proportion_ci_lower":0.00003445267180200587,"proportion_ci_upper":0.16155330451419395,"dateTime":"2021-02-20T13:00:00.000Z"},{"date":"2021-02-22","total_count":18,"lineage_count":0,"total_count_rolling":13.428571428571429,"lineage_count_rolling":0,"proportion":0,"proportion_ci_lower":0.0000370519332987658,"proportion_ci_upper":0.17261944528205697,"dateTime":"2021-02-21T13:00:00.000Z"},{"date":"2021-02-23","total_count":17,"lineage_count":0,"total_count_rolling":14.857142857142858,"lineage_count_rolling":0,"proportion":0,"proportion_ci_lower":0.000032194144323726923,"proportion_ci_upper":0.15181666211439768,"dateTime":"2021-02-22T13:00:00.000Z"},{"date":"2021-02-24","total_count":15,"lineage_count":0,"total_count_rolling":14.428571428571429,"lineage_count_rolling":0,"proportion":0,"proportion_ci_lower":0.00003445267180200587,"proportion_ci_upper":0.16155330451419395,"dateTime":"2021-02-23T13:00:00.000Z"},{"date":"2021-02-25","total_count":44,"lineage_count":0,"total_count_rolling":17.428571428571427,"lineage_count_rolling":0,"proportion":0,"proportion_ci_lower":0.000028462377723109497,"proportion_ci_upper":0.1354784378916884,"dateTime":"2021-02-24T13:00:00.000Z"},{"date":"2021-02-26","total_count":23,"lineage_count":0,"total_count_rolling":20.142857142857142,"lineage_count_rolling":0,"proportion":0,"proportion_ci_lower":0.000024246478459242777,"proportion_ci_upper":0.11663898290487537,"dateTime":"2021-02-25T13:00:00.000Z"},{"date":"2021-02-27","total_count":8,"lineage_count":0,"total_count_rolling":18.142857142857142,"lineage_count_rolling":0,"proportion":0,"proportion_ci_lower":0.00002690311730090928,"proportion_ci_upper":0.12855821182175955,"dateTime":"2021-02-26T13:00:00.000Z"},{"date":"2021-02-28","total_count":3,"lineage_count":0,"total_count_rolling":18.285714285714285,"lineage_count_rolling":0,"proportion":0,"proportion_ci_lower":0.00002690311730090928,"proportion_ci_upper":0.12855821182175955,"dateTime":"2021-02-27T13:00:00.000Z"},{"date":"2021-03-01","total_count":27,"lineage_count":0,"total_count_rolling":19.571428571428573,"lineage_count_rolling":0,"proportion":0,"proportion_ci_lower":0.000024246478459242777,"proportion_ci_upper":0.11663898290487537,"dateTime":"2021-02-28T13:00:00.000Z"},{"date":"2021-03-02","total_count":20,"lineage_count":0,"total_count_rolling":20,"lineage_count_rolling":0,"proportion":0,"proportion_ci_lower":0.000024246478459242777,"proportion_ci_upper":0.11663898290487537,"dateTime":"2021-03-01T13:00:00.000Z"},{"date":"2021-03-03","total_count":26,"lineage_count":0,"total_count_rolling":21.571428571428573,"lineage_count_rolling":0,"proportion":0,"proportion_ci_lower":0.000022067332398350842,"proportion_ci_upper":0.10673971791178566,"dateTime":"2021-03-02T13:00:00.000Z"},{"date":"2021-03-04","total_count":32,"lineage_count":0,"total_count_rolling":19.857142857142858,"lineage_count_rolling":0,"proportion":0,"proportion_ci_lower":0.000024246478459242777,"proportion_ci_upper":0.11663898290487537,"dateTime":"2021-03-03T13:00:00.000Z"},{"date":"2021-03-05","total_count":13,"lineage_count":0,"total_count_rolling":18.428571428571427,"lineage_count_rolling":0,"proportion":0,"proportion_ci_lower":0.00002690311730090928,"proportion_ci_upper":0.12855821182175955,"dateTime":"2021-03-04T13:00:00.000Z"},{"date":"2021-03-06","total_count":9,"lineage_count":0,"total_count_rolling":18.571428571428573,"lineage_count_rolling":0,"proportion":0,"proportion_ci_lower":0.000025505812625695268,"proportion_ci_upper":0.12230940431991393,"dateTime":"2021-03-05T13:00:00.000Z"},{"date":"2021-03-07","total_count":11,"lineage_count":0,"total_count_rolling":19.714285714285715,"lineage_count_rolling":0,"proportion":0,"proportion_ci_lower":0.000024246478459242777,"proportion_ci_upper":0.11663898290487537,"dateTime":"2021-03-06T13:00:00.000Z"},{"date":"2021-03-08","total_count":24,"lineage_count":0,"total_count_rolling":19.285714285714285,"lineage_count_rolling":0,"proportion":0,"proportion_ci_lower":0.000025505812625695268,"proportion_ci_upper":0.12230940431991393,"dateTime":"2021-03-07T13:00:00.000Z"},{"date":"2021-03-09","total_count":16,"lineage_count":0,"total_count_rolling":18.714285714285715,"lineage_count_rolling":0,"proportion":0,"proportion_ci_lower":0.000025505812625695268,"proportion_ci_upper":0.12230940431991393,"dateTime":"2021-03-08T13:00:00.000Z"},{"date":"2021-03-10","total_count":17,"lineage_count":0,"total_count_rolling":17.428571428571427,"lineage_count_rolling":0,"proportion":0,"proportion_ci_lower":0.000028462377723109497,"proportion_ci_upper":0.1354784378916884,"dateTime":"2021-03-09T13:00:00.000Z"},{"date":"2021-03-11","total_count":9,"lineage_count":0,"total_count_rolling":14.142857142857142,"lineage_count_rolling":0,"proportion":0,"proportion_ci_lower":0.00003445267180200587,"proportion_ci_upper":0.16155330451419395,"dateTime":"2021-03-10T13:00:00.000Z"},{"date":"2021-03-12","total_count":19,"lineage_count":0,"total_count_rolling":15,"lineage_count_rolling":0,"proportion":0,"proportion_ci_lower":0.000032194144323726923,"proportion_ci_upper":0.15181666211439768,"dateTime":"2021-03-11T13:00:00.000Z"},{"date":"2021-03-13","total_count":10,"lineage_count":0,"total_count_rolling":15.142857142857142,"lineage_count_rolling":0,"proportion":0,"proportion_ci_lower":0.000032194144323726923,"proportion_ci_upper":0.15181666211439768,"dateTime":"2021-03-12T13:00:00.000Z"},{"date":"2021-03-14","total_count":1,"lineage_count":0,"total_count_rolling":13.714285714285714,"lineage_count_rolling":0,"proportion":0,"proportion_ci_lower":0.00003445267180200587,"proportion_ci_upper":0.16155330451419395,"dateTime":"2021-03-13T13:00:00.000Z"},{"date":"2021-03-15","total_count":23,"lineage_count":0,"total_count_rolling":13.571428571428571,"lineage_count_rolling":0,"proportion":0,"proportion_ci_lower":0.00003445267180200587,"proportion_ci_upper":0.16155330451419395,"dateTime":"2021-03-14T13:00:00.000Z"},{"date":"2021-03-16","total_count":29,"lineage_count":0,"total_count_rolling":15.428571428571429,"lineage_count_rolling":0,"proportion":0,"proportion_ci_lower":0.000032194144323726923,"proportion_ci_upper":0.15181666211439768,"dateTime":"2021-03-15T13:00:00.000Z"},{"date":"2021-03-17","total_count":11,"lineage_count":0,"total_count_rolling":14.571428571428571,"lineage_count_rolling":0,"proportion":0,"proportion_ci_lower":0.000032194144323726923,"proportion_ci_upper":0.15181666211439768,"dateTime":"2021-03-16T13:00:00.000Z"},{"date":"2021-03-18","total_count":7,"lineage_count":0,"total_count_rolling":14.285714285714286,"lineage_count_rolling":0,"proportion":0,"proportion_ci_lower":0.00003445267180200587,"proportion_ci_upper":0.16155330451419395,"dateTime":"2021-03-17T13:00:00.000Z"},{"date":"2021-03-19","total_count":17,"lineage_count":2,"total_count_rolling":14,"lineage_count_rolling":0.2857142857142857,"proportion":0.02040816326530612,"proportion_ci_lower":0.00003445267180200587,"proportion_ci_upper":0.16155330451419395,"dateTime":"2021-03-18T13:00:00.000Z"},{"date":"2021-03-20","total_count":14,"lineage_count":1,"total_count_rolling":14.571428571428571,"lineage_count_rolling":0.42857142857142855,"proportion":0.029411764705882353,"proportion_ci_lower":0.000032194144323726923,"proportion_ci_upper":0.15181666211439768,"dateTime":"2021-03-19T13:00:00.000Z"},{"date":"2021-03-21","total_count":11,"lineage_count":0,"total_count_rolling":16,"lineage_count_rolling":0.42857142857142855,"proportion":0.026785714285714284,"proportion_ci_lower":0.000030213479978023642,"proportion_ci_upper":0.1431841379314448,"dateTime":"2021-03-20T13:00:00.000Z"},{"date":"2021-03-22","total_count":5,"lineage_count":0,"total_count_rolling":13.428571428571429,"lineage_count_rolling":0.42857142857142855,"proportion":0.031914893617021274,"proportion_ci_lower":0.0000370519332987658,"proportion_ci_upper":0.17261944528205697,"dateTime":"2021-03-21T13:00:00.000Z"},{"date":"2021-03-23","total_count":7,"lineage_count":0,"total_count_rolling":10.285714285714286,"lineage_count_rolling":0.42857142857142855,"proportion":0.041666666666666664,"proportion_ci_lower":0.00004789043315758197,"proportion_ci_upper":0.21719626750921056,"dateTime":"2021-03-22T13:00:00.000Z"},{"date":"2021-03-24","total_count":7,"lineage_count":0,"total_count_rolling":9.714285714285714,"lineage_count_rolling":0.42857142857142855,"proportion":0.04411764705882353,"proportion_ci_lower":0.00004789043315758197,"proportion_ci_upper":0.21719626750921056,"dateTime":"2021-03-23T13:00:00.000Z"},{"date":"2021-03-25","total_count":6,"lineage_count":0,"total_count_rolling":9.571428571428571,"lineage_count_rolling":0.42857142857142855,"proportion":0.04477611940298507,"proportion_ci_lower":0.00004789043315758197,"proportion_ci_upper":0.21719626750921056,"dateTime":"2021-03-24T13:00:00.000Z"},{"date":"2021-03-26","total_count":3,"lineage_count":0,"total_count_rolling":7.571428571428571,"lineage_count_rolling":0.14285714285714285,"proportion":0.018867924528301886,"proportion_ci_lower":0.00005949030289440227,"proportion_ci_upper":0.26221724871718577,"dateTime":"2021-03-25T13:00:00.000Z"},{"date":"2021-03-28","total_count":1,"lineage_count":0,"total_count_rolling":4.833333333333333,"lineage_count_rolling":0,"proportion":0,"proportion_ci_lower":0.0000934206000395449,"proportion_ci_upper":0.37937714229903935,"dateTime":"2021-03-27T13:00:00.000Z"},{"date":"2021-03-29","total_count":6,"lineage_count":0,"total_count_rolling":5,"lineage_count_rolling":0,"proportion":0,"proportion_ci_lower":0.0000934206000395449,"proportion_ci_upper":0.37937714229903935,"dateTime":"2021-03-28T13:00:00.000Z"},{"date":"2021-03-30","total_count":2,"lineage_count":0,"total_count_rolling":4.166666666666667,"lineage_count_rolling":0,"proportion":0,"proportion_ci_lower":0.000115332788238275,"proportion_ci_upper":0.4447626176576397,"dateTime":"2021-03-29T13:00:00.000Z"},{"date":"2021-03-31","total_count":3,"lineage_count":0,"total_count_rolling":3.5,"lineage_count_rolling":0,"proportion":0,"proportion_ci_lower":0.000115332788238275,"proportion_ci_upper":0.4447626176576397,"dateTime":"2021-03-30T13:00:00.000Z"},{"date":"2021-04-01","total_count":4,"lineage_count":0,"total_count_rolling":3.1666666666666665,"lineage_count_rolling":0,"proportion":0,"proportion_ci_lower":0.00015063602543656854,"proportion_ci_upper":0.5355832430429506,"dateTime":"2021-03-31T13:00:00.000Z"},{"date":"2021-04-02","total_count":2,"lineage_count":0,"total_count_rolling":3,"lineage_count_rolling":0,"proportion":0,"proportion_ci_lower":0.00015063602543656854,"proportion_ci_upper":0.5355832430429506,"dateTime":"2021-04-01T13:00:00.000Z"},{"date":"2021-04-03","total_count":3,"lineage_count":1,"total_count_rolling":3,"lineage_count_rolling":0.14285714285714285,"proportion":0.047619047619047616,"proportion_ci_lower":0.00015063602543656854,"proportion_ci_upper":0.5355832430429506,"dateTime":"2021-04-02T13:00:00.000Z"},{"date":"2021-04-04","total_count":4,"lineage_count":0,"total_count_rolling":3.4285714285714284,"lineage_count_rolling":0.14285714285714285,"proportion":0.041666666666666664,"proportion_ci_lower":0.00015063602543656854,"proportion_ci_upper":0.5355832430429506,"dateTime":"2021-04-03T13:00:00.000Z"},{"date":"2021-04-05","total_count":4,"lineage_count":0,"total_count_rolling":3.142857142857143,"lineage_count_rolling":0.14285714285714285,"proportion":0.045454545454545456,"proportion_ci_lower":0.00015063602543656854,"proportion_ci_upper":0.5355832430429506,"dateTime":"2021-04-04T14:00:00.000Z"},{"date":"2021-04-06","total_count":6,"lineage_count":1,"total_count_rolling":3.7142857142857144,"lineage_count_rolling":0.2857142857142857,"proportion":0.07692307692307691,"proportion_ci_lower":0.000115332788238275,"proportion_ci_upper":0.4447626176576397,"dateTime":"2021-04-05T14:00:00.000Z"},{"date":"2021-04-07","total_count":1,"lineage_count":0,"total_count_rolling":3.4285714285714284,"lineage_count_rolling":0.2857142857142857,"proportion":0.08333333333333333,"proportion_ci_lower":0.00015063602543656854,"proportion_ci_upper":0.5355832430429506,"dateTime":"2021-04-06T14:00:00.000Z"},{"date":"2021-04-08","total_count":1,"lineage_count":0,"total_count_rolling":3,"lineage_count_rolling":0.2857142857142857,"proportion":0.09523809523809523,"proportion_ci_lower":0.00015063602543656854,"proportion_ci_upper":0.5355832430429506,"dateTime":"2021-04-07T14:00:00.000Z"},{"date":"2021-04-09","total_count":6,"lineage_count":0,"total_count_rolling":3.5714285714285716,"lineage_count_rolling":0.2857142857142857,"proportion":0.07999999999999999,"proportion_ci_lower":0.000115332788238275,"proportion_ci_upper":0.4447626176576397,"dateTime":"2021-04-08T14:00:00.000Z"},{"date":"2021-04-10","total_count":3,"lineage_count":0,"total_count_rolling":3.5714285714285716,"lineage_count_rolling":0.14285714285714285,"proportion":0.039999999999999994,"proportion_ci_lower":0.000115332788238275,"proportion_ci_upper":0.4447626176576397,"dateTime":"2021-04-09T14:00:00.000Z"},{"date":"2021-04-11","total_count":2,"lineage_count":0,"total_count_rolling":3.2857142857142856,"lineage_count_rolling":0.14285714285714285,"proportion":0.043478260869565216,"proportion_ci_lower":0.00015063602543656854,"proportion_ci_upper":0.5355832430429506,"dateTime":"2021-04-10T14:00:00.000Z"},{"date":"2021-04-12","total_count":2,"lineage_count":0,"total_count_rolling":3,"lineage_count_rolling":0.14285714285714285,"proportion":0.047619047619047616,"proportion_ci_lower":0.00015063602543656854,"proportion_ci_upper":0.5355832430429506,"dateTime":"2021-04-11T14:00:00.000Z"},{"date":"2021-04-13","total_count":1,"lineage_count":0,"total_count_rolling":2.2857142857142856,"lineage_count_rolling":0,"proportion":0,"proportion_ci_lower":0.00021690847003096627,"proportion_ci_upper":0.6668217544012093,"dateTime":"2021-04-12T14:00:00.000Z"},{"date":"2021-04-14","total_count":3,"lineage_count":1,"total_count_rolling":2.5714285714285716,"lineage_count_rolling":0.14285714285714285,"proportion":0.055555555555555546,"proportion_ci_lower":0.00015063602543656854,"proportion_ci_upper":0.5355832430429506,"dateTime":"2021-04-13T14:00:00.000Z"},{"date":"2021-04-15","total_count":3,"lineage_count":0,"total_count_rolling":2.857142857142857,"lineage_count_rolling":0.14285714285714285,"proportion":0.049999999999999996,"proportion_ci_lower":0.00015063602543656854,"proportion_ci_upper":0.5355832430429506,"dateTime":"2021-04-14T14:00:00.000Z"},{"date":"2021-04-16","total_count":5,"lineage_count":1,"total_count_rolling":2.7142857142857144,"lineage_count_rolling":0.2857142857142857,"proportion":0.10526315789473684,"proportion_ci_lower":0.00015063602543656854,"proportion_ci_upper":0.5355832430429506,"dateTime":"2021-04-15T14:00:00.000Z"},{"date":"2021-04-17","total_count":8,"lineage_count":0,"total_count_rolling":3.4285714285714284,"lineage_count_rolling":0.2857142857142857,"proportion":0.08333333333333333,"proportion_ci_lower":0.00015063602543656854,"proportion_ci_upper":0.5355832430429506,"dateTime":"2021-04-16T14:00:00.000Z"},{"date":"2021-04-18","total_count":1,"lineage_count":0,"total_count_rolling":3.2857142857142856,"lineage_count_rolling":0.2857142857142857,"proportion":0.08695652173913043,"proportion_ci_lower":0.00015063602543656854,"proportion_ci_upper":0.5355832430429506,"dateTime":"2021-04-17T14:00:00.000Z"},{"date":"2021-04-19","total_count":8,"lineage_count":0,"total_count_rolling":4.142857142857143,"lineage_count_rolling":0.2857142857142857,"proportion":0.0689655172413793,"proportion_ci_lower":0.000115332788238275,"proportion_ci_upper":0.4447626176576397,"dateTime":"2021-04-18T14:00:00.000Z"},{"date":"2021-04-20","total_count":6,"lineage_count":3,"total_count_rolling":4.857142857142857,"lineage_count_rolling":0.7142857142857143,"proportion":0.14705882352941177,"proportion_ci_lower":0.022512765999155134,"proportion_ci_upper":0.6286264006319943,"dateTime":"2021-04-19T14:00:00.000Z"},{"date":"2021-04-21","total_count":9,"lineage_count":0,"total_count_rolling":5.714285714285714,"lineage_count_rolling":0.5714285714285714,"proportion":0.09999999999999999,"proportion_ci_lower":0.018620127119442182,"proportion_ci_upper":0.5580567736092482,"dateTime":"2021-04-20T14:00:00.000Z"},{"date":"2021-04-22","total_count":6,"lineage_count":2,"total_count_rolling":6.142857142857143,"lineage_count_rolling":0.8571428571428571,"proportion":0.1395348837209302,"proportion_ci_lower":0.018620127119442182,"proportion_ci_upper":0.5580567736092482,"dateTime":"2021-04-21T14:00:00.000Z"},{"date":"2021-04-23","total_count":3,"lineage_count":0,"total_count_rolling":5.857142857142857,"lineage_count_rolling":0.7142857142857143,"proportion":0.12195121951219513,"proportion_ci_lower":0.018620127119442182,"proportion_ci_upper":0.5580567736092482,"dateTime":"2021-04-22T14:00:00.000Z"},{"date":"2021-04-25","total_count":13,"lineage_count":3,"total_count_rolling":7.5,"lineage_count_rolling":1.3333333333333333,"proportion":0.17777777777777776,"proportion_ci_lower":0.013838233790320764,"proportion_ci_upper":0.45371932103241464,"dateTime":"2021-04-24T14:00:00.000Z"},{"date":"2021-04-26","total_count":5,"lineage_count":0,"total_count_rolling":7,"lineage_count_rolling":1.3333333333333333,"proportion":0.19047619047619047,"proportion_ci_lower":0.01587652421274681,"proportion_ci_upper":0.5007974616190776,"dateTime":"2021-04-25T14:00:00.000Z"},{"date":"2021-04-27","total_count":7,"lineage_count":1,"total_count_rolling":7.166666666666667,"lineage_count_rolling":1,"proportion":0.13953488372093023,"proportion_ci_lower":0.01587652421274681,"proportion_ci_upper":0.5007974616190776,"dateTime":"2021-04-26T14:00:00.000Z"},{"date":"2021-04-28","total_count":6,"lineage_count":2,"total_count_rolling":6.666666666666667,"lineage_count_rolling":1.3333333333333333,"proportion":0.19999999999999998,"proportion_ci_lower":0.01587652421274681,"proportion_ci_upper":0.5007974616190776,"dateTime":"2021-04-27T14:00:00.000Z"},{"date":"2021-04-29","total_count":14,"lineage_count":2,"total_count_rolling":8,"lineage_count_rolling":1.3333333333333333,"proportion":0.16666666666666666,"proportion_ci_lower":0.013838233790320764,"proportion_ci_upper":0.45371932103241464,"dateTime":"2021-04-28T14:00:00.000Z"},{"date":"2021-04-30","total_count":13,"lineage_count":6,"total_count_rolling":9.666666666666666,"lineage_count_rolling":2.3333333333333335,"proportion":0.24137931034482762,"proportion_ci_lower":0.044059413552630815,"proportion_ci_upper":0.502774496439993,"dateTime":"2021-04-29T14:00:00.000Z"},{"date":"2021-05-01","total_count":10,"lineage_count":3,"total_count_rolling":9.714285714285714,"lineage_count_rolling":2.4285714285714284,"proportion":0.25,"proportion_ci_lower":0.044059413552630815,"proportion_ci_upper":0.502774496439993,"dateTime":"2021-04-30T14:00:00.000Z"},{"date":"2021-05-02","total_count":1,"lineage_count":0,"total_count_rolling":8,"lineage_count_rolling":2,"proportion":0.25,"proportion_ci_lower":0.05596688972465876,"proportion_ci_upper":0.5916235105733374,"dateTime":"2021-05-01T14:00:00.000Z"},{"date":"2021-05-03","total_count":18,"lineage_count":5,"total_count_rolling":9.857142857142858,"lineage_count_rolling":2.7142857142857144,"proportion":0.2753623188405797,"proportion_ci_lower":0.0926945939381532,"proportion_ci_upper":0.6058183181486712,"dateTime":"2021-05-02T14:00:00.000Z"},{"date":"2021-05-04","total_count":12,"lineage_count":4,"total_count_rolling":10.571428571428571,"lineage_count_rolling":3.142857142857143,"proportion":0.2972972972972973,"proportion_ci_lower":0.0834817598301942,"proportion_ci_upper":0.5650954805017856,"dateTime":"2021-05-03T14:00:00.000Z"},{"date":"2021-05-05","total_count":15,"lineage_count":0,"total_count_rolling":11.857142857142858,"lineage_count_rolling":2.857142857142857,"proportion":0.24096385542168675,"proportion_ci_lower":0.07594232891948485,"proportion_ci_upper":0.5291910836265508,"dateTime":"2021-05-04T14:00:00.000Z"},{"date":"2021-05-06","total_count":4,"lineage_count":0,"total_count_rolling":10.428571428571429,"lineage_count_rolling":2.5714285714285716,"proportion":0.24657534246575344,"proportion_ci_lower":0.0926945939381532,"proportion_ci_upper":0.6058183181486712,"dateTime":"2021-05-05T14:00:00.000Z"},{"date":"2021-05-07","total_count":2,"lineage_count":0,"total_count_rolling":8.857142857142858,"lineage_count_rolling":1.7142857142857142,"proportion":0.19354838709677416,"proportion_ci_lower":0.04930192297659404,"proportion_ci_upper":0.5438244331193475,"dateTime":"2021-05-06T14:00:00.000Z"},{"date":"2021-05-08","total_count":4,"lineage_count":0,"total_count_rolling":8,"lineage_count_rolling":1.2857142857142858,"proportion":0.16071428571428573,"proportion_ci_lower":0.013838233790320764,"proportion_ci_upper":0.45371932103241464,"dateTime":"2021-05-07T14:00:00.000Z"},{"date":"2021-05-09","total_count":1,"lineage_count":0,"total_count_rolling":8,"lineage_count_rolling":1.2857142857142858,"proportion":0.16071428571428573,"proportion_ci_lower":0.013838233790320764,"proportion_ci_upper":0.45371932103241464,"dateTime":"2021-05-08T14:00:00.000Z"},{"date":"2021-05-10","total_count":16,"lineage_count":1,"total_count_rolling":7.714285714285714,"lineage_count_rolling":0.7142857142857143,"proportion":0.09259259259259259,"proportion_ci_lower":0.013838233790320764,"proportion_ci_upper":0.45371932103241464,"dateTime":"2021-05-09T14:00:00.000Z"},{"date":"2021-05-11","total_count":7,"lineage_count":2,"total_count_rolling":7,"lineage_count_rolling":0.42857142857142855,"proportion":0.061224489795918366,"proportion_ci_lower":0.00006768646424383031,"proportion_ci_upper":0.29243617366230995,"dateTime":"2021-05-10T14:00:00.000Z"},{"date":"2021-05-12","total_count":4,"lineage_count":0,"total_count_rolling":5.428571428571429,"lineage_count_rolling":0.42857142857142855,"proportion":0.07894736842105263,"proportion_ci_lower":0.0000934206000395449,"proportion_ci_upper":0.37937714229903935,"dateTime":"2021-05-11T14:00:00.000Z"},{"date":"2021-05-13","total_count":2,"lineage_count":0,"total_count_rolling":5.142857142857143,"lineage_count_rolling":0.42857142857142855,"proportion":0.08333333333333333,"proportion_ci_lower":0.0000934206000395449,"proportion_ci_upper":0.37937714229903935,"dateTime":"2021-05-12T14:00:00.000Z"},{"date":"2021-05-14","total_count":7,"lineage_count":0,"total_count_rolling":5.857142857142857,"lineage_count_rolling":0.42857142857142855,"proportion":0.07317073170731707,"proportion_ci_lower":0.0000784998483662081,"proportion_ci_upper":0.33038890915155017,"dateTime":"2021-05-13T14:00:00.000Z"},{"date":"2021-05-15","total_count":13,"lineage_count":1,"total_count_rolling":7.142857142857143,"lineage_count_rolling":0.5714285714285714,"proportion":0.07999999999999999,"proportion_ci_lower":0.01587652421274681,"proportion_ci_upper":0.5007974616190776,"dateTime":"2021-05-14T14:00:00.000Z"},{"date":"2021-05-16","total_count":2,"lineage_count":0,"total_count_rolling":7.285714285714286,"lineage_count_rolling":0.5714285714285714,"proportion":0.0784313725490196,"proportion_ci_lower":0.01587652421274681,"proportion_ci_upper":0.5007974616190776,"dateTime":"2021-05-15T14:00:00.000Z"},{"date":"2021-05-17","total_count":2,"lineage_count":0,"total_count_rolling":5.285714285714286,"lineage_count_rolling":0.42857142857142855,"proportion":0.08108108108108107,"proportion_ci_lower":0.0000934206000395449,"proportion_ci_upper":0.37937714229903935,"dateTime":"2021-05-16T14:00:00.000Z"},{"date":"2021-05-18","total_count":5,"lineage_count":1,"total_count_rolling":5,"lineage_count_rolling":0.2857142857142857,"proportion":0.05714285714285714,"proportion_ci_lower":0.0000934206000395449,"proportion_ci_upper":0.37937714229903935,"dateTime":"2021-05-17T14:00:00.000Z"},{"date":"2021-05-19","total_count":2,"lineage_count":0,"total_count_rolling":4.714285714285714,"lineage_count_rolling":0.2857142857142857,"proportion":0.0606060606060606,"proportion_ci_lower":0.0000934206000395449,"proportion_ci_upper":0.37937714229903935,"dateTime":"2021-05-18T14:00:00.000Z"},{"date":"2021-05-20","total_count":3,"lineage_count":0,"total_count_rolling":4.857142857142857,"lineage_count_rolling":0.2857142857142857,"proportion":0.058823529411764705,"proportion_ci_lower":0.0000934206000395449,"proportion_ci_upper":0.37937714229903935,"dateTime":"2021-05-19T14:00:00.000Z"},{"date":"2021-05-21","total_count":29,"lineage_count":1,"total_count_rolling":8,"lineage_count_rolling":0.42857142857142855,"proportion":0.05357142857142857,"proportion_ci_lower":0.00005949030289440227,"proportion_ci_upper":0.26221724871718577,"dateTime":"2021-05-20T14:00:00.000Z"},{"date":"2021-05-22","total_count":5,"lineage_count":1,"total_count_rolling":6.857142857142857,"lineage_count_rolling":0.42857142857142855,"proportion":0.0625,"proportion_ci_lower":0.00006768646424383031,"proportion_ci_upper":0.29243617366230995,"dateTime":"2021-05-21T14:00:00.000Z"},{"date":"2021-05-23","total_count":5,"lineage_count":1,"total_count_rolling":7.285714285714286,"lineage_count_rolling":0.5714285714285714,"proportion":0.0784313725490196,"proportion_ci_lower":0.01587652421274681,"proportion_ci_upper":0.5007974616190776,"dateTime":"2021-05-22T14:00:00.000Z"},{"date":"2021-05-24","total_count":7,"lineage_count":2,"total_count_rolling":8,"lineage_count_rolling":0.8571428571428571,"proportion":0.10714285714285714,"proportion_ci_lower":0.013838233790320764,"proportion_ci_upper":0.45371932103241464,"dateTime":"2021-05-23T14:00:00.000Z"},{"date":"2021-05-25","total_count":19,"lineage_count":10,"total_count_rolling":10,"lineage_count_rolling":2.142857142857143,"proportion":0.21428571428571427,"proportion_ci_lower":0.044059413552630815,"proportion_ci_upper":0.502774496439993,"dateTime":"2021-05-24T14:00:00.000Z"},{"date":"2021-05-26","total_count":32,"lineage_count":30,"total_count_rolling":14.285714285714286,"lineage_count_rolling":6.428571428571429,"proportion":0.45,"proportion_ci_lower":0.20291502313018825,"proportion_ci_upper":0.6805817859224645,"dateTime":"2021-05-25T14:00:00.000Z"},{"date":"2021-05-27","total_count":24,"lineage_count":18,"total_count_rolling":17.285714285714285,"lineage_count_rolling":9,"proportion":0.5206611570247934,"proportion_ci_lower":0.3033259473133355,"proportion_ci_upper":0.7463802307132268,"dateTime":"2021-05-26T14:00:00.000Z"},{"date":"2021-05-28","total_count":10,"lineage_count":9,"total_count_rolling":14.571428571428571,"lineage_count_rolling":10.142857142857142,"proportion":0.696078431372549,"proportion_ci_lower":0.41583623285425014,"proportion_ci_upper":0.8597473628840056,"dateTime":"2021-05-27T14:00:00.000Z"},{"date":"2021-05-29","total_count":20,"lineage_count":14,"total_count_rolling":16.714285714285715,"lineage_count_rolling":12,"proportion":0.717948717948718,"proportion_ci_lower":0.4702488279271316,"proportion_ci_upper":0.8778335571729319,"dateTime":"2021-05-28T14:00:00.000Z"},{"date":"2021-05-30","total_count":23,"lineage_count":14,"total_count_rolling":19.285714285714285,"lineage_count_rolling":13.857142857142858,"proportion":0.7185185185185186,"proportion_ci_lower":0.5157662128442678,"proportion_ci_upper":0.8917672317913959,"dateTime":"2021-05-29T14:00:00.000Z"},{"date":"2021-05-31","total_count":24,"lineage_count":24,"total_count_rolling":21.714285714285715,"lineage_count_rolling":17,"proportion":0.7828947368421052,"proportion_ci_lower":0.5714060546468557,"proportion_ci_upper":0.9075607407991112,"dateTime":"2021-05-30T14:00:00.000Z"},{"date":"2021-06-01","total_count":31,"lineage_count":23,"total_count_rolling":23.428571428571427,"lineage_count_rolling":18.857142857142858,"proportion":0.8048780487804879,"proportion_ci_lower":0.6377686125778468,"proportion_ci_upper":0.9383054382997982,"dateTime":"2021-05-31T14:00:00.000Z"},{"date":"2021-06-02","total_count":19,"lineage_count":12,"total_count_rolling":21.571428571428573,"lineage_count_rolling":16.285714285714285,"proportion":0.7549668874172184,"proportion_ci_lower":0.5217688233094699,"proportion_ci_upper":0.8772947363501816,"dateTime":"2021-06-01T14:00:00.000Z"},{"date":"2021-06-03","total_count":9,"lineage_count":8,"total_count_rolling":19.428571428571427,"lineage_count_rolling":14.857142857142858,"proportion":0.7647058823529412,"proportion_ci_lower":0.5737941322913951,"proportion_ci_upper":0.9244681470865284,"dateTime":"2021-06-02T14:00:00.000Z"},{"date":"2021-06-04","total_count":15,"lineage_count":15,"total_count_rolling":20.142857142857142,"lineage_count_rolling":15.714285714285714,"proportion":0.7801418439716312,"proportion_ci_lower":0.5917742374830746,"proportion_ci_upper":0.9284799475212693,"dateTime":"2021-06-03T14:00:00.000Z"},{"date":"2021-06-05","total_count":22,"lineage_count":22,"total_count_rolling":20.428571428571427,"lineage_count_rolling":16.857142857142858,"proportion":0.8251748251748252,"proportion_ci_lower":0.6514222891415459,"proportion_ci_upper":0.9558686580248441,"dateTime":"2021-06-04T14:00:00.000Z"},{"date":"2021-06-06","total_count":16,"lineage_count":15,"total_count_rolling":19.428571428571427,"lineage_count_rolling":17,"proportion":0.8750000000000001,"proportion_ci_lower":0.7031177581885648,"proportion_ci_upper":0.9774680476681984,"dateTime":"2021-06-05T14:00:00.000Z"},{"date":"2021-06-07","total_count":36,"lineage_count":32,"total_count_rolling":21.142857142857142,"lineage_count_rolling":18.142857142857142,"proportion":0.8581081081081081,"proportion_ci_lower":0.6658130303339147,"proportion_ci_upper":0.9580620510305458,"dateTime":"2021-06-06T14:00:00.000Z"},{"date":"2021-06-08","total_count":21,"lineage_count":18,"total_count_rolling":19.714285714285715,"lineage_count_rolling":17.428571428571427,"proportion":0.8840579710144927,"proportion_ci_lower":0.6514222891415459,"proportion_ci_upper":0.9558686580248441,"dateTime":"2021-06-07T14:00:00.000Z"},{"date":"2021-06-09","total_count":22,"lineage_count":18,"total_count_rolling":20.142857142857142,"lineage_count_rolling":18.285714285714285,"proportion":0.9078014184397163,"proportion_ci_lower":0.7161467426957476,"proportion_ci_upper":0.9786275119775252,"dateTime":"2021-06-08T14:00:00.000Z"},{"date":"2021-06-10","total_count":12,"lineage_count":10,"total_count_rolling":20.571428571428573,"lineage_count_rolling":18.571428571428573,"proportion":0.9027777777777778,"proportion_ci_lower":0.7280893167104471,"proportion_ci_upper":0.9796734227317867,"dateTime":"2021-06-09T14:00:00.000Z"},{"date":"2021-06-11","total_count":7,"lineage_count":6,"total_count_rolling":19.428571428571427,"lineage_count_rolling":17.285714285714285,"proportion":0.8897058823529412,"proportion_ci_lower":0.7031177581885648,"proportion_ci_upper":0.9774680476681984,"dateTime":"2021-06-10T14:00:00.000Z"},{"date":"2021-06-12","total_count":1,"lineage_count":1,"total_count_rolling":16.428571428571427,"lineage_count_rolling":14.285714285714286,"proportion":0.8695652173913044,"proportion_ci_lower":0.6558244323748872,"proportion_ci_upper":0.9730872097845161,"dateTime":"2021-06-11T14:00:00.000Z"},{"date":"2021-06-13","total_count":4,"lineage_count":4,"total_count_rolling":14.714285714285714,"lineage_count_rolling":12.714285714285714,"proportion":0.8640776699029126,"proportion_ci_lower":0.6365820938489776,"proportion_ci_upper":0.9712216726798748,"dateTime":"2021-06-12T14:00:00.000Z"},{"date":"2021-06-14","total_count":24,"lineage_count":23,"total_count_rolling":13,"lineage_count_rolling":11.428571428571429,"proportion":0.8791208791208791,"proportion_ci_lower":0.5909946982251894,"proportion_ci_upper":0.9665884270464319,"dateTime":"2021-06-13T14:00:00.000Z"},{"date":"2021-06-15","total_count":21,"lineage_count":19,"total_count_rolling":13,"lineage_count_rolling":11.571428571428571,"proportion":0.8901098901098901,"proportion_ci_lower":0.6928505102933054,"proportion_ci_upper":0.9915703416877861,"dateTime":"2021-06-14T14:00:00.000Z"},{"date":"2021-06-16","total_count":31,"lineage_count":30,"total_count_rolling":14.285714285714286,"lineage_count_rolling":13.285714285714286,"proportion":0.93,"proportion_ci_lower":0.7116204289919471,"proportion_ci_upper":0.9921813692698959,"dateTime":"2021-06-15T14:00:00.000Z"},{"date":"2021-06-17","total_count":20,"lineage_count":16,"total_count_rolling":15.428571428571429,"lineage_count_rolling":14.142857142857142,"proportion":0.9166666666666666,"proportion_ci_lower":0.7282486855354348,"proportion_ci_upper":0.9927097822128738,"dateTime":"2021-06-16T14:00:00.000Z"},{"date":"2021-06-18","total_count":27,"lineage_count":27,"total_count_rolling":18.285714285714285,"lineage_count_rolling":17.142857142857142,"proportion":0.9375,"proportion_ci_lower":0.768388191510474,"proportion_ci_upper":0.9939386558346731,"dateTime":"2021-06-17T14:00:00.000Z"},{"date":"2021-06-19","total_count":22,"lineage_count":22,"total_count_rolling":21.285714285714285,"lineage_count_rolling":20.142857142857142,"proportion":0.9463087248322147,"proportion_ci_lower":0.7982440316783166,"proportion_ci_upper":0.9948129568920979,"dateTime":"2021-06-18T14:00:00.000Z"},{"date":"2021-06-20","total_count":8,"lineage_count":8,"total_count_rolling":21.857142857142858,"lineage_count_rolling":20.714285714285715,"proportion":0.9477124183006537,"proportion_ci_lower":0.8065626353166901,"proportion_ci_upper":0.9950509064508137,"dateTime":"2021-06-19T14:00:00.000Z"},{"date":"2021-06-21","total_count":22,"lineage_count":22,"total_count_rolling":21.571428571428573,"lineage_count_rolling":20.571428571428573,"proportion":0.9536423841059603,"proportion_ci_lower":0.8065626353166901,"proportion_ci_upper":0.9950509064508137,"dateTime":"2021-06-20T14:00:00.000Z"},{"date":"2021-06-22","total_count":18,"lineage_count":18,"total_count_rolling":21.142857142857142,"lineage_count_rolling":20.428571428571427,"proportion":0.9662162162162161,"proportion_ci_lower":0.7982440316783166,"proportion_ci_upper":0.9948129568920979,"dateTime":"2021-06-21T14:00:00.000Z"},{"date":"2021-06-23","total_count":6,"lineage_count":6,"total_count_rolling":17.571428571428573,"lineage_count_rolling":17,"proportion":0.9674796747967479,"proportion_ci_lower":0.768388191510474,"proportion_ci_upper":0.9939386558346731,"dateTime":"2021-06-22T14:00:00.000Z"},{"date":"2021-06-24","total_count":15,"lineage_count":15,"total_count_rolling":16.857142857142858,"lineage_count_rolling":16.857142857142858,"proportion":1,"proportion_ci_lower":0.8645215621083115,"proportion_ci_upper":0.9999715376222769,"dateTime":"2021-06-23T14:00:00.000Z"},{"date":"2021-06-25","total_count":23,"lineage_count":23,"total_count_rolling":16.285714285714285,"lineage_count_rolling":16.285714285714285,"proportion":1,"proportion_ci_lower":0.8568158620685554,"proportion_ci_upper":0.999969786520022,"dateTime":"2021-06-24T14:00:00.000Z"},{"date":"2021-06-26","total_count":18,"lineage_count":18,"total_count_rolling":15.714285714285714,"lineage_count_rolling":15.714285714285714,"proportion":1,"proportion_ci_lower":0.8568158620685554,"proportion_ci_upper":0.999969786520022,"dateTime":"2021-06-25T14:00:00.000Z"},{"date":"2021-06-27","total_count":8,"lineage_count":8,"total_count_rolling":15.714285714285714,"lineage_count_rolling":15.714285714285714,"proportion":1,"proportion_ci_lower":0.8568158620685554,"proportion_ci_upper":0.999969786520022,"dateTime":"2021-06-26T14:00:00.000Z"},{"date":"2021-06-28","total_count":36,"lineage_count":33,"total_count_rolling":17.714285714285715,"lineage_count_rolling":17.285714285714285,"proportion":0.9758064516129031,"proportion_ci_lower":0.768388191510474,"proportion_ci_upper":0.9939386558346731,"dateTime":"2021-06-27T14:00:00.000Z"},{"date":"2021-07-02","total_count":1,"lineage_count":1,"total_count_rolling":15.75,"lineage_count_rolling":15,"proportion":0.9523809523809523,"proportion_ci_lower":0.7430785701142263,"proportion_ci_upper":0.9931712779441131,"dateTime":"2021-07-01T14:00:00.000Z"},{"date":"2021-07-03","total_count":13,"lineage_count":13,"total_count_rolling":14.5,"lineage_count_rolling":13.75,"proportion":0.9482758620689655,"proportion_ci_lower":0.8384466954858061,"proportion_ci_upper":0.999965547328198,"dateTime":"2021-07-02T14:00:00.000Z"}]			
"P.1"	"pangolin_lineage=P.1"	"Variant of Concern"	{"pango":"P.1","selected":"IDN","loc":[]}	[]			
"P.1.1"	"pangolin_lineage=P.1.1"	"Variant of Concern"	{"pango":"P.1.1","selected":"IDN","loc":[]}	[]			
"P.1.2"	"pangolin_lineage=P.1.2"	"Variant of Concern"	{"pango":"P.1.2","selected":"IDN","loc":[]}	[]			
"AV.1"	"pangolin_lineage=AV.1"	"Variant of Interest"	{"pango":"AV.1","loc":["IDN"],"selected":"IDN"}	[]			
"B.1.1.318"	"pangolin_lineage=B.1.1.318"	"Variant of Interest"	{"pango":"B.1.1.318","selected":"IDN","loc":[]}	[]			
"B.1.427"	"pangolin_lineage=B.1.427"	"Variant of Interest"	{"pango":"B.1.427","loc":[],"selected":"IDN"}	[]			
"B.1.429"	"pangolin_lineage=B.1.429"	"Variant of Interest"	{"pango":"B.1.429","loc":[],"selected":"IDN"}	[]			
"B.1.525"	"pangolin_lineage=B.1.525"	"Variant of Interest"	{"pango":"B.1.525","selected":"IDN","loc":[]}	[]			
"B.1.526"	"pangolin_lineage=B.1.526"	"Variant of Interest"	{"pango":"B.1.526","loc":[],"selected":"IDN"}	[{"date":"2020-12-30","total_count":42,"lineage_count":1,"total_count_rolling":42,"lineage_count_rolling":1,"proportion":0.023809523809523808,"proportion_ci_lower":0.002581118369002407,"proportion_ci_upper":0.10592581752281838,"dateTime":"2020-12-29T13:00:00.000Z"},{"date":"2020-12-31","total_count":15,"lineage_count":0,"total_count_rolling":28.5,"lineage_count_rolling":0.5,"proportion":0.017543859649122806,"proportion_ci_lower":0.000017380922536885184,"proportion_ci_upper":0.08507120003233526,"dateTime":"2020-12-30T13:00:00.000Z"},{"date":"2021-01-01","total_count":7,"lineage_count":0,"total_count_rolling":21.333333333333332,"lineage_count_rolling":0.3333333333333333,"proportion":0.015625,"proportion_ci_lower":0.00002310564264915348,"proportion_ci_upper":0.11147031619304093,"dateTime":"2020-12-31T13:00:00.000Z"},{"date":"2021-01-02","total_count":6,"lineage_count":0,"total_count_rolling":17.5,"lineage_count_rolling":0.25,"proportion":0.014285714285714285,"proportion_ci_lower":0.00002690311730090928,"proportion_ci_upper":0.12855821182175955,"dateTime":"2021-01-01T13:00:00.000Z"},{"date":"2021-01-03","total_count":7,"lineage_count":0,"total_count_rolling":15.4,"lineage_count_rolling":0.2,"proportion":0.012987012987012988,"proportion_ci_lower":0.000032194144323726923,"proportion_ci_upper":0.15181666211439768,"dateTime":"2021-01-02T13:00:00.000Z"},{"date":"2021-01-04","total_count":35,"lineage_count":0,"total_count_rolling":18.666666666666668,"lineage_count_rolling":0.16666666666666666,"proportion":0.008928571428571428,"proportion_ci_lower":0.000025505812625695268,"proportion_ci_upper":0.12230940431991393,"dateTime":"2021-01-03T13:00:00.000Z"},{"date":"2021-01-05","total_count":22,"lineage_count":0,"total_count_rolling":19.142857142857142,"lineage_count_rolling":0.14285714285714285,"proportion":0.007462686567164179,"proportion_ci_lower":0.000025505812625695268,"proportion_ci_upper":0.12230940431991393,"dateTime":"2021-01-04T13:00:00.000Z"},{"date":"2021-01-06","total_count":28,"lineage_count":0,"total_count_rolling":17.142857142857142,"lineage_count_rolling":0,"proportion":0,"proportion_ci_lower":0.000028462377723109497,"proportion_ci_upper":0.1354784378916884,"dateTime":"2021-01-05T13:00:00.000Z"},{"date":"2021-01-07","total_count":32,"lineage_count":0,"total_count_rolling":19.571428571428573,"lineage_count_rolling":0,"proportion":0,"proportion_ci_lower":0.000024246478459242777,"proportion_ci_upper":0.11663898290487537,"dateTime":"2021-01-06T13:00:00.000Z"},{"date":"2021-01-08","total_count":35,"lineage_count":1,"total_count_rolling":23.571428571428573,"lineage_count_rolling":0.14285714285714285,"proportion":0.00606060606060606,"proportion_ci_lower":0.00002024756671804834,"proportion_ci_upper":0.09838760438586978,"dateTime":"2021-01-07T13:00:00.000Z"},{"date":"2021-01-09","total_count":17,"lineage_count":0,"total_count_rolling":25.142857142857142,"lineage_count_rolling":0.14285714285714285,"proportion":0.005681818181818182,"proportion_ci_lower":0.000019445770898158813,"proportion_ci_upper":0.0946827641095835,"dateTime":"2021-01-08T13:00:00.000Z"},{"date":"2021-01-10","total_count":9,"lineage_count":0,"total_count_rolling":25.428571428571427,"lineage_count_rolling":0.14285714285714285,"proportion":0.0056179775280898875,"proportion_ci_lower":0.000019445770898158813,"proportion_ci_upper":0.0946827641095835,"dateTime":"2021-01-09T13:00:00.000Z"},{"date":"2021-01-11","total_count":38,"lineage_count":0,"total_count_rolling":25.857142857142858,"lineage_count_rolling":0.14285714285714285,"proportion":0.0055248618784530384,"proportion_ci_lower":0.000018705055066259086,"proportion_ci_upper":0.09124656340895625,"dateTime":"2021-01-10T13:00:00.000Z"},{"date":"2021-01-12","total_count":25,"lineage_count":0,"total_count_rolling":26.285714285714285,"lineage_count_rolling":0.14285714285714285,"proportion":0.005434782608695652,"proportion_ci_lower":0.000018705055066259086,"proportion_ci_upper":0.09124656340895625,"dateTime":"2021-01-11T13:00:00.000Z"},{"date":"2021-01-13","total_count":24,"lineage_count":0,"total_count_rolling":25.714285714285715,"lineage_count_rolling":0.14285714285714285,"proportion":0.005555555555555555,"proportion_ci_lower":0.000018705055066259086,"proportion_ci_upper":0.09124656340895625,"dateTime":"2021-01-12T13:00:00.000Z"},{"date":"2021-01-14","total_count":22,"lineage_count":0,"total_count_rolling":24.285714285714285,"lineage_count_rolling":0.14285714285714285,"proportion":0.0058823529411764705,"proportion_ci_lower":0.00002024756671804834,"proportion_ci_upper":0.09838760438586978,"dateTime":"2021-01-13T13:00:00.000Z"},{"date":"2021-01-15","total_count":57,"lineage_count":0,"total_count_rolling":27.428571428571427,"lineage_count_rolling":0,"proportion":0,"proportion_ci_lower":0.000018018696079932514,"proportion_ci_upper":0.08805083151105601,"dateTime":"2021-01-14T13:00:00.000Z"},{"date":"2021-01-16","total_count":1,"lineage_count":0,"total_count_rolling":25.142857142857142,"lineage_count_rolling":0,"proportion":0,"proportion_ci_lower":0.000019445770898158813,"proportion_ci_upper":0.0946827641095835,"dateTime":"2021-01-15T13:00:00.000Z"},{"date":"2021-01-17","total_count":3,"lineage_count":0,"total_count_rolling":24.285714285714285,"lineage_count_rolling":0,"proportion":0,"proportion_ci_lower":0.00002024756671804834,"proportion_ci_upper":0.09838760438586978,"dateTime":"2021-01-16T13:00:00.000Z"},{"date":"2021-01-18","total_count":51,"lineage_count":0,"total_count_rolling":26.142857142857142,"lineage_count_rolling":0,"proportion":0,"proportion_ci_lower":0.000018705055066259086,"proportion_ci_upper":0.09124656340895625,"dateTime":"2021-01-17T13:00:00.000Z"},{"date":"2021-01-19","total_count":20,"lineage_count":0,"total_count_rolling":25.428571428571427,"lineage_count_rolling":0,"proportion":0,"proportion_ci_lower":0.000019445770898158813,"proportion_ci_upper":0.0946827641095835,"dateTime":"2021-01-18T13:00:00.000Z"},{"date":"2021-01-20","total_count":14,"lineage_count":0,"total_count_rolling":24,"lineage_count_rolling":0,"proportion":0,"proportion_ci_lower":0.00002024756671804834,"proportion_ci_upper":0.09838760438586978,"dateTime":"2021-01-19T13:00:00.000Z"},{"date":"2021-01-21","total_count":14,"lineage_count":0,"total_count_rolling":22.857142857142858,"lineage_count_rolling":0,"proportion":0,"proportion_ci_lower":0.00002111832201730757,"proportion_ci_upper":0.10239382809160794,"dateTime":"2021-01-20T13:00:00.000Z"},{"date":"2021-01-22","total_count":9,"lineage_count":0,"total_count_rolling":16,"lineage_count_rolling":0,"proportion":0,"proportion_ci_lower":0.000030213479978023642,"proportion_ci_upper":0.1431841379314448,"dateTime":"2021-01-21T13:00:00.000Z"},{"date":"2021-01-23","total_count":6,"lineage_count":0,"total_count_rolling":16.714285714285715,"lineage_count_rolling":0,"proportion":0,"proportion_ci_lower":0.000028462377723109497,"proportion_ci_upper":0.1354784378916884,"dateTime":"2021-01-22T13:00:00.000Z"},{"date":"2021-01-24","total_count":5,"lineage_count":0,"total_count_rolling":17,"lineage_count_rolling":0,"proportion":0,"proportion_ci_lower":0.000028462377723109497,"proportion_ci_upper":0.1354784378916884,"dateTime":"2021-01-23T13:00:00.000Z"},{"date":"2021-01-25","total_count":18,"lineage_count":0,"total_count_rolling":12.285714285714286,"lineage_count_rolling":0,"proportion":0,"proportion_ci_lower":0.00004007531007659888,"proportion_ci_upper":0.18530593831248504,"dateTime":"2021-01-24T13:00:00.000Z"},{"date":"2021-01-26","total_count":10,"lineage_count":0,"total_count_rolling":10.857142857142858,"lineage_count_rolling":0,"proportion":0,"proportion_ci_lower":0.00004363579814218975,"proportion_ci_upper":0.19999456902620805,"dateTime":"2021-01-25T13:00:00.000Z"},{"date":"2021-01-27","total_count":19,"lineage_count":0,"total_count_rolling":11.571428571428571,"lineage_count_rolling":0,"proportion":0,"proportion_ci_lower":0.00004007531007659888,"proportion_ci_upper":0.18530593831248504,"dateTime":"2021-01-26T13:00:00.000Z"},{"date":"2021-01-28","total_count":11,"lineage_count":0,"total_count_rolling":11.142857142857142,"lineage_count_rolling":0,"proportion":0,"proportion_ci_lower":0.00004363579814218975,"proportion_ci_upper":0.19999456902620805,"dateTime":"2021-01-27T13:00:00.000Z"},{"date":"2021-01-29","total_count":31,"lineage_count":0,"total_count_rolling":14.285714285714286,"lineage_count_rolling":0,"proportion":0,"proportion_ci_lower":0.00003445267180200587,"proportion_ci_upper":0.16155330451419395,"dateTime":"2021-01-28T13:00:00.000Z"},{"date":"2021-01-30","total_count":7,"lineage_count":0,"total_count_rolling":14.428571428571429,"lineage_count_rolling":0,"proportion":0,"proportion_ci_lower":0.00003445267180200587,"proportion_ci_upper":0.16155330451419395,"dateTime":"2021-01-29T13:00:00.000Z"},{"date":"2021-02-01","total_count":23,"lineage_count":0,"total_count_rolling":16.833333333333332,"lineage_count_rolling":0,"proportion":0,"proportion_ci_lower":0.000028462377723109497,"proportion_ci_upper":0.1354784378916884,"dateTime":"2021-01-31T13:00:00.000Z"},{"date":"2021-02-02","total_count":37,"lineage_count":0,"total_count_rolling":21.333333333333332,"lineage_count_rolling":0,"proportion":0,"proportion_ci_lower":0.00002310564264915348,"proportion_ci_upper":0.11147031619304093,"dateTime":"2021-02-01T13:00:00.000Z"},{"date":"2021-02-03","total_count":12,"lineage_count":0,"total_count_rolling":20.166666666666668,"lineage_count_rolling":0,"proportion":0,"proportion_ci_lower":0.000024246478459242777,"proportion_ci_upper":0.11663898290487537,"dateTime":"2021-02-02T13:00:00.000Z"},{"date":"2021-02-04","total_count":6,"lineage_count":0,"total_count_rolling":19.333333333333332,"lineage_count_rolling":0,"proportion":0,"proportion_ci_lower":0.000025505812625695268,"proportion_ci_upper":0.12230940431991393,"dateTime":"2021-02-03T13:00:00.000Z"},{"date":"2021-02-05","total_count":5,"lineage_count":0,"total_count_rolling":15,"lineage_count_rolling":0,"proportion":0,"proportion_ci_lower":0.000032194144323726923,"proportion_ci_upper":0.15181666211439768,"dateTime":"2021-02-04T13:00:00.000Z"},{"date":"2021-02-06","total_count":6,"lineage_count":0,"total_count_rolling":14.833333333333334,"lineage_count_rolling":0,"proportion":0,"proportion_ci_lower":0.000032194144323726923,"proportion_ci_upper":0.15181666211439768,"dateTime":"2021-02-05T13:00:00.000Z"},{"date":"2021-02-07","total_count":6,"lineage_count":0,"total_count_rolling":13.571428571428571,"lineage_count_rolling":0,"proportion":0,"proportion_ci_lower":0.00003445267180200587,"proportion_ci_upper":0.16155330451419395,"dateTime":"2021-02-06T13:00:00.000Z"},{"date":"2021-02-08","total_count":8,"lineage_count":0,"total_count_rolling":11.428571428571429,"lineage_count_rolling":0,"proportion":0,"proportion_ci_lower":0.00004363579814218975,"proportion_ci_upper":0.19999456902620805,"dateTime":"2021-02-07T13:00:00.000Z"},{"date":"2021-02-09","total_count":14,"lineage_count":0,"total_count_rolling":8.142857142857142,"lineage_count_rolling":0,"proportion":0,"proportion_ci_lower":0.00005949030289440227,"proportion_ci_upper":0.26221724871718577,"dateTime":"2021-02-08T13:00:00.000Z"},{"date":"2021-02-10","total_count":4,"lineage_count":0,"total_count_rolling":7,"lineage_count_rolling":0,"proportion":0,"proportion_ci_lower":0.00006768646424383031,"proportion_ci_upper":0.29243617366230995,"dateTime":"2021-02-09T13:00:00.000Z"},{"date":"2021-02-11","total_count":5,"lineage_count":0,"total_count_rolling":6.857142857142857,"lineage_count_rolling":0,"proportion":0,"proportion_ci_lower":0.00006768646424383031,"proportion_ci_upper":0.29243617366230995,"dateTime":"2021-02-10T13:00:00.000Z"},{"date":"2021-02-12","total_count":5,"lineage_count":0,"total_count_rolling":6.857142857142857,"lineage_count_rolling":0,"proportion":0,"proportion_ci_lower":0.00006768646424383031,"proportion_ci_upper":0.29243617366230995,"dateTime":"2021-02-11T13:00:00.000Z"},{"date":"2021-02-13","total_count":3,"lineage_count":0,"total_count_rolling":6.428571428571429,"lineage_count_rolling":0,"proportion":0,"proportion_ci_lower":0.0000784998483662081,"proportion_ci_upper":0.33038890915155017,"dateTime":"2021-02-12T13:00:00.000Z"},{"date":"2021-02-15","total_count":20,"lineage_count":0,"total_count_rolling":8.5,"lineage_count_rolling":0,"proportion":0,"proportion_ci_lower":0.00005949030289440227,"proportion_ci_upper":0.26221724871718577,"dateTime":"2021-02-14T13:00:00.000Z"},{"date":"2021-02-16","total_count":7,"lineage_count":0,"total_count_rolling":7.333333333333333,"lineage_count_rolling":0,"proportion":0,"proportion_ci_lower":0.00006768646424383031,"proportion_ci_upper":0.29243617366230995,"dateTime":"2021-02-15T13:00:00.000Z"},{"date":"2021-02-17","total_count":18,"lineage_count":0,"total_count_rolling":9.666666666666666,"lineage_count_rolling":0,"proportion":0,"proportion_ci_lower":0.00004789043315758197,"proportion_ci_upper":0.21719626750921056,"dateTime":"2021-02-16T13:00:00.000Z"},{"date":"2021-02-18","total_count":23,"lineage_count":0,"total_count_rolling":12.666666666666666,"lineage_count_rolling":0,"proportion":0,"proportion_ci_lower":0.0000370519332987658,"proportion_ci_upper":0.17261944528205697,"dateTime":"2021-02-17T13:00:00.000Z"},{"date":"2021-02-19","total_count":4,"lineage_count":0,"total_count_rolling":12.5,"lineage_count_rolling":0,"proportion":0,"proportion_ci_lower":0.00004007531007659888,"proportion_ci_upper":0.18530593831248504,"dateTime":"2021-02-18T13:00:00.000Z"},{"date":"2021-02-20","total_count":22,"lineage_count":0,"total_count_rolling":15.666666666666666,"lineage_count_rolling":0,"proportion":0,"proportion_ci_lower":0.000030213479978023642,"proportion_ci_upper":0.1431841379314448,"dateTime":"2021-02-19T13:00:00.000Z"},{"date":"2021-02-21","total_count":2,"lineage_count":0,"total_count_rolling":13.714285714285714,"lineage_count_rolling":0,"proportion":0,"proportion_ci_lower":0.00003445267180200587,"proportion_ci_upper":0.16155330451419395,"dateTime":"2021-02-20T13:00:00.000Z"},{"date":"2021-02-22","total_count":18,"lineage_count":0,"total_count_rolling":13.428571428571429,"lineage_count_rolling":0,"proportion":0,"proportion_ci_lower":0.0000370519332987658,"proportion_ci_upper":0.17261944528205697,"dateTime":"2021-02-21T13:00:00.000Z"},{"date":"2021-02-23","total_count":17,"lineage_count":0,"total_count_rolling":14.857142857142858,"lineage_count_rolling":0,"proportion":0,"proportion_ci_lower":0.000032194144323726923,"proportion_ci_upper":0.15181666211439768,"dateTime":"2021-02-22T13:00:00.000Z"},{"date":"2021-02-24","total_count":15,"lineage_count":0,"total_count_rolling":14.428571428571429,"lineage_count_rolling":0,"proportion":0,"proportion_ci_lower":0.00003445267180200587,"proportion_ci_upper":0.16155330451419395,"dateTime":"2021-02-23T13:00:00.000Z"},{"date":"2021-02-25","total_count":44,"lineage_count":0,"total_count_rolling":17.428571428571427,"lineage_count_rolling":0,"proportion":0,"proportion_ci_lower":0.000028462377723109497,"proportion_ci_upper":0.1354784378916884,"dateTime":"2021-02-24T13:00:00.000Z"},{"date":"2021-02-26","total_count":23,"lineage_count":0,"total_count_rolling":20.142857142857142,"lineage_count_rolling":0,"proportion":0,"proportion_ci_lower":0.000024246478459242777,"proportion_ci_upper":0.11663898290487537,"dateTime":"2021-02-25T13:00:00.000Z"},{"date":"2021-02-27","total_count":8,"lineage_count":0,"total_count_rolling":18.142857142857142,"lineage_count_rolling":0,"proportion":0,"proportion_ci_lower":0.00002690311730090928,"proportion_ci_upper":0.12855821182175955,"dateTime":"2021-02-26T13:00:00.000Z"},{"date":"2021-02-28","total_count":3,"lineage_count":0,"total_count_rolling":18.285714285714285,"lineage_count_rolling":0,"proportion":0,"proportion_ci_lower":0.00002690311730090928,"proportion_ci_upper":0.12855821182175955,"dateTime":"2021-02-27T13:00:00.000Z"},{"date":"2021-03-01","total_count":27,"lineage_count":0,"total_count_rolling":19.571428571428573,"lineage_count_rolling":0,"proportion":0,"proportion_ci_lower":0.000024246478459242777,"proportion_ci_upper":0.11663898290487537,"dateTime":"2021-02-28T13:00:00.000Z"},{"date":"2021-03-02","total_count":20,"lineage_count":0,"total_count_rolling":20,"lineage_count_rolling":0,"proportion":0,"proportion_ci_lower":0.000024246478459242777,"proportion_ci_upper":0.11663898290487537,"dateTime":"2021-03-01T13:00:00.000Z"},{"date":"2021-03-03","total_count":26,"lineage_count":0,"total_count_rolling":21.571428571428573,"lineage_count_rolling":0,"proportion":0,"proportion_ci_lower":0.000022067332398350842,"proportion_ci_upper":0.10673971791178566,"dateTime":"2021-03-02T13:00:00.000Z"},{"date":"2021-03-04","total_count":32,"lineage_count":0,"total_count_rolling":19.857142857142858,"lineage_count_rolling":0,"proportion":0,"proportion_ci_lower":0.000024246478459242777,"proportion_ci_upper":0.11663898290487537,"dateTime":"2021-03-03T13:00:00.000Z"},{"date":"2021-03-05","total_count":13,"lineage_count":0,"total_count_rolling":18.428571428571427,"lineage_count_rolling":0,"proportion":0,"proportion_ci_lower":0.00002690311730090928,"proportion_ci_upper":0.12855821182175955,"dateTime":"2021-03-04T13:00:00.000Z"},{"date":"2021-03-06","total_count":9,"lineage_count":0,"total_count_rolling":18.571428571428573,"lineage_count_rolling":0,"proportion":0,"proportion_ci_lower":0.000025505812625695268,"proportion_ci_upper":0.12230940431991393,"dateTime":"2021-03-05T13:00:00.000Z"},{"date":"2021-03-07","total_count":11,"lineage_count":0,"total_count_rolling":19.714285714285715,"lineage_count_rolling":0,"proportion":0,"proportion_ci_lower":0.000024246478459242777,"proportion_ci_upper":0.11663898290487537,"dateTime":"2021-03-06T13:00:00.000Z"},{"date":"2021-03-08","total_count":24,"lineage_count":0,"total_count_rolling":19.285714285714285,"lineage_count_rolling":0,"proportion":0,"proportion_ci_lower":0.000025505812625695268,"proportion_ci_upper":0.12230940431991393,"dateTime":"2021-03-07T13:00:00.000Z"},{"date":"2021-03-09","total_count":16,"lineage_count":0,"total_count_rolling":18.714285714285715,"lineage_count_rolling":0,"proportion":0,"proportion_ci_lower":0.000025505812625695268,"proportion_ci_upper":0.12230940431991393,"dateTime":"2021-03-08T13:00:00.000Z"},{"date":"2021-03-10","total_count":17,"lineage_count":0,"total_count_rolling":17.428571428571427,"lineage_count_rolling":0,"proportion":0,"proportion_ci_lower":0.000028462377723109497,"proportion_ci_upper":0.1354784378916884,"dateTime":"2021-03-09T13:00:00.000Z"},{"date":"2021-03-11","total_count":9,"lineage_count":0,"total_count_rolling":14.142857142857142,"lineage_count_rolling":0,"proportion":0,"proportion_ci_lower":0.00003445267180200587,"proportion_ci_upper":0.16155330451419395,"dateTime":"2021-03-10T13:00:00.000Z"},{"date":"2021-03-12","total_count":19,"lineage_count":0,"total_count_rolling":15,"lineage_count_rolling":0,"proportion":0,"proportion_ci_lower":0.000032194144323726923,"proportion_ci_upper":0.15181666211439768,"dateTime":"2021-03-11T13:00:00.000Z"},{"date":"2021-03-13","total_count":10,"lineage_count":0,"total_count_rolling":15.142857142857142,"lineage_count_rolling":0,"proportion":0,"proportion_ci_lower":0.000032194144323726923,"proportion_ci_upper":0.15181666211439768,"dateTime":"2021-03-12T13:00:00.000Z"},{"date":"2021-03-14","total_count":1,"lineage_count":0,"total_count_rolling":13.714285714285714,"lineage_count_rolling":0,"proportion":0,"proportion_ci_lower":0.00003445267180200587,"proportion_ci_upper":0.16155330451419395,"dateTime":"2021-03-13T13:00:00.000Z"},{"date":"2021-03-15","total_count":23,"lineage_count":0,"total_count_rolling":13.571428571428571,"lineage_count_rolling":0,"proportion":0,"proportion_ci_lower":0.00003445267180200587,"proportion_ci_upper":0.16155330451419395,"dateTime":"2021-03-14T13:00:00.000Z"},{"date":"2021-03-16","total_count":29,"lineage_count":0,"total_count_rolling":15.428571428571429,"lineage_count_rolling":0,"proportion":0,"proportion_ci_lower":0.000032194144323726923,"proportion_ci_upper":0.15181666211439768,"dateTime":"2021-03-15T13:00:00.000Z"},{"date":"2021-03-17","total_count":11,"lineage_count":0,"total_count_rolling":14.571428571428571,"lineage_count_rolling":0,"proportion":0,"proportion_ci_lower":0.000032194144323726923,"proportion_ci_upper":0.15181666211439768,"dateTime":"2021-03-16T13:00:00.000Z"},{"date":"2021-03-18","total_count":7,"lineage_count":0,"total_count_rolling":14.285714285714286,"lineage_count_rolling":0,"proportion":0,"proportion_ci_lower":0.00003445267180200587,"proportion_ci_upper":0.16155330451419395,"dateTime":"2021-03-17T13:00:00.000Z"},{"date":"2021-03-19","total_count":17,"lineage_count":0,"total_count_rolling":14,"lineage_count_rolling":0,"proportion":0,"proportion_ci_lower":0.00003445267180200587,"proportion_ci_upper":0.16155330451419395,"dateTime":"2021-03-18T13:00:00.000Z"},{"date":"2021-03-20","total_count":14,"lineage_count":0,"total_count_rolling":14.571428571428571,"lineage_count_rolling":0,"proportion":0,"proportion_ci_lower":0.000032194144323726923,"proportion_ci_upper":0.15181666211439768,"dateTime":"2021-03-19T13:00:00.000Z"},{"date":"2021-03-21","total_count":11,"lineage_count":0,"total_count_rolling":16,"lineage_count_rolling":0,"proportion":0,"proportion_ci_lower":0.000030213479978023642,"proportion_ci_upper":0.1431841379314448,"dateTime":"2021-03-20T13:00:00.000Z"},{"date":"2021-03-22","total_count":5,"lineage_count":0,"total_count_rolling":13.428571428571429,"lineage_count_rolling":0,"proportion":0,"proportion_ci_lower":0.0000370519332987658,"proportion_ci_upper":0.17261944528205697,"dateTime":"2021-03-21T13:00:00.000Z"},{"date":"2021-03-23","total_count":7,"lineage_count":0,"total_count_rolling":10.285714285714286,"lineage_count_rolling":0,"proportion":0,"proportion_ci_lower":0.00004789043315758197,"proportion_ci_upper":0.21719626750921056,"dateTime":"2021-03-22T13:00:00.000Z"},{"date":"2021-03-24","total_count":7,"lineage_count":0,"total_count_rolling":9.714285714285714,"lineage_count_rolling":0,"proportion":0,"proportion_ci_lower":0.00004789043315758197,"proportion_ci_upper":0.21719626750921056,"dateTime":"2021-03-23T13:00:00.000Z"},{"date":"2021-03-25","total_count":6,"lineage_count":0,"total_count_rolling":9.571428571428571,"lineage_count_rolling":0,"proportion":0,"proportion_ci_lower":0.00004789043315758197,"proportion_ci_upper":0.21719626750921056,"dateTime":"2021-03-24T13:00:00.000Z"},{"date":"2021-03-26","total_count":3,"lineage_count":0,"total_count_rolling":7.571428571428571,"lineage_count_rolling":0,"proportion":0,"proportion_ci_lower":0.00005949030289440227,"proportion_ci_upper":0.26221724871718577,"dateTime":"2021-03-25T13:00:00.000Z"},{"date":"2021-03-28","total_count":1,"lineage_count":0,"total_count_rolling":4.833333333333333,"lineage_count_rolling":0,"proportion":0,"proportion_ci_lower":0.0000934206000395449,"proportion_ci_upper":0.37937714229903935,"dateTime":"2021-03-27T13:00:00.000Z"},{"date":"2021-03-29","total_count":6,"lineage_count":0,"total_count_rolling":5,"lineage_count_rolling":0,"proportion":0,"proportion_ci_lower":0.0000934206000395449,"proportion_ci_upper":0.37937714229903935,"dateTime":"2021-03-28T13:00:00.000Z"},{"date":"2021-03-30","total_count":2,"lineage_count":0,"total_count_rolling":4.166666666666667,"lineage_count_rolling":0,"proportion":0,"proportion_ci_lower":0.000115332788238275,"proportion_ci_upper":0.4447626176576397,"dateTime":"2021-03-29T13:00:00.000Z"},{"date":"2021-03-31","total_count":3,"lineage_count":0,"total_count_rolling":3.5,"lineage_count_rolling":0,"proportion":0,"proportion_ci_lower":0.000115332788238275,"proportion_ci_upper":0.4447626176576397,"dateTime":"2021-03-30T13:00:00.000Z"},{"date":"2021-04-01","total_count":4,"lineage_count":0,"total_count_rolling":3.1666666666666665,"lineage_count_rolling":0,"proportion":0,"proportion_ci_lower":0.00015063602543656854,"proportion_ci_upper":0.5355832430429506,"dateTime":"2021-03-31T13:00:00.000Z"},{"date":"2021-04-02","total_count":2,"lineage_count":0,"total_count_rolling":3,"lineage_count_rolling":0,"proportion":0,"proportion_ci_lower":0.00015063602543656854,"proportion_ci_upper":0.5355832430429506,"dateTime":"2021-04-01T13:00:00.000Z"},{"date":"2021-04-03","total_count":3,"lineage_count":0,"total_count_rolling":3,"lineage_count_rolling":0,"proportion":0,"proportion_ci_lower":0.00015063602543656854,"proportion_ci_upper":0.5355832430429506,"dateTime":"2021-04-02T13:00:00.000Z"},{"date":"2021-04-04","total_count":4,"lineage_count":0,"total_count_rolling":3.4285714285714284,"lineage_count_rolling":0,"proportion":0,"proportion_ci_lower":0.00015063602543656854,"proportion_ci_upper":0.5355832430429506,"dateTime":"2021-04-03T13:00:00.000Z"},{"date":"2021-04-05","total_count":4,"lineage_count":0,"total_count_rolling":3.142857142857143,"lineage_count_rolling":0,"proportion":0,"proportion_ci_lower":0.00015063602543656854,"proportion_ci_upper":0.5355832430429506,"dateTime":"2021-04-04T14:00:00.000Z"},{"date":"2021-04-06","total_count":6,"lineage_count":0,"total_count_rolling":3.7142857142857144,"lineage_count_rolling":0,"proportion":0,"proportion_ci_lower":0.000115332788238275,"proportion_ci_upper":0.4447626176576397,"dateTime":"2021-04-05T14:00:00.000Z"},{"date":"2021-04-07","total_count":1,"lineage_count":0,"total_count_rolling":3.4285714285714284,"lineage_count_rolling":0,"proportion":0,"proportion_ci_lower":0.00015063602543656854,"proportion_ci_upper":0.5355832430429506,"dateTime":"2021-04-06T14:00:00.000Z"},{"date":"2021-04-08","total_count":1,"lineage_count":0,"total_count_rolling":3,"lineage_count_rolling":0,"proportion":0,"proportion_ci_lower":0.00015063602543656854,"proportion_ci_upper":0.5355832430429506,"dateTime":"2021-04-07T14:00:00.000Z"},{"date":"2021-04-09","total_count":6,"lineage_count":0,"total_count_rolling":3.5714285714285716,"lineage_count_rolling":0,"proportion":0,"proportion_ci_lower":0.000115332788238275,"proportion_ci_upper":0.4447626176576397,"dateTime":"2021-04-08T14:00:00.000Z"},{"date":"2021-04-10","total_count":3,"lineage_count":0,"total_count_rolling":3.5714285714285716,"lineage_count_rolling":0,"proportion":0,"proportion_ci_lower":0.000115332788238275,"proportion_ci_upper":0.4447626176576397,"dateTime":"2021-04-09T14:00:00.000Z"},{"date":"2021-04-11","total_count":2,"lineage_count":0,"total_count_rolling":3.2857142857142856,"lineage_count_rolling":0,"proportion":0,"proportion_ci_lower":0.00015063602543656854,"proportion_ci_upper":0.5355832430429506,"dateTime":"2021-04-10T14:00:00.000Z"},{"date":"2021-04-12","total_count":2,"lineage_count":0,"total_count_rolling":3,"lineage_count_rolling":0,"proportion":0,"proportion_ci_lower":0.00015063602543656854,"proportion_ci_upper":0.5355832430429506,"dateTime":"2021-04-11T14:00:00.000Z"},{"date":"2021-04-13","total_count":1,"lineage_count":0,"total_count_rolling":2.2857142857142856,"lineage_count_rolling":0,"proportion":0,"proportion_ci_lower":0.00021690847003096627,"proportion_ci_upper":0.6668217544012093,"dateTime":"2021-04-12T14:00:00.000Z"},{"date":"2021-04-14","total_count":3,"lineage_count":0,"total_count_rolling":2.5714285714285716,"lineage_count_rolling":0,"proportion":0,"proportion_ci_lower":0.00015063602543656854,"proportion_ci_upper":0.5355832430429506,"dateTime":"2021-04-13T14:00:00.000Z"},{"date":"2021-04-15","total_count":3,"lineage_count":0,"total_count_rolling":2.857142857142857,"lineage_count_rolling":0,"proportion":0,"proportion_ci_lower":0.00015063602543656854,"proportion_ci_upper":0.5355832430429506,"dateTime":"2021-04-14T14:00:00.000Z"},{"date":"2021-04-16","total_count":5,"lineage_count":0,"total_count_rolling":2.7142857142857144,"lineage_count_rolling":0,"proportion":0,"proportion_ci_lower":0.00015063602543656854,"proportion_ci_upper":0.5355832430429506,"dateTime":"2021-04-15T14:00:00.000Z"},{"date":"2021-04-17","total_count":8,"lineage_count":0,"total_count_rolling":3.4285714285714284,"lineage_count_rolling":0,"proportion":0,"proportion_ci_lower":0.00015063602543656854,"proportion_ci_upper":0.5355832430429506,"dateTime":"2021-04-16T14:00:00.000Z"},{"date":"2021-04-18","total_count":1,"lineage_count":0,"total_count_rolling":3.2857142857142856,"lineage_count_rolling":0,"proportion":0,"proportion_ci_lower":0.00015063602543656854,"proportion_ci_upper":0.5355832430429506,"dateTime":"2021-04-17T14:00:00.000Z"},{"date":"2021-04-19","total_count":8,"lineage_count":0,"total_count_rolling":4.142857142857143,"lineage_count_rolling":0,"proportion":0,"proportion_ci_lower":0.000115332788238275,"proportion_ci_upper":0.4447626176576397,"dateTime":"2021-04-18T14:00:00.000Z"},{"date":"2021-04-20","total_count":6,"lineage_count":0,"total_count_rolling":4.857142857142857,"lineage_count_rolling":0,"proportion":0,"proportion_ci_lower":0.0000934206000395449,"proportion_ci_upper":0.37937714229903935,"dateTime":"2021-04-19T14:00:00.000Z"},{"date":"2021-04-21","total_count":9,"lineage_count":0,"total_count_rolling":5.714285714285714,"lineage_count_rolling":0,"proportion":0,"proportion_ci_lower":0.0000784998483662081,"proportion_ci_upper":0.33038890915155017,"dateTime":"2021-04-20T14:00:00.000Z"},{"date":"2021-04-22","total_count":6,"lineage_count":0,"total_count_rolling":6.142857142857143,"lineage_count_rolling":0,"proportion":0,"proportion_ci_lower":0.0000784998483662081,"proportion_ci_upper":0.33038890915155017,"dateTime":"2021-04-21T14:00:00.000Z"},{"date":"2021-04-23","total_count":3,"lineage_count":0,"total_count_rolling":5.857142857142857,"lineage_count_rolling":0,"proportion":0,"proportion_ci_lower":0.0000784998483662081,"proportion_ci_upper":0.33038890915155017,"dateTime":"2021-04-22T14:00:00.000Z"},{"date":"2021-04-25","total_count":13,"lineage_count":0,"total_count_rolling":7.5,"lineage_count_rolling":0,"proportion":0,"proportion_ci_lower":0.00005949030289440227,"proportion_ci_upper":0.26221724871718577,"dateTime":"2021-04-24T14:00:00.000Z"},{"date":"2021-04-26","total_count":5,"lineage_count":0,"total_count_rolling":7,"lineage_count_rolling":0,"proportion":0,"proportion_ci_lower":0.00006768646424383031,"proportion_ci_upper":0.29243617366230995,"dateTime":"2021-04-25T14:00:00.000Z"},{"date":"2021-04-27","total_count":7,"lineage_count":0,"total_count_rolling":7.166666666666667,"lineage_count_rolling":0,"proportion":0,"proportion_ci_lower":0.00006768646424383031,"proportion_ci_upper":0.29243617366230995,"dateTime":"2021-04-26T14:00:00.000Z"},{"date":"2021-04-28","total_count":6,"lineage_count":0,"total_count_rolling":6.666666666666667,"lineage_count_rolling":0,"proportion":0,"proportion_ci_lower":0.00006768646424383031,"proportion_ci_upper":0.29243617366230995,"dateTime":"2021-04-27T14:00:00.000Z"},{"date":"2021-04-29","total_count":14,"lineage_count":0,"total_count_rolling":8,"lineage_count_rolling":0,"proportion":0,"proportion_ci_lower":0.00005949030289440227,"proportion_ci_upper":0.26221724871718577,"dateTime":"2021-04-28T14:00:00.000Z"},{"date":"2021-04-30","total_count":13,"lineage_count":0,"total_count_rolling":9.666666666666666,"lineage_count_rolling":0,"proportion":0,"proportion_ci_lower":0.00004789043315758197,"proportion_ci_upper":0.21719626750921056,"dateTime":"2021-04-29T14:00:00.000Z"},{"date":"2021-05-01","total_count":10,"lineage_count":0,"total_count_rolling":9.714285714285714,"lineage_count_rolling":0,"proportion":0,"proportion_ci_lower":0.00004789043315758197,"proportion_ci_upper":0.21719626750921056,"dateTime":"2021-04-30T14:00:00.000Z"},{"date":"2021-05-02","total_count":1,"lineage_count":0,"total_count_rolling":8,"lineage_count_rolling":0,"proportion":0,"proportion_ci_lower":0.00005949030289440227,"proportion_ci_upper":0.26221724871718577,"dateTime":"2021-05-01T14:00:00.000Z"},{"date":"2021-05-03","total_count":18,"lineage_count":0,"total_count_rolling":9.857142857142858,"lineage_count_rolling":0,"proportion":0,"proportion_ci_lower":0.00004789043315758197,"proportion_ci_upper":0.21719626750921056,"dateTime":"2021-05-02T14:00:00.000Z"},{"date":"2021-05-04","total_count":12,"lineage_count":0,"total_count_rolling":10.571428571428571,"lineage_count_rolling":0,"proportion":0,"proportion_ci_lower":0.00004363579814218975,"proportion_ci_upper":0.19999456902620805,"dateTime":"2021-05-03T14:00:00.000Z"},{"date":"2021-05-05","total_count":15,"lineage_count":0,"total_count_rolling":11.857142857142858,"lineage_count_rolling":0,"proportion":0,"proportion_ci_lower":0.00004007531007659888,"proportion_ci_upper":0.18530593831248504,"dateTime":"2021-05-04T14:00:00.000Z"},{"date":"2021-05-06","total_count":4,"lineage_count":0,"total_count_rolling":10.428571428571429,"lineage_count_rolling":0,"proportion":0,"proportion_ci_lower":0.00004789043315758197,"proportion_ci_upper":0.21719626750921056,"dateTime":"2021-05-05T14:00:00.000Z"},{"date":"2021-05-07","total_count":2,"lineage_count":0,"total_count_rolling":8.857142857142858,"lineage_count_rolling":0,"proportion":0,"proportion_ci_lower":0.00005306405341849297,"proportion_ci_upper":0.23761009863290297,"dateTime":"2021-05-06T14:00:00.000Z"},{"date":"2021-05-08","total_count":4,"lineage_count":0,"total_count_rolling":8,"lineage_count_rolling":0,"proportion":0,"proportion_ci_lower":0.00005949030289440227,"proportion_ci_upper":0.26221724871718577,"dateTime":"2021-05-07T14:00:00.000Z"},{"date":"2021-05-09","total_count":1,"lineage_count":0,"total_count_rolling":8,"lineage_count_rolling":0,"proportion":0,"proportion_ci_lower":0.00005949030289440227,"proportion_ci_upper":0.26221724871718577,"dateTime":"2021-05-08T14:00:00.000Z"},{"date":"2021-05-10","total_count":16,"lineage_count":0,"total_count_rolling":7.714285714285714,"lineage_count_rolling":0,"proportion":0,"proportion_ci_lower":0.00005949030289440227,"proportion_ci_upper":0.26221724871718577,"dateTime":"2021-05-09T14:00:00.000Z"},{"date":"2021-05-11","total_count":7,"lineage_count":0,"total_count_rolling":7,"lineage_count_rolling":0,"proportion":0,"proportion_ci_lower":0.00006768646424383031,"proportion_ci_upper":0.29243617366230995,"dateTime":"2021-05-10T14:00:00.000Z"},{"date":"2021-05-12","total_count":4,"lineage_count":0,"total_count_rolling":5.428571428571429,"lineage_count_rolling":0,"proportion":0,"proportion_ci_lower":0.0000934206000395449,"proportion_ci_upper":0.37937714229903935,"dateTime":"2021-05-11T14:00:00.000Z"},{"date":"2021-05-13","total_count":2,"lineage_count":0,"total_count_rolling":5.142857142857143,"lineage_count_rolling":0,"proportion":0,"proportion_ci_lower":0.0000934206000395449,"proportion_ci_upper":0.37937714229903935,"dateTime":"2021-05-12T14:00:00.000Z"},{"date":"2021-05-14","total_count":7,"lineage_count":0,"total_count_rolling":5.857142857142857,"lineage_count_rolling":0,"proportion":0,"proportion_ci_lower":0.0000784998483662081,"proportion_ci_upper":0.33038890915155017,"dateTime":"2021-05-13T14:00:00.000Z"},{"date":"2021-05-15","total_count":13,"lineage_count":0,"total_count_rolling":7.142857142857143,"lineage_count_rolling":0,"proportion":0,"proportion_ci_lower":0.00006768646424383031,"proportion_ci_upper":0.29243617366230995,"dateTime":"2021-05-14T14:00:00.000Z"},{"date":"2021-05-16","total_count":2,"lineage_count":0,"total_count_rolling":7.285714285714286,"lineage_count_rolling":0,"proportion":0,"proportion_ci_lower":0.00006768646424383031,"proportion_ci_upper":0.29243617366230995,"dateTime":"2021-05-15T14:00:00.000Z"},{"date":"2021-05-17","total_count":2,"lineage_count":0,"total_count_rolling":5.285714285714286,"lineage_count_rolling":0,"proportion":0,"proportion_ci_lower":0.0000934206000395449,"proportion_ci_upper":0.37937714229903935,"dateTime":"2021-05-16T14:00:00.000Z"},{"date":"2021-05-18","total_count":5,"lineage_count":0,"total_count_rolling":5,"lineage_count_rolling":0,"proportion":0,"proportion_ci_lower":0.0000934206000395449,"proportion_ci_upper":0.37937714229903935,"dateTime":"2021-05-17T14:00:00.000Z"},{"date":"2021-05-19","total_count":2,"lineage_count":0,"total_count_rolling":4.714285714285714,"lineage_count_rolling":0,"proportion":0,"proportion_ci_lower":0.0000934206000395449,"proportion_ci_upper":0.37937714229903935,"dateTime":"2021-05-18T14:00:00.000Z"},{"date":"2021-05-20","total_count":3,"lineage_count":0,"total_count_rolling":4.857142857142857,"lineage_count_rolling":0,"proportion":0,"proportion_ci_lower":0.0000934206000395449,"proportion_ci_upper":0.37937714229903935,"dateTime":"2021-05-19T14:00:00.000Z"},{"date":"2021-05-21","total_count":29,"lineage_count":0,"total_count_rolling":8,"lineage_count_rolling":0,"proportion":0,"proportion_ci_lower":0.00005949030289440227,"proportion_ci_upper":0.26221724871718577,"dateTime":"2021-05-20T14:00:00.000Z"},{"date":"2021-05-22","total_count":5,"lineage_count":0,"total_count_rolling":6.857142857142857,"lineage_count_rolling":0,"proportion":0,"proportion_ci_lower":0.00006768646424383031,"proportion_ci_upper":0.29243617366230995,"dateTime":"2021-05-21T14:00:00.000Z"},{"date":"2021-05-23","total_count":5,"lineage_count":0,"total_count_rolling":7.285714285714286,"lineage_count_rolling":0,"proportion":0,"proportion_ci_lower":0.00006768646424383031,"proportion_ci_upper":0.29243617366230995,"dateTime":"2021-05-22T14:00:00.000Z"},{"date":"2021-05-24","total_count":7,"lineage_count":0,"total_count_rolling":8,"lineage_count_rolling":0,"proportion":0,"proportion_ci_lower":0.00005949030289440227,"proportion_ci_upper":0.26221724871718577,"dateTime":"2021-05-23T14:00:00.000Z"},{"date":"2021-05-25","total_count":19,"lineage_count":0,"total_count_rolling":10,"lineage_count_rolling":0,"proportion":0,"proportion_ci_lower":0.00004789043315758197,"proportion_ci_upper":0.21719626750921056,"dateTime":"2021-05-24T14:00:00.000Z"},{"date":"2021-05-26","total_count":32,"lineage_count":0,"total_count_rolling":14.285714285714286,"lineage_count_rolling":0,"proportion":0,"proportion_ci_lower":0.00003445267180200587,"proportion_ci_upper":0.16155330451419395,"dateTime":"2021-05-25T14:00:00.000Z"},{"date":"2021-05-27","total_count":24,"lineage_count":0,"total_count_rolling":17.285714285714285,"lineage_count_rolling":0,"proportion":0,"proportion_ci_lower":0.000028462377723109497,"proportion_ci_upper":0.1354784378916884,"dateTime":"2021-05-26T14:00:00.000Z"},{"date":"2021-05-28","total_count":10,"lineage_count":0,"total_count_rolling":14.571428571428571,"lineage_count_rolling":0,"proportion":0,"proportion_ci_lower":0.000032194144323726923,"proportion_ci_upper":0.15181666211439768,"dateTime":"2021-05-27T14:00:00.000Z"},{"date":"2021-05-29","total_count":20,"lineage_count":0,"total_count_rolling":16.714285714285715,"lineage_count_rolling":0,"proportion":0,"proportion_ci_lower":0.000028462377723109497,"proportion_ci_upper":0.1354784378916884,"dateTime":"2021-05-28T14:00:00.000Z"},{"date":"2021-05-30","total_count":23,"lineage_count":0,"total_count_rolling":19.285714285714285,"lineage_count_rolling":0,"proportion":0,"proportion_ci_lower":0.000025505812625695268,"proportion_ci_upper":0.12230940431991393,"dateTime":"2021-05-29T14:00:00.000Z"},{"date":"2021-05-31","total_count":24,"lineage_count":0,"total_count_rolling":21.714285714285715,"lineage_count_rolling":0,"proportion":0,"proportion_ci_lower":0.000022067332398350842,"proportion_ci_upper":0.10673971791178566,"dateTime":"2021-05-30T14:00:00.000Z"},{"date":"2021-06-01","total_count":31,"lineage_count":0,"total_count_rolling":23.428571428571427,"lineage_count_rolling":0,"proportion":0,"proportion_ci_lower":0.00002111832201730757,"proportion_ci_upper":0.10239382809160794,"dateTime":"2021-05-31T14:00:00.000Z"},{"date":"2021-06-02","total_count":19,"lineage_count":0,"total_count_rolling":21.571428571428573,"lineage_count_rolling":0,"proportion":0,"proportion_ci_lower":0.000022067332398350842,"proportion_ci_upper":0.10673971791178566,"dateTime":"2021-06-01T14:00:00.000Z"},{"date":"2021-06-03","total_count":9,"lineage_count":0,"total_count_rolling":19.428571428571427,"lineage_count_rolling":0,"proportion":0,"proportion_ci_lower":0.000025505812625695268,"proportion_ci_upper":0.12230940431991393,"dateTime":"2021-06-02T14:00:00.000Z"},{"date":"2021-06-04","total_count":15,"lineage_count":0,"total_count_rolling":20.142857142857142,"lineage_count_rolling":0,"proportion":0,"proportion_ci_lower":0.000024246478459242777,"proportion_ci_upper":0.11663898290487537,"dateTime":"2021-06-03T14:00:00.000Z"},{"date":"2021-06-05","total_count":22,"lineage_count":0,"total_count_rolling":20.428571428571427,"lineage_count_rolling":0,"proportion":0,"proportion_ci_lower":0.000024246478459242777,"proportion_ci_upper":0.11663898290487537,"dateTime":"2021-06-04T14:00:00.000Z"},{"date":"2021-06-06","total_count":16,"lineage_count":0,"total_count_rolling":19.428571428571427,"lineage_count_rolling":0,"proportion":0,"proportion_ci_lower":0.000025505812625695268,"proportion_ci_upper":0.12230940431991393,"dateTime":"2021-06-05T14:00:00.000Z"},{"date":"2021-06-07","total_count":36,"lineage_count":0,"total_count_rolling":21.142857142857142,"lineage_count_rolling":0,"proportion":0,"proportion_ci_lower":0.00002310564264915348,"proportion_ci_upper":0.11147031619304093,"dateTime":"2021-06-06T14:00:00.000Z"},{"date":"2021-06-08","total_count":21,"lineage_count":0,"total_count_rolling":19.714285714285715,"lineage_count_rolling":0,"proportion":0,"proportion_ci_lower":0.000024246478459242777,"proportion_ci_upper":0.11663898290487537,"dateTime":"2021-06-07T14:00:00.000Z"},{"date":"2021-06-09","total_count":22,"lineage_count":0,"total_count_rolling":20.142857142857142,"lineage_count_rolling":0,"proportion":0,"proportion_ci_lower":0.000024246478459242777,"proportion_ci_upper":0.11663898290487537,"dateTime":"2021-06-08T14:00:00.000Z"},{"date":"2021-06-10","total_count":12,"lineage_count":0,"total_count_rolling":20.571428571428573,"lineage_count_rolling":0,"proportion":0,"proportion_ci_lower":0.00002310564264915348,"proportion_ci_upper":0.11147031619304093,"dateTime":"2021-06-09T14:00:00.000Z"},{"date":"2021-06-11","total_count":7,"lineage_count":0,"total_count_rolling":19.428571428571427,"lineage_count_rolling":0,"proportion":0,"proportion_ci_lower":0.000025505812625695268,"proportion_ci_upper":0.12230940431991393,"dateTime":"2021-06-10T14:00:00.000Z"},{"date":"2021-06-12","total_count":1,"lineage_count":0,"total_count_rolling":16.428571428571427,"lineage_count_rolling":0,"proportion":0,"proportion_ci_lower":0.000030213479978023642,"proportion_ci_upper":0.1431841379314448,"dateTime":"2021-06-11T14:00:00.000Z"},{"date":"2021-06-13","total_count":4,"lineage_count":0,"total_count_rolling":14.714285714285714,"lineage_count_rolling":0,"proportion":0,"proportion_ci_lower":0.000032194144323726923,"proportion_ci_upper":0.15181666211439768,"dateTime":"2021-06-12T14:00:00.000Z"},{"date":"2021-06-14","total_count":24,"lineage_count":0,"total_count_rolling":13,"lineage_count_rolling":0,"proportion":0,"proportion_ci_lower":0.0000370519332987658,"proportion_ci_upper":0.17261944528205697,"dateTime":"2021-06-13T14:00:00.000Z"},{"date":"2021-06-15","total_count":21,"lineage_count":0,"total_count_rolling":13,"lineage_count_rolling":0,"proportion":0,"proportion_ci_lower":0.0000370519332987658,"proportion_ci_upper":0.17261944528205697,"dateTime":"2021-06-14T14:00:00.000Z"},{"date":"2021-06-16","total_count":31,"lineage_count":0,"total_count_rolling":14.285714285714286,"lineage_count_rolling":0,"proportion":0,"proportion_ci_lower":0.00003445267180200587,"proportion_ci_upper":0.16155330451419395,"dateTime":"2021-06-15T14:00:00.000Z"},{"date":"2021-06-17","total_count":20,"lineage_count":0,"total_count_rolling":15.428571428571429,"lineage_count_rolling":0,"proportion":0,"proportion_ci_lower":0.000032194144323726923,"proportion_ci_upper":0.15181666211439768,"dateTime":"2021-06-16T14:00:00.000Z"},{"date":"2021-06-18","total_count":27,"lineage_count":0,"total_count_rolling":18.285714285714285,"lineage_count_rolling":0,"proportion":0,"proportion_ci_lower":0.00002690311730090928,"proportion_ci_upper":0.12855821182175955,"dateTime":"2021-06-17T14:00:00.000Z"},{"date":"2021-06-19","total_count":22,"lineage_count":0,"total_count_rolling":21.285714285714285,"lineage_count_rolling":0,"proportion":0,"proportion_ci_lower":0.00002310564264915348,"proportion_ci_upper":0.11147031619304093,"dateTime":"2021-06-18T14:00:00.000Z"},{"date":"2021-06-20","total_count":8,"lineage_count":0,"total_count_rolling":21.857142857142858,"lineage_count_rolling":0,"proportion":0,"proportion_ci_lower":0.000022067332398350842,"proportion_ci_upper":0.10673971791178566,"dateTime":"2021-06-19T14:00:00.000Z"},{"date":"2021-06-21","total_count":22,"lineage_count":0,"total_count_rolling":21.571428571428573,"lineage_count_rolling":0,"proportion":0,"proportion_ci_lower":0.000022067332398350842,"proportion_ci_upper":0.10673971791178566,"dateTime":"2021-06-20T14:00:00.000Z"},{"date":"2021-06-22","total_count":18,"lineage_count":0,"total_count_rolling":21.142857142857142,"lineage_count_rolling":0,"proportion":0,"proportion_ci_lower":0.00002310564264915348,"proportion_ci_upper":0.11147031619304093,"dateTime":"2021-06-21T14:00:00.000Z"},{"date":"2021-06-23","total_count":6,"lineage_count":0,"total_count_rolling":17.571428571428573,"lineage_count_rolling":0,"proportion":0,"proportion_ci_lower":0.00002690311730090928,"proportion_ci_upper":0.12855821182175955,"dateTime":"2021-06-22T14:00:00.000Z"},{"date":"2021-06-24","total_count":15,"lineage_count":0,"total_count_rolling":16.857142857142858,"lineage_count_rolling":0,"proportion":0,"proportion_ci_lower":0.000028462377723109497,"proportion_ci_upper":0.1354784378916884,"dateTime":"2021-06-23T14:00:00.000Z"},{"date":"2021-06-25","total_count":23,"lineage_count":0,"total_count_rolling":16.285714285714285,"lineage_count_rolling":0,"proportion":0,"proportion_ci_lower":0.000030213479978023642,"proportion_ci_upper":0.1431841379314448,"dateTime":"2021-06-24T14:00:00.000Z"},{"date":"2021-06-26","total_count":18,"lineage_count":0,"total_count_rolling":15.714285714285714,"lineage_count_rolling":0,"proportion":0,"proportion_ci_lower":0.000030213479978023642,"proportion_ci_upper":0.1431841379314448,"dateTime":"2021-06-25T14:00:00.000Z"},{"date":"2021-06-27","total_count":8,"lineage_count":0,"total_count_rolling":15.714285714285714,"lineage_count_rolling":0,"proportion":0,"proportion_ci_lower":0.000030213479978023642,"proportion_ci_upper":0.1431841379314448,"dateTime":"2021-06-26T14:00:00.000Z"},{"date":"2021-06-28","total_count":36,"lineage_count":0,"total_count_rolling":17.714285714285715,"lineage_count_rolling":0,"proportion":0,"proportion_ci_lower":0.00002690311730090928,"proportion_ci_upper":0.12855821182175955,"dateTime":"2021-06-27T14:00:00.000Z"},{"date":"2021-07-02","total_count":1,"lineage_count":0,"total_count_rolling":15.75,"lineage_count_rolling":0,"proportion":0,"proportion_ci_lower":0.000030213479978023642,"proportion_ci_upper":0.1431841379314448,"dateTime":"2021-07-01T14:00:00.000Z"},{"date":"2021-07-03","total_count":13,"lineage_count":0,"total_count_rolling":14.5,"lineage_count_rolling":0,"proportion":0,"proportion_ci_lower":0.00003445267180200587,"proportion_ci_upper":0.16155330451419395,"dateTime":"2021-07-02T14:00:00.000Z"}]			
"B.1.617.1"	"pangolin_lineage=B.1.617.1"	"Variant of Interest"	{"pango":"B.1.617.1","loc":[],"selected":"IDN"}	[]			
"B.1.617.3"	"pangolin_lineage=B.1.617.3"	"Variant of Interest"	{"pango":"B.1.617.3","loc":[],"selected":"IDN"}	[]			
"C.36.3"	"pangolin_lineage=C.36.3"	"Variant of Interest"	{"pango":"C.36.3","loc":[],"selected":"IDN"}	[]			
"C.37"	"pangolin_lineage=C.37"	"Variant of Interest"	{"pango":"C.37","loc":[],"selected":"IDN"}	[]			
"P.2"	"pangolin_lineage=P.2"	"Variant of Interest"	{"pango":"P.2","loc":[],"selected":"IDN"}	[]			
"P.3"	"pangolin_lineage=P.3"	"Variant of Interest"	{"pango":"P.3","loc":[],"selected":"IDN"}	[]			
"B.1.619"	"pangolin_lineage=B.1.619"	"Custom Lineages & Mutations"	{"pango":"B.1.619"}	[]		"pango"	"B.1.619"
"B.1.620"	"pangolin_lineage=B.1.620"	"Custom Lineages & Mutations"	{"pango":"B.1.620"}	[]		"pango"	"B.1.620"
"B.1.621"	"pangolin_lineage=B.1.621"	"Custom Lineages & Mutations"	{"pango":"B.1.621"}	[]		"pango"	"B.1.621"
