label	query	variantType	route	data	source
"AY.1"	"pangolin_lineage=AY.1"	"Variant of Concern"	{"pango":"AY.1","loc":[],"selected":"PER"}	[]	
"AY.2"	"pangolin_lineage=AY.2"	"Variant of Concern"	{"pango":"AY.2","loc":[],"selected":"PER"}	[]	
"B.1.1.7"	"pangolin_lineage=B.1.1.7"	"Variant of Concern"	{"pango":"B.1.1.7","loc":[],"selected":"PER"}	[]	
"B.1.1.7 + S:E484K"	"pangolin_lineage=B.1.1.7&mutations=S:E484K"	"Variant of Concern"	{"pango":"B.1.1.7","muts":["S:E484K"],"loc":[],"selected":"PER"}	[]	
"B.1.351"	"pangolin_lineage=B.1.351"	"Variant of Concern"	{"pango":"B.1.351","selected":"PER","loc":[]}	[]	
"B.1.617.2"	"pangolin_lineage=B.1.617.2"	"Variant of Concern"	{"pango":"B.1.617.2","loc":[],"selected":"PER"}	[]	
"P.1"	"pangolin_lineage=P.1"	"Variant of Concern"	{"pango":"P.1","selected":"PER","loc":[]}	[{"date":"2020-12-17","total_count":7,"lineage_count":1,"total_count_rolling":7,"lineage_count_rolling":1,"proportion":0.14285714285714285,"proportion_ci_lower":0.01587652421274681,"proportion_ci_upper":0.5007974616190776,"dateTime":"2020-12-16T13:00:00.000Z"},{"date":"2020-12-18","total_count":10,"lineage_count":0,"total_count_rolling":8.5,"lineage_count_rolling":0.5,"proportion":0.058823529411764705,"proportion_ci_lower":0.00005949030289440227,"proportion_ci_upper":0.26221724871718577,"dateTime":"2020-12-17T13:00:00.000Z"},{"date":"2020-12-19","total_count":2,"lineage_count":0,"total_count_rolling":6.333333333333333,"lineage_count_rolling":0.3333333333333333,"proportion":0.05263157894736842,"proportion_ci_lower":0.0000784998483662081,"proportion_ci_upper":0.33038890915155017,"dateTime":"2020-12-18T13:00:00.000Z"},{"date":"2020-12-20","total_count":1,"lineage_count":0,"total_count_rolling":5,"lineage_count_rolling":0.25,"proportion":0.05,"proportion_ci_lower":0.0000934206000395449,"proportion_ci_upper":0.37937714229903935,"dateTime":"2020-12-19T13:00:00.000Z"},{"date":"2020-12-21","total_count":2,"lineage_count":0,"total_count_rolling":4.4,"lineage_count_rolling":0.2,"proportion":0.045454545454545456,"proportion_ci_lower":0.000115332788238275,"proportion_ci_upper":0.4447626176576397,"dateTime":"2020-12-20T13:00:00.000Z"},{"date":"2020-12-22","total_count":7,"lineage_count":0,"total_count_rolling":4.833333333333333,"lineage_count_rolling":0.16666666666666666,"proportion":0.034482758620689655,"proportion_ci_lower":0.0000934206000395449,"proportion_ci_upper":0.37937714229903935,"dateTime":"2020-12-21T13:00:00.000Z"},{"date":"2020-12-23","total_count":7,"lineage_count":1,"total_count_rolling":5.142857142857143,"lineage_count_rolling":0.2857142857142857,"proportion":0.055555555555555546,"proportion_ci_lower":0.0000934206000395449,"proportion_ci_upper":0.37937714229903935,"dateTime":"2020-12-22T13:00:00.000Z"},{"date":"2020-12-25","total_count":1,"lineage_count":1,"total_count_rolling":3.3333333333333335,"lineage_count_rolling":0.3333333333333333,"proportion":0.09999999999999999,"proportion_ci_lower":0.00015063602543656854,"proportion_ci_upper":0.5355832430429506,"dateTime":"2020-12-24T13:00:00.000Z"},{"date":"2020-12-26","total_count":3,"lineage_count":0,"total_count_rolling":3.5,"lineage_count_rolling":0.3333333333333333,"proportion":0.09523809523809523,"proportion_ci_lower":0.000115332788238275,"proportion_ci_upper":0.4447626176576397,"dateTime":"2020-12-25T13:00:00.000Z"},{"date":"2020-12-27","total_count":3,"lineage_count":1,"total_count_rolling":3.8333333333333335,"lineage_count_rolling":0.5,"proportion":0.13043478260869565,"proportion_ci_lower":0.000115332788238275,"proportion_ci_upper":0.4447626176576397,"dateTime":"2020-12-26T13:00:00.000Z"},{"date":"2020-12-28","total_count":5,"lineage_count":0,"total_count_rolling":4.333333333333333,"lineage_count_rolling":0.5,"proportion":0.11538461538461539,"proportion_ci_lower":0.000115332788238275,"proportion_ci_upper":0.4447626176576397,"dateTime":"2020-12-27T13:00:00.000Z"},{"date":"2020-12-29","total_count":14,"lineage_count":2,"total_count_rolling":5.5,"lineage_count_rolling":0.8333333333333334,"proportion":0.15151515151515152,"proportion_ci_lower":0.018620127119442182,"proportion_ci_upper":0.5580567736092482,"dateTime":"2020-12-28T13:00:00.000Z"},{"date":"2020-12-30","total_count":7,"lineage_count":2,"total_count_rolling":5.5,"lineage_count_rolling":1,"proportion":0.18181818181818182,"proportion_ci_lower":0.018620127119442182,"proportion_ci_upper":0.5580567736092482,"dateTime":"2020-12-29T13:00:00.000Z"},{"date":"2020-12-31","total_count":6,"lineage_count":0,"total_count_rolling":5.571428571428571,"lineage_count_rolling":0.8571428571428571,"proportion":0.15384615384615385,"proportion_ci_lower":0.018620127119442182,"proportion_ci_upper":0.5580567736092482,"dateTime":"2020-12-30T13:00:00.000Z"},{"date":"2021-01-01","total_count":22,"lineage_count":0,"total_count_rolling":8.571428571428571,"lineage_count_rolling":0.7142857142857143,"proportion":0.08333333333333334,"proportion_ci_lower":0.01226408762161946,"proportion_ci_upper":0.41446927744053264,"dateTime":"2020-12-31T13:00:00.000Z"},{"date":"2021-01-02","total_count":4,"lineage_count":0,"total_count_rolling":8.714285714285714,"lineage_count_rolling":0.7142857142857143,"proportion":0.0819672131147541,"proportion_ci_lower":0.01226408762161946,"proportion_ci_upper":0.41446927744053264,"dateTime":"2021-01-01T13:00:00.000Z"},{"date":"2021-01-03","total_count":6,"lineage_count":0,"total_count_rolling":9.142857142857142,"lineage_count_rolling":0.5714285714285714,"proportion":0.0625,"proportion_ci_lower":0.01226408762161946,"proportion_ci_upper":0.41446927744053264,"dateTime":"2021-01-02T13:00:00.000Z"},{"date":"2021-01-04","total_count":4,"lineage_count":1,"total_count_rolling":9,"lineage_count_rolling":0.7142857142857143,"proportion":0.07936507936507936,"proportion_ci_lower":0.01226408762161946,"proportion_ci_upper":0.41446927744053264,"dateTime":"2021-01-03T13:00:00.000Z"},{"date":"2021-01-05","total_count":7,"lineage_count":3,"total_count_rolling":8,"lineage_count_rolling":0.8571428571428571,"proportion":0.10714285714285714,"proportion_ci_lower":0.013838233790320764,"proportion_ci_upper":0.45371932103241464,"dateTime":"2021-01-04T13:00:00.000Z"},{"date":"2021-01-06","total_count":2,"lineage_count":0,"total_count_rolling":7.285714285714286,"lineage_count_rolling":0.5714285714285714,"proportion":0.0784313725490196,"proportion_ci_lower":0.01587652421274681,"proportion_ci_upper":0.5007974616190776,"dateTime":"2021-01-05T13:00:00.000Z"},{"date":"2021-01-07","total_count":4,"lineage_count":1,"total_count_rolling":7,"lineage_count_rolling":0.7142857142857143,"proportion":0.10204081632653061,"proportion_ci_lower":0.01587652421274681,"proportion_ci_upper":0.5007974616190776,"dateTime":"2021-01-06T13:00:00.000Z"},{"date":"2021-01-08","total_count":5,"lineage_count":1,"total_count_rolling":4.571428571428571,"lineage_count_rolling":0.8571428571428571,"proportion":0.1875,"proportion_ci_lower":0.022512765999155134,"proportion_ci_upper":0.6286264006319943,"dateTime":"2021-01-07T13:00:00.000Z"},{"date":"2021-01-09","total_count":1,"lineage_count":0,"total_count_rolling":4.142857142857143,"lineage_count_rolling":0.8571428571428571,"proportion":0.2068965517241379,"proportion_ci_lower":0.02847089508714681,"proportion_ci_upper":0.7162483204365873,"dateTime":"2021-01-08T13:00:00.000Z"},{"date":"2021-01-11","total_count":4,"lineage_count":2,"total_count_rolling":3.8333333333333335,"lineage_count_rolling":1.1666666666666667,"proportion":0.30434782608695654,"proportion_ci_lower":0.02847089508714681,"proportion_ci_upper":0.7162483204365873,"dateTime":"2021-01-10T13:00:00.000Z"},{"date":"2021-01-12","total_count":9,"lineage_count":0,"total_count_rolling":4.166666666666667,"lineage_count_rolling":0.6666666666666666,"proportion":0.15999999999999998,"proportion_ci_lower":0.02847089508714681,"proportion_ci_upper":0.7162483204365873,"dateTime":"2021-01-11T13:00:00.000Z"},{"date":"2021-01-13","total_count":2,"lineage_count":1,"total_count_rolling":4.166666666666667,"lineage_count_rolling":0.8333333333333334,"proportion":0.19999999999999998,"proportion_ci_lower":0.02847089508714681,"proportion_ci_upper":0.7162483204365873,"dateTime":"2021-01-12T13:00:00.000Z"},{"date":"2021-01-14","total_count":1,"lineage_count":0,"total_count_rolling":3.6666666666666665,"lineage_count_rolling":0.6666666666666666,"proportion":0.18181818181818182,"proportion_ci_lower":0.02847089508714681,"proportion_ci_upper":0.7162483204365873,"dateTime":"2021-01-13T13:00:00.000Z"},{"date":"2021-01-15","total_count":1,"lineage_count":1,"total_count_rolling":3,"lineage_count_rolling":0.6666666666666666,"proportion":0.2222222222222222,"proportion_ci_lower":0.03874761778516518,"proportion_ci_upper":0.8232639028687426,"dateTime":"2021-01-14T13:00:00.000Z"},{"date":"2021-01-16","total_count":14,"lineage_count":0,"total_count_rolling":5.166666666666667,"lineage_count_rolling":0.6666666666666666,"proportion":0.12903225806451613,"proportion_ci_lower":0.022512765999155134,"proportion_ci_upper":0.6286264006319943,"dateTime":"2021-01-15T13:00:00.000Z"},{"date":"2021-01-17","total_count":26,"lineage_count":0,"total_count_rolling":8.142857142857142,"lineage_count_rolling":0.5714285714285714,"proportion":0.07017543859649122,"proportion_ci_lower":0.013838233790320764,"proportion_ci_upper":0.45371932103241464,"dateTime":"2021-01-16T13:00:00.000Z"},{"date":"2021-01-18","total_count":33,"lineage_count":1,"total_count_rolling":12.285714285714286,"lineage_count_rolling":0.42857142857142855,"proportion":0.03488372093023255,"proportion_ci_lower":0.00004007531007659888,"proportion_ci_upper":0.18530593831248504,"dateTime":"2021-01-17T13:00:00.000Z"},{"date":"2021-01-20","total_count":2,"lineage_count":0,"total_count_rolling":12.833333333333334,"lineage_count_rolling":0.3333333333333333,"proportion":0.025974025974025972,"proportion_ci_lower":0.0000370519332987658,"proportion_ci_upper":0.17261944528205697,"dateTime":"2021-01-19T13:00:00.000Z"},{"date":"2021-01-21","total_count":1,"lineage_count":0,"total_count_rolling":12.833333333333334,"lineage_count_rolling":0.3333333333333333,"proportion":0.025974025974025972,"proportion_ci_lower":0.0000370519332987658,"proportion_ci_upper":0.17261944528205697,"dateTime":"2021-01-20T13:00:00.000Z"},{"date":"2021-01-22","total_count":4,"lineage_count":1,"total_count_rolling":13.333333333333334,"lineage_count_rolling":0.3333333333333333,"proportion":0.024999999999999998,"proportion_ci_lower":0.0000370519332987658,"proportion_ci_upper":0.17261944528205697,"dateTime":"2021-01-21T13:00:00.000Z"},{"date":"2021-01-23","total_count":8,"lineage_count":2,"total_count_rolling":12.333333333333334,"lineage_count_rolling":0.6666666666666666,"proportion":0.05405405405405405,"proportion_ci_lower":0.009144326234148487,"proportion_ci_upper":0.32849572640058833,"dateTime":"2021-01-22T13:00:00.000Z"},{"date":"2021-01-28","total_count":1,"lineage_count":1,"total_count_rolling":4.333333333333333,"lineage_count_rolling":1.3333333333333333,"proportion":0.3076923076923077,"proportion_ci_lower":0.02847089508714681,"proportion_ci_upper":0.7162483204365873,"dateTime":"2021-01-27T13:00:00.000Z"},{"date":"2021-01-29","total_count":1,"lineage_count":0,"total_count_rolling":3.3333333333333335,"lineage_count_rolling":1,"proportion":0.3,"proportion_ci_lower":0.03874761778516518,"proportion_ci_upper":0.8232639028687426,"dateTime":"2021-01-28T13:00:00.000Z"},{"date":"2021-01-30","total_count":4,"lineage_count":0,"total_count_rolling":2,"lineage_count_rolling":0.3333333333333333,"proportion":0.16666666666666666,"proportion_ci_lower":0.00021690847003096627,"proportion_ci_upper":0.6668217544012093,"dateTime":"2021-01-29T13:00:00.000Z"},{"date":"2021-02-01","total_count":1,"lineage_count":0,"total_count_rolling":1.75,"lineage_count_rolling":0.25,"proportion":0.14285714285714285,"proportion_ci_lower":0.00021690847003096627,"proportion_ci_upper":0.6668217544012093,"dateTime":"2021-01-31T13:00:00.000Z"},{"date":"2021-02-02","total_count":4,"lineage_count":0,"total_count_rolling":2.2,"lineage_count_rolling":0.2,"proportion":0.09090909090909091,"proportion_ci_lower":0.00021690847003096627,"proportion_ci_upper":0.6668217544012093,"dateTime":"2021-02-01T13:00:00.000Z"},{"date":"2021-02-03","total_count":2,"lineage_count":0,"total_count_rolling":2.1666666666666665,"lineage_count_rolling":0.16666666666666666,"proportion":0.07692307692307693,"proportion_ci_lower":0.00021690847003096627,"proportion_ci_upper":0.6668217544012093,"dateTime":"2021-02-02T13:00:00.000Z"},{"date":"2021-02-05","total_count":1,"lineage_count":0,"total_count_rolling":2.4,"lineage_count_rolling":0,"proportion":0,"proportion_ci_lower":0.00021690847003096627,"proportion_ci_upper":0.6668217544012093,"dateTime":"2021-02-04T13:00:00.000Z"},{"date":"2021-02-06","total_count":1,"lineage_count":1,"total_count_rolling":1.8,"lineage_count_rolling":0.2,"proportion":0.11111111111111112,"proportion_ci_lower":0.00021690847003096627,"proportion_ci_upper":0.6668217544012093,"dateTime":"2021-02-05T13:00:00.000Z"},{"date":"2021-02-09","total_count":1,"lineage_count":0,"total_count_rolling":1.25,"lineage_count_rolling":0.25,"proportion":0.2,"proportion_ci_lower":0.00038558098075590136,"proportion_ci_upper":0.8532536836904249,"dateTime":"2021-02-08T13:00:00.000Z"},{"date":"2021-02-10","total_count":1,"lineage_count":0,"total_count_rolling":1,"lineage_count_rolling":0.25,"proportion":0.25,"proportion_ci_lower":0.00038558098075590136,"proportion_ci_upper":0.8532536836904249,"dateTime":"2021-02-09T13:00:00.000Z"},{"date":"2021-02-13","total_count":2,"lineage_count":0,"total_count_rolling":1.3333333333333333,"lineage_count_rolling":0,"proportion":0,"proportion_ci_lower":0.00038558098075590136,"proportion_ci_upper":0.8532536836904249,"dateTime":"2021-02-12T13:00:00.000Z"},{"date":"2021-02-16","total_count":2,"lineage_count":0,"total_count_rolling":1.6666666666666667,"lineage_count_rolling":0,"proportion":0,"proportion_ci_lower":0.00021690847003096627,"proportion_ci_upper":0.6668217544012093,"dateTime":"2021-02-15T13:00:00.000Z"},{"date":"2021-02-17","total_count":1,"lineage_count":0,"total_count_rolling":1.6666666666666667,"lineage_count_rolling":0,"proportion":0,"proportion_ci_lower":0.00021690847003096627,"proportion_ci_upper":0.6668217544012093,"dateTime":"2021-02-16T13:00:00.000Z"},{"date":"2021-02-20","total_count":1,"lineage_count":0,"total_count_rolling":1.3333333333333333,"lineage_count_rolling":0,"proportion":0,"proportion_ci_lower":0.00038558098075590136,"proportion_ci_upper":0.8532536836904249,"dateTime":"2021-02-19T13:00:00.000Z"},{"date":"2021-02-22","total_count":2,"lineage_count":1,"total_count_rolling":1.5,"lineage_count_rolling":0.25,"proportion":0.16666666666666666,"proportion_ci_lower":0.00021690847003096627,"proportion_ci_upper":0.6668217544012093,"dateTime":"2021-02-21T13:00:00.000Z"},{"date":"2021-02-23","total_count":1,"lineage_count":0,"total_count_rolling":1.25,"lineage_count_rolling":0.25,"proportion":0.2,"proportion_ci_lower":0.00038558098075590136,"proportion_ci_upper":0.8532536836904249,"dateTime":"2021-02-22T13:00:00.000Z"},{"date":"2021-02-24","total_count":1,"lineage_count":0,"total_count_rolling":1.25,"lineage_count_rolling":0.25,"proportion":0.2,"proportion_ci_lower":0.00038558098075590136,"proportion_ci_upper":0.8532536836904249,"dateTime":"2021-02-23T13:00:00.000Z"},{"date":"2021-02-26","total_count":1,"lineage_count":0,"total_count_rolling":1.2,"lineage_count_rolling":0.2,"proportion":0.16666666666666669,"proportion_ci_lower":0.00038558098075590136,"proportion_ci_upper":0.8532536836904249,"dateTime":"2021-02-25T13:00:00.000Z"},{"date":"2021-03-01","total_count":1,"lineage_count":0,"total_count_rolling":1,"lineage_count_rolling":0,"proportion":0,"proportion_ci_lower":0.00038558098075590136,"proportion_ci_upper":0.8532536836904249,"dateTime":"2021-02-28T13:00:00.000Z"},{"date":"2021-03-03","total_count":1,"lineage_count":0,"total_count_rolling":1,"lineage_count_rolling":0,"proportion":0,"proportion_ci_lower":0.00038558098075590136,"proportion_ci_upper":0.8532536836904249,"dateTime":"2021-03-02T13:00:00.000Z"},{"date":"2021-03-08","total_count":2,"lineage_count":0,"total_count_rolling":1.5,"lineage_count_rolling":0,"proportion":0,"proportion_ci_lower":0.00021690847003096627,"proportion_ci_upper":0.6668217544012093,"dateTime":"2021-03-07T13:00:00.000Z"},{"date":"2021-03-10","total_count":1,"lineage_count":0,"total_count_rolling":1.5,"lineage_count_rolling":0,"proportion":0,"proportion_ci_lower":0.00021690847003096627,"proportion_ci_upper":0.6668217544012093,"dateTime":"2021-03-09T13:00:00.000Z"},{"date":"2021-03-11","total_count":1,"lineage_count":0,"total_count_rolling":1.3333333333333333,"lineage_count_rolling":0,"proportion":0,"proportion_ci_lower":0.00038558098075590136,"proportion_ci_upper":0.8532536836904249,"dateTime":"2021-03-10T13:00:00.000Z"},{"date":"2021-03-13","total_count":1,"lineage_count":0,"total_count_rolling":1.25,"lineage_count_rolling":0,"proportion":0,"proportion_ci_lower":0.00038558098075590136,"proportion_ci_upper":0.8532536836904249,"dateTime":"2021-03-12T13:00:00.000Z"},{"date":"2021-03-16","total_count":1,"lineage_count":0,"total_count_rolling":1,"lineage_count_rolling":0,"proportion":0,"proportion_ci_lower":0.00038558098075590136,"proportion_ci_upper":0.8532536836904249,"dateTime":"2021-03-15T13:00:00.000Z"},{"date":"2021-03-17","total_count":1,"lineage_count":0,"total_count_rolling":1,"lineage_count_rolling":0,"proportion":0,"proportion_ci_lower":0.00038558098075590136,"proportion_ci_upper":0.8532536836904249,"dateTime":"2021-03-16T13:00:00.000Z"},{"date":"2021-03-18","total_count":1,"lineage_count":0,"total_count_rolling":1,"lineage_count_rolling":0,"proportion":0,"proportion_ci_lower":0.00038558098075590136,"proportion_ci_upper":0.8532536836904249,"dateTime":"2021-03-17T13:00:00.000Z"},{"date":"2021-03-25","total_count":1,"lineage_count":0,"total_count_rolling":1,"lineage_count_rolling":0,"proportion":0,"proportion_ci_lower":0.00038558098075590136,"proportion_ci_upper":0.8532536836904249,"dateTime":"2021-03-24T13:00:00.000Z"},{"date":"2021-03-26","total_count":2,"lineage_count":0,"total_count_rolling":1.5,"lineage_count_rolling":0,"proportion":0,"proportion_ci_lower":0.00021690847003096627,"proportion_ci_upper":0.6668217544012093,"dateTime":"2021-03-25T13:00:00.000Z"},{"date":"2021-03-29","total_count":3,"lineage_count":0,"total_count_rolling":2,"lineage_count_rolling":0,"proportion":0,"proportion_ci_lower":0.00021690847003096627,"proportion_ci_upper":0.6668217544012093,"dateTime":"2021-03-28T13:00:00.000Z"},{"date":"2021-03-30","total_count":3,"lineage_count":0,"total_count_rolling":2.25,"lineage_count_rolling":0,"proportion":0,"proportion_ci_lower":0.00021690847003096627,"proportion_ci_upper":0.6668217544012093,"dateTime":"2021-03-29T13:00:00.000Z"},{"date":"2021-03-31","total_count":9,"lineage_count":0,"total_count_rolling":3.6,"lineage_count_rolling":0,"proportion":0,"proportion_ci_lower":0.000115332788238275,"proportion_ci_upper":0.4447626176576397,"dateTime":"2021-03-30T13:00:00.000Z"},{"date":"2021-04-01","total_count":9,"lineage_count":0,"total_count_rolling":5.2,"lineage_count_rolling":0,"proportion":0,"proportion_ci_lower":0.0000934206000395449,"proportion_ci_upper":0.37937714229903935,"dateTime":"2021-03-31T13:00:00.000Z"},{"date":"2021-04-02","total_count":9,"lineage_count":0,"total_count_rolling":6.6,"lineage_count_rolling":0,"proportion":0,"proportion_ci_lower":0.00006768646424383031,"proportion_ci_upper":0.29243617366230995,"dateTime":"2021-04-01T13:00:00.000Z"},{"date":"2021-04-03","total_count":13,"lineage_count":0,"total_count_rolling":7.666666666666667,"lineage_count_rolling":0,"proportion":0,"proportion_ci_lower":0.00005949030289440227,"proportion_ci_upper":0.26221724871718577,"dateTime":"2021-04-02T13:00:00.000Z"},{"date":"2021-04-04","total_count":6,"lineage_count":0,"total_count_rolling":7.428571428571429,"lineage_count_rolling":0,"proportion":0,"proportion_ci_lower":0.00006768646424383031,"proportion_ci_upper":0.29243617366230995,"dateTime":"2021-04-03T13:00:00.000Z"},{"date":"2021-04-05","total_count":20,"lineage_count":0,"total_count_rolling":9.857142857142858,"lineage_count_rolling":0,"proportion":0,"proportion_ci_lower":0.00004789043315758197,"proportion_ci_upper":0.21719626750921056,"dateTime":"2021-04-04T14:00:00.000Z"},{"date":"2021-04-06","total_count":25,"lineage_count":0,"total_count_rolling":13,"lineage_count_rolling":0,"proportion":0,"proportion_ci_lower":0.0000370519332987658,"proportion_ci_upper":0.17261944528205697,"dateTime":"2021-04-05T14:00:00.000Z"},{"date":"2021-04-07","total_count":24,"lineage_count":0,"total_count_rolling":15.142857142857142,"lineage_count_rolling":0,"proportion":0,"proportion_ci_lower":0.000032194144323726923,"proportion_ci_upper":0.15181666211439768,"dateTime":"2021-04-06T14:00:00.000Z"},{"date":"2021-04-08","total_count":18,"lineage_count":0,"total_count_rolling":16.428571428571427,"lineage_count_rolling":0,"proportion":0,"proportion_ci_lower":0.000030213479978023642,"proportion_ci_upper":0.1431841379314448,"dateTime":"2021-04-07T14:00:00.000Z"},{"date":"2021-04-09","total_count":9,"lineage_count":0,"total_count_rolling":16.428571428571427,"lineage_count_rolling":0,"proportion":0,"proportion_ci_lower":0.000030213479978023642,"proportion_ci_upper":0.1431841379314448,"dateTime":"2021-04-08T14:00:00.000Z"},{"date":"2021-04-10","total_count":8,"lineage_count":0,"total_count_rolling":15.714285714285714,"lineage_count_rolling":0,"proportion":0,"proportion_ci_lower":0.000030213479978023642,"proportion_ci_upper":0.1431841379314448,"dateTime":"2021-04-09T14:00:00.000Z"},{"date":"2021-04-11","total_count":6,"lineage_count":0,"total_count_rolling":15.714285714285714,"lineage_count_rolling":0,"proportion":0,"proportion_ci_lower":0.000030213479978023642,"proportion_ci_upper":0.1431841379314448,"dateTime":"2021-04-10T14:00:00.000Z"},{"date":"2021-04-12","total_count":4,"lineage_count":0,"total_count_rolling":13.428571428571429,"lineage_count_rolling":0,"proportion":0,"proportion_ci_lower":0.0000370519332987658,"proportion_ci_upper":0.17261944528205697,"dateTime":"2021-04-11T14:00:00.000Z"},{"date":"2021-04-13","total_count":18,"lineage_count":0,"total_count_rolling":12.428571428571429,"lineage_count_rolling":0,"proportion":0,"proportion_ci_lower":0.00004007531007659888,"proportion_ci_upper":0.18530593831248504,"dateTime":"2021-04-12T14:00:00.000Z"},{"date":"2021-04-14","total_count":13,"lineage_count":0,"total_count_rolling":10.857142857142858,"lineage_count_rolling":0,"proportion":0,"proportion_ci_lower":0.00004363579814218975,"proportion_ci_upper":0.19999456902620805,"dateTime":"2021-04-13T14:00:00.000Z"},{"date":"2021-04-15","total_count":12,"lineage_count":0,"total_count_rolling":10,"lineage_count_rolling":0,"proportion":0,"proportion_ci_lower":0.00004789043315758197,"proportion_ci_upper":0.21719626750921056,"dateTime":"2021-04-14T14:00:00.000Z"},{"date":"2021-04-16","total_count":7,"lineage_count":0,"total_count_rolling":9.714285714285714,"lineage_count_rolling":0,"proportion":0,"proportion_ci_lower":0.00004789043315758197,"proportion_ci_upper":0.21719626750921056,"dateTime":"2021-04-15T14:00:00.000Z"},{"date":"2021-04-17","total_count":7,"lineage_count":0,"total_count_rolling":9.571428571428571,"lineage_count_rolling":0,"proportion":0,"proportion_ci_lower":0.00004789043315758197,"proportion_ci_upper":0.21719626750921056,"dateTime":"2021-04-16T14:00:00.000Z"},{"date":"2021-04-18","total_count":3,"lineage_count":0,"total_count_rolling":9.142857142857142,"lineage_count_rolling":0,"proportion":0,"proportion_ci_lower":0.00005306405341849297,"proportion_ci_upper":0.23761009863290297,"dateTime":"2021-04-17T14:00:00.000Z"},{"date":"2021-04-19","total_count":8,"lineage_count":0,"total_count_rolling":9.714285714285714,"lineage_count_rolling":0,"proportion":0,"proportion_ci_lower":0.00004789043315758197,"proportion_ci_upper":0.21719626750921056,"dateTime":"2021-04-18T14:00:00.000Z"},{"date":"2021-04-21","total_count":4,"lineage_count":0,"total_count_rolling":6.833333333333333,"lineage_count_rolling":0,"proportion":0,"proportion_ci_lower":0.00006768646424383031,"proportion_ci_upper":0.29243617366230995,"dateTime":"2021-04-20T14:00:00.000Z"},{"date":"2021-04-26","total_count":1,"lineage_count":0,"total_count_rolling":2.5,"lineage_count_rolling":0,"proportion":0,"proportion_ci_lower":0.00021690847003096627,"proportion_ci_upper":0.6668217544012093,"dateTime":"2021-04-25T14:00:00.000Z"},{"date":"2021-04-28","total_count":20,"lineage_count":0,"total_count_rolling":10.5,"lineage_count_rolling":0,"proportion":0,"proportion_ci_lower":0.00004789043315758197,"proportion_ci_upper":0.21719626750921056,"dateTime":"2021-04-27T14:00:00.000Z"},{"date":"2021-04-29","total_count":10,"lineage_count":0,"total_count_rolling":10.333333333333334,"lineage_count_rolling":0,"proportion":0,"proportion_ci_lower":0.00004789043315758197,"proportion_ci_upper":0.21719626750921056,"dateTime":"2021-04-28T14:00:00.000Z"},{"date":"2021-04-30","total_count":4,"lineage_count":0,"total_count_rolling":8.75,"lineage_count_rolling":0,"proportion":0,"proportion_ci_lower":0.00005306405341849297,"proportion_ci_upper":0.23761009863290297,"dateTime":"2021-04-29T14:00:00.000Z"},{"date":"2021-05-01","total_count":10,"lineage_count":0,"total_count_rolling":9,"lineage_count_rolling":0,"proportion":0,"proportion_ci_lower":0.00005306405341849297,"proportion_ci_upper":0.23761009863290297,"dateTime":"2021-04-30T14:00:00.000Z"},{"date":"2021-05-02","total_count":5,"lineage_count":0,"total_count_rolling":8.333333333333334,"lineage_count_rolling":0,"proportion":0,"proportion_ci_lower":0.00005949030289440227,"proportion_ci_upper":0.26221724871718577,"dateTime":"2021-05-01T14:00:00.000Z"},{"date":"2021-05-15","total_count":1,"lineage_count":0,"total_count_rolling":1,"lineage_count_rolling":0,"proportion":0,"proportion_ci_lower":0.00038558098075590136,"proportion_ci_upper":0.8532536836904249,"dateTime":"2021-05-14T14:00:00.000Z"},{"date":"2021-05-29","total_count":1,"lineage_count":0,"total_count_rolling":1,"lineage_count_rolling":0,"proportion":0,"proportion_ci_lower":0.00038558098075590136,"proportion_ci_upper":0.8532536836904249,"dateTime":"2021-05-28T14:00:00.000Z"},{"date":"2021-05-30","total_count":1,"lineage_count":0,"total_count_rolling":1,"lineage_count_rolling":0,"proportion":0,"proportion_ci_lower":0.00038558098075590136,"proportion_ci_upper":0.8532536836904249,"dateTime":"2021-05-29T14:00:00.000Z"},{"date":"2021-06-10","total_count":1,"lineage_count":0,"total_count_rolling":1,"lineage_count_rolling":0,"proportion":0,"proportion_ci_lower":0.00038558098075590136,"proportion_ci_upper":0.8532536836904249,"dateTime":"2021-06-09T14:00:00.000Z"}]	
"P.1.1"	"pangolin_lineage=P.1.1"	"Variant of Concern"	{"pango":"P.1.1","selected":"PER","loc":[]}	[]	
"P.1.2"	"pangolin_lineage=P.1.2"	"Variant of Concern"	{"pango":"P.1.2","selected":"PER","loc":[]}	[]	
"AV.1"	"pangolin_lineage=AV.1"	"Variant of Interest"	{"pango":"AV.1","loc":["PER"],"selected":"PER"}	[]	
"B.1.1.318"	"pangolin_lineage=B.1.1.318"	"Variant of Interest"	{"pango":"B.1.1.318","selected":"PER","loc":[]}	[]	
"B.1.427"	"pangolin_lineage=B.1.427"	"Variant of Interest"	{"pango":"B.1.427","loc":[],"selected":"PER"}	[]	
"B.1.429"	"pangolin_lineage=B.1.429"	"Variant of Interest"	{"pango":"B.1.429","loc":[],"selected":"PER"}	[]	
"B.1.525"	"pangolin_lineage=B.1.525"	"Variant of Interest"	{"pango":"B.1.525","selected":"PER","loc":[]}	[]	
"B.1.526"	"pangolin_lineage=B.1.526"	"Variant of Interest"	{"pango":"B.1.526","loc":[],"selected":"PER"}	[]	
"B.1.617.1"	"pangolin_lineage=B.1.617.1"	"Variant of Interest"	{"pango":"B.1.617.1","loc":[],"selected":"PER"}	[]	
"B.1.617.3"	"pangolin_lineage=B.1.617.3"	"Variant of Interest"	{"pango":"B.1.617.3","loc":[],"selected":"PER"}	[]	
"C.36.3"	"pangolin_lineage=C.36.3"	"Variant of Interest"	{"pango":"C.36.3","loc":[],"selected":"PER"}	[]	
"C.37"	"pangolin_lineage=C.37"	"Variant of Interest"	{"pango":"C.37","loc":[],"selected":"PER"}	[]	
"P.2"	"pangolin_lineage=P.2"	"Variant of Interest"	{"pango":"P.2","loc":[],"selected":"PER"}	[]	
"P.3"	"pangolin_lineage=P.3"	"Variant of Interest"	{"pango":"P.3","loc":[],"selected":"PER"}	[]	
