label	query	variantType	route	data	source
"AY.1"	"pangolin_lineage=AY.1"	"Variant of Concern"	{"pango":"AY.1","loc":[],"selected":"NZL"}	[]	
"AY.2"	"pangolin_lineage=AY.2"	"Variant of Concern"	{"pango":"AY.2","loc":[],"selected":"NZL"}	[]	
"B.1.1.7"	"pangolin_lineage=B.1.1.7"	"Variant of Concern"	{"pango":"B.1.1.7","loc":[],"selected":"NZL"}	[]	
"B.1.1.7 + S:E484K"	"pangolin_lineage=B.1.1.7&mutations=S:E484K"	"Variant of Concern"	{"pango":"B.1.1.7","muts":["S:E484K"],"loc":[],"selected":"NZL"}	[]	
"B.1.351"	"pangolin_lineage=B.1.351"	"Variant of Concern"	{"pango":"B.1.351","selected":"NZL","loc":[]}	[]	
"B.1.617.2"	"pangolin_lineage=B.1.617.2"	"Variant of Concern"	{"pango":"B.1.617.2","loc":[],"selected":"NZL"}	[]	
"P.1"	"pangolin_lineage=P.1"	"Variant of Concern"	{"pango":"P.1","selected":"NZL","loc":[]}	[]	
"P.1.1"	"pangolin_lineage=P.1.1"	"Variant of Concern"	{"pango":"P.1.1","selected":"NZL","loc":[]}	[]	
"P.1.2"	"pangolin_lineage=P.1.2"	"Variant of Concern"	{"pango":"P.1.2","selected":"NZL","loc":[]}	[]	
"AV.1"	"pangolin_lineage=AV.1"	"Variant of Interest"	{"pango":"AV.1","loc":["NZL"],"selected":"NZL"}	[]	
"B.1.1.318"	"pangolin_lineage=B.1.1.318"	"Variant of Interest"	{"pango":"B.1.1.318","selected":"NZL","loc":[]}	[]	
"B.1.427"	"pangolin_lineage=B.1.427"	"Variant of Interest"	{"pango":"B.1.427","loc":[],"selected":"NZL"}	[]	
"B.1.429"	"pangolin_lineage=B.1.429"	"Variant of Interest"	{"pango":"B.1.429","loc":[],"selected":"NZL"}	[]	
"B.1.525"	"pangolin_lineage=B.1.525"	"Variant of Interest"	{"pango":"B.1.525","selected":"NZL","loc":[]}	[]	
"B.1.526"	"pangolin_lineage=B.1.526"	"Variant of Interest"	{"pango":"B.1.526","loc":[],"selected":"NZL"}	[{"date":"2021-03-16","total_count":4,"lineage_count":1,"total_count_rolling":4,"lineage_count_rolling":1,"proportion":0.25,"proportion_ci_lower":0.02847089508714681,"proportion_ci_upper":0.7162483204365873,"dateTime":"2021-03-15T13:00:00.000Z"},{"date":"2021-03-18","total_count":3,"lineage_count":0,"total_count_rolling":3.5,"lineage_count_rolling":0.5,"proportion":0.14285714285714285,"proportion_ci_lower":0.000115332788238275,"proportion_ci_upper":0.4447626176576397,"dateTime":"2021-03-17T13:00:00.000Z"},{"date":"2021-03-19","total_count":2,"lineage_count":0,"total_count_rolling":3,"lineage_count_rolling":0.3333333333333333,"proportion":0.1111111111111111,"proportion_ci_lower":0.00015063602543656854,"proportion_ci_upper":0.5355832430429506,"dateTime":"2021-03-18T13:00:00.000Z"},{"date":"2021-03-20","total_count":2,"lineage_count":0,"total_count_rolling":2.75,"lineage_count_rolling":0.25,"proportion":0.09090909090909091,"proportion_ci_lower":0.00015063602543656854,"proportion_ci_upper":0.5355832430429506,"dateTime":"2021-03-19T13:00:00.000Z"},{"date":"2021-03-22","total_count":2,"lineage_count":0,"total_count_rolling":2.6,"lineage_count_rolling":0.2,"proportion":0.07692307692307693,"proportion_ci_lower":0.00015063602543656854,"proportion_ci_upper":0.5355832430429506,"dateTime":"2021-03-21T13:00:00.000Z"},{"date":"2021-03-23","total_count":1,"lineage_count":0,"total_count_rolling":2,"lineage_count_rolling":0,"proportion":0,"proportion_ci_lower":0.00021690847003096627,"proportion_ci_upper":0.6668217544012093,"dateTime":"2021-03-22T13:00:00.000Z"},{"date":"2021-03-24","total_count":2,"lineage_count":0,"total_count_rolling":2,"lineage_count_rolling":0,"proportion":0,"proportion_ci_lower":0.00021690847003096627,"proportion_ci_upper":0.6668217544012093,"dateTime":"2021-03-23T13:00:00.000Z"},{"date":"2021-03-26","total_count":1,"lineage_count":0,"total_count_rolling":1.6,"lineage_count_rolling":0,"proportion":0,"proportion_ci_lower":0.00021690847003096627,"proportion_ci_upper":0.6668217544012093,"dateTime":"2021-03-25T13:00:00.000Z"},{"date":"2021-03-27","total_count":4,"lineage_count":0,"total_count_rolling":2,"lineage_count_rolling":0,"proportion":0,"proportion_ci_lower":0.00021690847003096627,"proportion_ci_upper":0.6668217544012093,"dateTime":"2021-03-26T13:00:00.000Z"},{"date":"2021-03-28","total_count":1,"lineage_count":0,"total_count_rolling":1.8333333333333333,"lineage_count_rolling":0,"proportion":0,"proportion_ci_lower":0.00021690847003096627,"proportion_ci_upper":0.6668217544012093,"dateTime":"2021-03-27T13:00:00.000Z"},{"date":"2021-03-29","total_count":1,"lineage_count":0,"total_count_rolling":1.6666666666666667,"lineage_count_rolling":0,"proportion":0,"proportion_ci_lower":0.00021690847003096627,"proportion_ci_upper":0.6668217544012093,"dateTime":"2021-03-28T13:00:00.000Z"},{"date":"2021-03-30","total_count":2,"lineage_count":0,"total_count_rolling":1.8333333333333333,"lineage_count_rolling":0,"proportion":0,"proportion_ci_lower":0.00021690847003096627,"proportion_ci_upper":0.6668217544012093,"dateTime":"2021-03-29T13:00:00.000Z"},{"date":"2021-04-01","total_count":4,"lineage_count":0,"total_count_rolling":2.1666666666666665,"lineage_count_rolling":0,"proportion":0,"proportion_ci_lower":0.00021690847003096627,"proportion_ci_upper":0.6668217544012093,"dateTime":"2021-03-31T13:00:00.000Z"},{"date":"2021-04-02","total_count":2,"lineage_count":0,"total_count_rolling":2.3333333333333335,"lineage_count_rolling":0,"proportion":0,"proportion_ci_lower":0.00021690847003096627,"proportion_ci_upper":0.6668217544012093,"dateTime":"2021-04-01T13:00:00.000Z"},{"date":"2021-04-03","total_count":5,"lineage_count":0,"total_count_rolling":2.5,"lineage_count_rolling":0,"proportion":0,"proportion_ci_lower":0.00021690847003096627,"proportion_ci_upper":0.6668217544012093,"dateTime":"2021-04-02T13:00:00.000Z"},{"date":"2021-04-04","total_count":4,"lineage_count":0,"total_count_rolling":3,"lineage_count_rolling":0,"proportion":0,"proportion_ci_lower":0.00015063602543656854,"proportion_ci_upper":0.5355832430429506,"dateTime":"2021-04-03T13:00:00.000Z"},{"date":"2021-04-05","total_count":4,"lineage_count":0,"total_count_rolling":3.5,"lineage_count_rolling":0,"proportion":0,"proportion_ci_lower":0.000115332788238275,"proportion_ci_upper":0.4447626176576397,"dateTime":"2021-04-04T14:00:00.000Z"},{"date":"2021-04-06","total_count":5,"lineage_count":0,"total_count_rolling":4,"lineage_count_rolling":0,"proportion":0,"proportion_ci_lower":0.000115332788238275,"proportion_ci_upper":0.4447626176576397,"dateTime":"2021-04-05T14:00:00.000Z"},{"date":"2021-04-07","total_count":2,"lineage_count":0,"total_count_rolling":3.7142857142857144,"lineage_count_rolling":0,"proportion":0,"proportion_ci_lower":0.000115332788238275,"proportion_ci_upper":0.4447626176576397,"dateTime":"2021-04-06T14:00:00.000Z"},{"date":"2021-04-08","total_count":5,"lineage_count":0,"total_count_rolling":3.857142857142857,"lineage_count_rolling":0,"proportion":0,"proportion_ci_lower":0.000115332788238275,"proportion_ci_upper":0.4447626176576397,"dateTime":"2021-04-07T14:00:00.000Z"},{"date":"2021-04-09","total_count":2,"lineage_count":0,"total_count_rolling":3.857142857142857,"lineage_count_rolling":0,"proportion":0,"proportion_ci_lower":0.000115332788238275,"proportion_ci_upper":0.4447626176576397,"dateTime":"2021-04-08T14:00:00.000Z"},{"date":"2021-04-10","total_count":1,"lineage_count":0,"total_count_rolling":3.2857142857142856,"lineage_count_rolling":0,"proportion":0,"proportion_ci_lower":0.00015063602543656854,"proportion_ci_upper":0.5355832430429506,"dateTime":"2021-04-09T14:00:00.000Z"},{"date":"2021-04-11","total_count":1,"lineage_count":0,"total_count_rolling":2.857142857142857,"lineage_count_rolling":0,"proportion":0,"proportion_ci_lower":0.00015063602543656854,"proportion_ci_upper":0.5355832430429506,"dateTime":"2021-04-10T14:00:00.000Z"},{"date":"2021-04-12","total_count":1,"lineage_count":0,"total_count_rolling":2.4285714285714284,"lineage_count_rolling":0,"proportion":0,"proportion_ci_lower":0.00021690847003096627,"proportion_ci_upper":0.6668217544012093,"dateTime":"2021-04-11T14:00:00.000Z"},{"date":"2021-04-13","total_count":2,"lineage_count":0,"total_count_rolling":2,"lineage_count_rolling":0,"proportion":0,"proportion_ci_lower":0.00021690847003096627,"proportion_ci_upper":0.6668217544012093,"dateTime":"2021-04-12T14:00:00.000Z"},{"date":"2021-04-15","total_count":1,"lineage_count":0,"total_count_rolling":1.3333333333333333,"lineage_count_rolling":0,"proportion":0,"proportion_ci_lower":0.00038558098075590136,"proportion_ci_upper":0.8532536836904249,"dateTime":"2021-04-14T14:00:00.000Z"},{"date":"2021-04-17","total_count":1,"lineage_count":0,"total_count_rolling":1.2,"lineage_count_rolling":0,"proportion":0,"proportion_ci_lower":0.00038558098075590136,"proportion_ci_upper":0.8532536836904249,"dateTime":"2021-04-16T14:00:00.000Z"},{"date":"2021-04-18","total_count":1,"lineage_count":0,"total_count_rolling":1.2,"lineage_count_rolling":0,"proportion":0,"proportion_ci_lower":0.00038558098075590136,"proportion_ci_upper":0.8532536836904249,"dateTime":"2021-04-17T14:00:00.000Z"},{"date":"2021-04-20","total_count":1,"lineage_count":0,"total_count_rolling":1,"lineage_count_rolling":0,"proportion":0,"proportion_ci_lower":0.00038558098075590136,"proportion_ci_upper":0.8532536836904249,"dateTime":"2021-04-19T14:00:00.000Z"},{"date":"2021-04-21","total_count":1,"lineage_count":0,"total_count_rolling":1,"lineage_count_rolling":0,"proportion":0,"proportion_ci_lower":0.00038558098075590136,"proportion_ci_upper":0.8532536836904249,"dateTime":"2021-04-20T14:00:00.000Z"},{"date":"2021-04-22","total_count":2,"lineage_count":0,"total_count_rolling":1.2,"lineage_count_rolling":0,"proportion":0,"proportion_ci_lower":0.00038558098075590136,"proportion_ci_upper":0.8532536836904249,"dateTime":"2021-04-21T14:00:00.000Z"},{"date":"2021-04-24","total_count":4,"lineage_count":0,"total_count_rolling":1.8,"lineage_count_rolling":0,"proportion":0,"proportion_ci_lower":0.00021690847003096627,"proportion_ci_upper":0.6668217544012093,"dateTime":"2021-04-23T14:00:00.000Z"},{"date":"2021-04-25","total_count":2,"lineage_count":0,"total_count_rolling":2,"lineage_count_rolling":0,"proportion":0,"proportion_ci_lower":0.00021690847003096627,"proportion_ci_upper":0.6668217544012093,"dateTime":"2021-04-24T14:00:00.000Z"},{"date":"2021-04-26","total_count":2,"lineage_count":0,"total_count_rolling":2,"lineage_count_rolling":0,"proportion":0,"proportion_ci_lower":0.00021690847003096627,"proportion_ci_upper":0.6668217544012093,"dateTime":"2021-04-25T14:00:00.000Z"},{"date":"2021-04-27","total_count":1,"lineage_count":0,"total_count_rolling":2,"lineage_count_rolling":0,"proportion":0,"proportion_ci_lower":0.00021690847003096627,"proportion_ci_upper":0.6668217544012093,"dateTime":"2021-04-26T14:00:00.000Z"},{"date":"2021-04-29","total_count":1,"lineage_count":0,"total_count_rolling":2,"lineage_count_rolling":0,"proportion":0,"proportion_ci_lower":0.00021690847003096627,"proportion_ci_upper":0.6668217544012093,"dateTime":"2021-04-28T14:00:00.000Z"},{"date":"2021-04-30","total_count":2,"lineage_count":0,"total_count_rolling":2,"lineage_count_rolling":0,"proportion":0,"proportion_ci_lower":0.00021690847003096627,"proportion_ci_upper":0.6668217544012093,"dateTime":"2021-04-29T14:00:00.000Z"},{"date":"2021-05-01","total_count":2,"lineage_count":0,"total_count_rolling":1.6666666666666667,"lineage_count_rolling":0,"proportion":0,"proportion_ci_lower":0.00021690847003096627,"proportion_ci_upper":0.6668217544012093,"dateTime":"2021-04-30T14:00:00.000Z"},{"date":"2021-05-02","total_count":1,"lineage_count":0,"total_count_rolling":1.5,"lineage_count_rolling":0,"proportion":0,"proportion_ci_lower":0.00021690847003096627,"proportion_ci_upper":0.6668217544012093,"dateTime":"2021-05-01T14:00:00.000Z"},{"date":"2021-05-03","total_count":1,"lineage_count":0,"total_count_rolling":1.3333333333333333,"lineage_count_rolling":0,"proportion":0,"proportion_ci_lower":0.00038558098075590136,"proportion_ci_upper":0.8532536836904249,"dateTime":"2021-05-02T14:00:00.000Z"},{"date":"2021-05-04","total_count":1,"lineage_count":0,"total_count_rolling":1.3333333333333333,"lineage_count_rolling":0,"proportion":0,"proportion_ci_lower":0.00038558098075590136,"proportion_ci_upper":0.8532536836904249,"dateTime":"2021-05-03T14:00:00.000Z"},{"date":"2021-05-06","total_count":2,"lineage_count":0,"total_count_rolling":1.5,"lineage_count_rolling":0,"proportion":0,"proportion_ci_lower":0.00021690847003096627,"proportion_ci_upper":0.6668217544012093,"dateTime":"2021-05-05T14:00:00.000Z"},{"date":"2021-05-07","total_count":1,"lineage_count":0,"total_count_rolling":1.3333333333333333,"lineage_count_rolling":0,"proportion":0,"proportion_ci_lower":0.00038558098075590136,"proportion_ci_upper":0.8532536836904249,"dateTime":"2021-05-06T14:00:00.000Z"},{"date":"2021-05-13","total_count":1,"lineage_count":0,"total_count_rolling":1,"lineage_count_rolling":0,"proportion":0,"proportion_ci_lower":0.00038558098075590136,"proportion_ci_upper":0.8532536836904249,"dateTime":"2021-05-12T14:00:00.000Z"},{"date":"2021-05-15","total_count":1,"lineage_count":0,"total_count_rolling":1,"lineage_count_rolling":0,"proportion":0,"proportion_ci_lower":0.00038558098075590136,"proportion_ci_upper":0.8532536836904249,"dateTime":"2021-05-14T14:00:00.000Z"},{"date":"2021-05-17","total_count":2,"lineage_count":0,"total_count_rolling":1.3333333333333333,"lineage_count_rolling":0,"proportion":0,"proportion_ci_lower":0.00038558098075590136,"proportion_ci_upper":0.8532536836904249,"dateTime":"2021-05-16T14:00:00.000Z"},{"date":"2021-05-18","total_count":1,"lineage_count":0,"total_count_rolling":1.25,"lineage_count_rolling":0,"proportion":0,"proportion_ci_lower":0.00038558098075590136,"proportion_ci_upper":0.8532536836904249,"dateTime":"2021-05-17T14:00:00.000Z"},{"date":"2021-05-20","total_count":1,"lineage_count":0,"total_count_rolling":1.25,"lineage_count_rolling":0,"proportion":0,"proportion_ci_lower":0.00038558098075590136,"proportion_ci_upper":0.8532536836904249,"dateTime":"2021-05-19T14:00:00.000Z"},{"date":"2021-05-23","total_count":2,"lineage_count":0,"total_count_rolling":1.5,"lineage_count_rolling":0,"proportion":0,"proportion_ci_lower":0.00021690847003096627,"proportion_ci_upper":0.6668217544012093,"dateTime":"2021-05-22T14:00:00.000Z"},{"date":"2021-05-26","total_count":1,"lineage_count":0,"total_count_rolling":1.3333333333333333,"lineage_count_rolling":0,"proportion":0,"proportion_ci_lower":0.00038558098075590136,"proportion_ci_upper":0.8532536836904249,"dateTime":"2021-05-25T14:00:00.000Z"},{"date":"2021-05-28","total_count":1,"lineage_count":0,"total_count_rolling":1.3333333333333333,"lineage_count_rolling":0,"proportion":0,"proportion_ci_lower":0.00038558098075590136,"proportion_ci_upper":0.8532536836904249,"dateTime":"2021-05-27T14:00:00.000Z"},{"date":"2021-05-31","total_count":1,"lineage_count":0,"total_count_rolling":1,"lineage_count_rolling":0,"proportion":0,"proportion_ci_lower":0.00038558098075590136,"proportion_ci_upper":0.8532536836904249,"dateTime":"2021-05-30T14:00:00.000Z"},{"date":"2021-06-01","total_count":1,"lineage_count":0,"total_count_rolling":1,"lineage_count_rolling":0,"proportion":0,"proportion_ci_lower":0.00038558098075590136,"proportion_ci_upper":0.8532536836904249,"dateTime":"2021-05-31T14:00:00.000Z"},{"date":"2021-06-02","total_count":1,"lineage_count":0,"total_count_rolling":1,"lineage_count_rolling":0,"proportion":0,"proportion_ci_lower":0.00038558098075590136,"proportion_ci_upper":0.8532536836904249,"dateTime":"2021-06-01T14:00:00.000Z"},{"date":"2021-06-05","total_count":1,"lineage_count":0,"total_count_rolling":1,"lineage_count_rolling":0,"proportion":0,"proportion_ci_lower":0.00038558098075590136,"proportion_ci_upper":0.8532536836904249,"dateTime":"2021-06-04T14:00:00.000Z"},{"date":"2021-06-06","total_count":1,"lineage_count":0,"total_count_rolling":1,"lineage_count_rolling":0,"proportion":0,"proportion_ci_lower":0.00038558098075590136,"proportion_ci_upper":0.8532536836904249,"dateTime":"2021-06-05T14:00:00.000Z"},{"date":"2021-06-07","total_count":2,"lineage_count":0,"total_count_rolling":1.2,"lineage_count_rolling":0,"proportion":0,"proportion_ci_lower":0.00038558098075590136,"proportion_ci_upper":0.8532536836904249,"dateTime":"2021-06-06T14:00:00.000Z"},{"date":"2021-06-08","total_count":1,"lineage_count":0,"total_count_rolling":1.2,"lineage_count_rolling":0,"proportion":0,"proportion_ci_lower":0.00038558098075590136,"proportion_ci_upper":0.8532536836904249,"dateTime":"2021-06-07T14:00:00.000Z"},{"date":"2021-06-09","total_count":4,"lineage_count":0,"total_count_rolling":1.8,"lineage_count_rolling":0,"proportion":0,"proportion_ci_lower":0.00021690847003096627,"proportion_ci_upper":0.6668217544012093,"dateTime":"2021-06-08T14:00:00.000Z"},{"date":"2021-06-11","total_count":2,"lineage_count":0,"total_count_rolling":1.8333333333333333,"lineage_count_rolling":0,"proportion":0,"proportion_ci_lower":0.00021690847003096627,"proportion_ci_upper":0.6668217544012093,"dateTime":"2021-06-10T14:00:00.000Z"},{"date":"2021-06-14","total_count":2,"lineage_count":0,"total_count_rolling":2.25,"lineage_count_rolling":0,"proportion":0,"proportion_ci_lower":0.00021690847003096627,"proportion_ci_upper":0.6668217544012093,"dateTime":"2021-06-13T14:00:00.000Z"},{"date":"2021-06-15","total_count":2,"lineage_count":0,"total_count_rolling":2.5,"lineage_count_rolling":0,"proportion":0,"proportion_ci_lower":0.00021690847003096627,"proportion_ci_upper":0.6668217544012093,"dateTime":"2021-06-14T14:00:00.000Z"},{"date":"2021-06-16","total_count":1,"lineage_count":0,"total_count_rolling":1.75,"lineage_count_rolling":0,"proportion":0,"proportion_ci_lower":0.00021690847003096627,"proportion_ci_upper":0.6668217544012093,"dateTime":"2021-06-15T14:00:00.000Z"},{"date":"2021-06-18","total_count":1,"lineage_count":0,"total_count_rolling":1.5,"lineage_count_rolling":0,"proportion":0,"proportion_ci_lower":0.00021690847003096627,"proportion_ci_upper":0.6668217544012093,"dateTime":"2021-06-17T14:00:00.000Z"},{"date":"2021-06-19","total_count":1,"lineage_count":0,"total_count_rolling":1.4,"lineage_count_rolling":0,"proportion":0,"proportion_ci_lower":0.00038558098075590136,"proportion_ci_upper":0.8532536836904249,"dateTime":"2021-06-18T14:00:00.000Z"},{"date":"2021-06-25","total_count":2,"lineage_count":0,"total_count_rolling":1.5,"lineage_count_rolling":0,"proportion":0,"proportion_ci_lower":0.00021690847003096627,"proportion_ci_upper":0.6668217544012093,"dateTime":"2021-06-24T14:00:00.000Z"},{"date":"2021-06-26","total_count":1,"lineage_count":0,"total_count_rolling":1.5,"lineage_count_rolling":0,"proportion":0,"proportion_ci_lower":0.00021690847003096627,"proportion_ci_upper":0.6668217544012093,"dateTime":"2021-06-25T14:00:00.000Z"}]	
"B.1.617.1"	"pangolin_lineage=B.1.617.1"	"Variant of Interest"	{"pango":"B.1.617.1","loc":[],"selected":"NZL"}	[]	
"B.1.617.3"	"pangolin_lineage=B.1.617.3"	"Variant of Interest"	{"pango":"B.1.617.3","loc":[],"selected":"NZL"}	[]	
"C.36.3"	"pangolin_lineage=C.36.3"	"Variant of Interest"	{"pango":"C.36.3","loc":[],"selected":"NZL"}	[]	
"C.37"	"pangolin_lineage=C.37"	"Variant of Interest"	{"pango":"C.37","loc":[],"selected":"NZL"}	[]	
"P.2"	"pangolin_lineage=P.2"	"Variant of Interest"	{"pango":"P.2","loc":[],"selected":"NZL"}	[{"date":"2021-03-04","total_count":7,"lineage_count":1,"total_count_rolling":7,"lineage_count_rolling":1,"proportion":0.14285714285714285,"proportion_ci_lower":0.01587652421274681,"proportion_ci_upper":0.5007974616190776,"dateTime":"2021-03-03T13:00:00.000Z"},{"date":"2021-03-06","total_count":6,"lineage_count":0,"total_count_rolling":6.5,"lineage_count_rolling":0.5,"proportion":0.07692307692307693,"proportion_ci_lower":0.0000784998483662081,"proportion_ci_upper":0.33038890915155017,"dateTime":"2021-03-05T13:00:00.000Z"},{"date":"2021-03-07","total_count":1,"lineage_count":0,"total_count_rolling":4.666666666666667,"lineage_count_rolling":0.3333333333333333,"proportion":0.07142857142857142,"proportion_ci_lower":0.0000934206000395449,"proportion_ci_upper":0.37937714229903935,"dateTime":"2021-03-06T13:00:00.000Z"},{"date":"2021-03-09","total_count":6,"lineage_count":0,"total_count_rolling":5,"lineage_count_rolling":0.25,"proportion":0.05,"proportion_ci_lower":0.0000934206000395449,"proportion_ci_upper":0.37937714229903935,"dateTime":"2021-03-08T13:00:00.000Z"},{"date":"2021-03-11","total_count":2,"lineage_count":0,"total_count_rolling":3.75,"lineage_count_rolling":0,"proportion":0,"proportion_ci_lower":0.000115332788238275,"proportion_ci_upper":0.4447626176576397,"dateTime":"2021-03-10T13:00:00.000Z"},{"date":"2021-03-12","total_count":1,"lineage_count":0,"total_count_rolling":3.2,"lineage_count_rolling":0,"proportion":0,"proportion_ci_lower":0.00015063602543656854,"proportion_ci_upper":0.5355832430429506,"dateTime":"2021-03-11T13:00:00.000Z"},{"date":"2021-03-13","total_count":5,"lineage_count":0,"total_count_rolling":3,"lineage_count_rolling":0,"proportion":0,"proportion_ci_lower":0.00015063602543656854,"proportion_ci_upper":0.5355832430429506,"dateTime":"2021-03-12T13:00:00.000Z"},{"date":"2021-03-14","total_count":1,"lineage_count":0,"total_count_rolling":3,"lineage_count_rolling":0,"proportion":0,"proportion_ci_lower":0.00015063602543656854,"proportion_ci_upper":0.5355832430429506,"dateTime":"2021-03-13T13:00:00.000Z"},{"date":"2021-03-15","total_count":1,"lineage_count":0,"total_count_rolling":2.6666666666666665,"lineage_count_rolling":0,"proportion":0,"proportion_ci_lower":0.00015063602543656854,"proportion_ci_upper":0.5355832430429506,"dateTime":"2021-03-14T13:00:00.000Z"},{"date":"2021-03-16","total_count":4,"lineage_count":0,"total_count_rolling":2.3333333333333335,"lineage_count_rolling":0,"proportion":0,"proportion_ci_lower":0.00021690847003096627,"proportion_ci_upper":0.6668217544012093,"dateTime":"2021-03-15T13:00:00.000Z"},{"date":"2021-03-18","total_count":3,"lineage_count":0,"total_count_rolling":2.5,"lineage_count_rolling":0,"proportion":0,"proportion_ci_lower":0.00021690847003096627,"proportion_ci_upper":0.6668217544012093,"dateTime":"2021-03-17T13:00:00.000Z"},{"date":"2021-03-19","total_count":2,"lineage_count":0,"total_count_rolling":2.6666666666666665,"lineage_count_rolling":0,"proportion":0,"proportion_ci_lower":0.00015063602543656854,"proportion_ci_upper":0.5355832430429506,"dateTime":"2021-03-18T13:00:00.000Z"},{"date":"2021-03-20","total_count":2,"lineage_count":0,"total_count_rolling":2.1666666666666665,"lineage_count_rolling":0,"proportion":0,"proportion_ci_lower":0.00021690847003096627,"proportion_ci_upper":0.6668217544012093,"dateTime":"2021-03-19T13:00:00.000Z"},{"date":"2021-03-22","total_count":2,"lineage_count":0,"total_count_rolling":2.6,"lineage_count_rolling":0,"proportion":0,"proportion_ci_lower":0.00015063602543656854,"proportion_ci_upper":0.5355832430429506,"dateTime":"2021-03-21T13:00:00.000Z"},{"date":"2021-03-23","total_count":1,"lineage_count":0,"total_count_rolling":2,"lineage_count_rolling":0,"proportion":0,"proportion_ci_lower":0.00021690847003096627,"proportion_ci_upper":0.6668217544012093,"dateTime":"2021-03-22T13:00:00.000Z"},{"date":"2021-03-24","total_count":2,"lineage_count":0,"total_count_rolling":2,"lineage_count_rolling":0,"proportion":0,"proportion_ci_lower":0.00021690847003096627,"proportion_ci_upper":0.6668217544012093,"dateTime":"2021-03-23T13:00:00.000Z"},{"date":"2021-03-26","total_count":1,"lineage_count":0,"total_count_rolling":1.6,"lineage_count_rolling":0,"proportion":0,"proportion_ci_lower":0.00021690847003096627,"proportion_ci_upper":0.6668217544012093,"dateTime":"2021-03-25T13:00:00.000Z"},{"date":"2021-03-27","total_count":4,"lineage_count":0,"total_count_rolling":2,"lineage_count_rolling":0,"proportion":0,"proportion_ci_lower":0.00021690847003096627,"proportion_ci_upper":0.6668217544012093,"dateTime":"2021-03-26T13:00:00.000Z"},{"date":"2021-03-28","total_count":1,"lineage_count":0,"total_count_rolling":1.8333333333333333,"lineage_count_rolling":0,"proportion":0,"proportion_ci_lower":0.00021690847003096627,"proportion_ci_upper":0.6668217544012093,"dateTime":"2021-03-27T13:00:00.000Z"},{"date":"2021-03-29","total_count":1,"lineage_count":0,"total_count_rolling":1.6666666666666667,"lineage_count_rolling":0,"proportion":0,"proportion_ci_lower":0.00021690847003096627,"proportion_ci_upper":0.6668217544012093,"dateTime":"2021-03-28T13:00:00.000Z"},{"date":"2021-03-30","total_count":2,"lineage_count":0,"total_count_rolling":1.8333333333333333,"lineage_count_rolling":0,"proportion":0,"proportion_ci_lower":0.00021690847003096627,"proportion_ci_upper":0.6668217544012093,"dateTime":"2021-03-29T13:00:00.000Z"},{"date":"2021-04-01","total_count":4,"lineage_count":0,"total_count_rolling":2.1666666666666665,"lineage_count_rolling":0,"proportion":0,"proportion_ci_lower":0.00021690847003096627,"proportion_ci_upper":0.6668217544012093,"dateTime":"2021-03-31T13:00:00.000Z"},{"date":"2021-04-02","total_count":2,"lineage_count":0,"total_count_rolling":2.3333333333333335,"lineage_count_rolling":0,"proportion":0,"proportion_ci_lower":0.00021690847003096627,"proportion_ci_upper":0.6668217544012093,"dateTime":"2021-04-01T13:00:00.000Z"},{"date":"2021-04-03","total_count":5,"lineage_count":0,"total_count_rolling":2.5,"lineage_count_rolling":0,"proportion":0,"proportion_ci_lower":0.00021690847003096627,"proportion_ci_upper":0.6668217544012093,"dateTime":"2021-04-02T13:00:00.000Z"},{"date":"2021-04-04","total_count":4,"lineage_count":0,"total_count_rolling":3,"lineage_count_rolling":0,"proportion":0,"proportion_ci_lower":0.00015063602543656854,"proportion_ci_upper":0.5355832430429506,"dateTime":"2021-04-03T13:00:00.000Z"},{"date":"2021-04-05","total_count":4,"lineage_count":0,"total_count_rolling":3.5,"lineage_count_rolling":0,"proportion":0,"proportion_ci_lower":0.000115332788238275,"proportion_ci_upper":0.4447626176576397,"dateTime":"2021-04-04T14:00:00.000Z"},{"date":"2021-04-06","total_count":5,"lineage_count":0,"total_count_rolling":4,"lineage_count_rolling":0,"proportion":0,"proportion_ci_lower":0.000115332788238275,"proportion_ci_upper":0.4447626176576397,"dateTime":"2021-04-05T14:00:00.000Z"},{"date":"2021-04-07","total_count":2,"lineage_count":0,"total_count_rolling":3.7142857142857144,"lineage_count_rolling":0,"proportion":0,"proportion_ci_lower":0.000115332788238275,"proportion_ci_upper":0.4447626176576397,"dateTime":"2021-04-06T14:00:00.000Z"},{"date":"2021-04-08","total_count":5,"lineage_count":0,"total_count_rolling":3.857142857142857,"lineage_count_rolling":0,"proportion":0,"proportion_ci_lower":0.000115332788238275,"proportion_ci_upper":0.4447626176576397,"dateTime":"2021-04-07T14:00:00.000Z"},{"date":"2021-04-09","total_count":2,"lineage_count":0,"total_count_rolling":3.857142857142857,"lineage_count_rolling":0,"proportion":0,"proportion_ci_lower":0.000115332788238275,"proportion_ci_upper":0.4447626176576397,"dateTime":"2021-04-08T14:00:00.000Z"},{"date":"2021-04-10","total_count":1,"lineage_count":0,"total_count_rolling":3.2857142857142856,"lineage_count_rolling":0,"proportion":0,"proportion_ci_lower":0.00015063602543656854,"proportion_ci_upper":0.5355832430429506,"dateTime":"2021-04-09T14:00:00.000Z"},{"date":"2021-04-11","total_count":1,"lineage_count":0,"total_count_rolling":2.857142857142857,"lineage_count_rolling":0,"proportion":0,"proportion_ci_lower":0.00015063602543656854,"proportion_ci_upper":0.5355832430429506,"dateTime":"2021-04-10T14:00:00.000Z"},{"date":"2021-04-12","total_count":1,"lineage_count":0,"total_count_rolling":2.4285714285714284,"lineage_count_rolling":0,"proportion":0,"proportion_ci_lower":0.00021690847003096627,"proportion_ci_upper":0.6668217544012093,"dateTime":"2021-04-11T14:00:00.000Z"},{"date":"2021-04-13","total_count":2,"lineage_count":0,"total_count_rolling":2,"lineage_count_rolling":0,"proportion":0,"proportion_ci_lower":0.00021690847003096627,"proportion_ci_upper":0.6668217544012093,"dateTime":"2021-04-12T14:00:00.000Z"},{"date":"2021-04-15","total_count":1,"lineage_count":0,"total_count_rolling":1.3333333333333333,"lineage_count_rolling":0,"proportion":0,"proportion_ci_lower":0.00038558098075590136,"proportion_ci_upper":0.8532536836904249,"dateTime":"2021-04-14T14:00:00.000Z"},{"date":"2021-04-17","total_count":1,"lineage_count":0,"total_count_rolling":1.2,"lineage_count_rolling":0,"proportion":0,"proportion_ci_lower":0.00038558098075590136,"proportion_ci_upper":0.8532536836904249,"dateTime":"2021-04-16T14:00:00.000Z"},{"date":"2021-04-18","total_count":1,"lineage_count":0,"total_count_rolling":1.2,"lineage_count_rolling":0,"proportion":0,"proportion_ci_lower":0.00038558098075590136,"proportion_ci_upper":0.8532536836904249,"dateTime":"2021-04-17T14:00:00.000Z"},{"date":"2021-04-20","total_count":1,"lineage_count":0,"total_count_rolling":1,"lineage_count_rolling":0,"proportion":0,"proportion_ci_lower":0.00038558098075590136,"proportion_ci_upper":0.8532536836904249,"dateTime":"2021-04-19T14:00:00.000Z"},{"date":"2021-04-21","total_count":1,"lineage_count":0,"total_count_rolling":1,"lineage_count_rolling":0,"proportion":0,"proportion_ci_lower":0.00038558098075590136,"proportion_ci_upper":0.8532536836904249,"dateTime":"2021-04-20T14:00:00.000Z"},{"date":"2021-04-22","total_count":2,"lineage_count":0,"total_count_rolling":1.2,"lineage_count_rolling":0,"proportion":0,"proportion_ci_lower":0.00038558098075590136,"proportion_ci_upper":0.8532536836904249,"dateTime":"2021-04-21T14:00:00.000Z"},{"date":"2021-04-24","total_count":4,"lineage_count":0,"total_count_rolling":1.8,"lineage_count_rolling":0,"proportion":0,"proportion_ci_lower":0.00021690847003096627,"proportion_ci_upper":0.6668217544012093,"dateTime":"2021-04-23T14:00:00.000Z"},{"date":"2021-04-25","total_count":2,"lineage_count":0,"total_count_rolling":2,"lineage_count_rolling":0,"proportion":0,"proportion_ci_lower":0.00021690847003096627,"proportion_ci_upper":0.6668217544012093,"dateTime":"2021-04-24T14:00:00.000Z"},{"date":"2021-04-26","total_count":2,"lineage_count":0,"total_count_rolling":2,"lineage_count_rolling":0,"proportion":0,"proportion_ci_lower":0.00021690847003096627,"proportion_ci_upper":0.6668217544012093,"dateTime":"2021-04-25T14:00:00.000Z"},{"date":"2021-04-27","total_count":1,"lineage_count":0,"total_count_rolling":2,"lineage_count_rolling":0,"proportion":0,"proportion_ci_lower":0.00021690847003096627,"proportion_ci_upper":0.6668217544012093,"dateTime":"2021-04-26T14:00:00.000Z"},{"date":"2021-04-29","total_count":1,"lineage_count":0,"total_count_rolling":2,"lineage_count_rolling":0,"proportion":0,"proportion_ci_lower":0.00021690847003096627,"proportion_ci_upper":0.6668217544012093,"dateTime":"2021-04-28T14:00:00.000Z"},{"date":"2021-04-30","total_count":2,"lineage_count":0,"total_count_rolling":2,"lineage_count_rolling":0,"proportion":0,"proportion_ci_lower":0.00021690847003096627,"proportion_ci_upper":0.6668217544012093,"dateTime":"2021-04-29T14:00:00.000Z"},{"date":"2021-05-01","total_count":2,"lineage_count":0,"total_count_rolling":1.6666666666666667,"lineage_count_rolling":0,"proportion":0,"proportion_ci_lower":0.00021690847003096627,"proportion_ci_upper":0.6668217544012093,"dateTime":"2021-04-30T14:00:00.000Z"},{"date":"2021-05-02","total_count":1,"lineage_count":0,"total_count_rolling":1.5,"lineage_count_rolling":0,"proportion":0,"proportion_ci_lower":0.00021690847003096627,"proportion_ci_upper":0.6668217544012093,"dateTime":"2021-05-01T14:00:00.000Z"},{"date":"2021-05-03","total_count":1,"lineage_count":0,"total_count_rolling":1.3333333333333333,"lineage_count_rolling":0,"proportion":0,"proportion_ci_lower":0.00038558098075590136,"proportion_ci_upper":0.8532536836904249,"dateTime":"2021-05-02T14:00:00.000Z"},{"date":"2021-05-04","total_count":1,"lineage_count":0,"total_count_rolling":1.3333333333333333,"lineage_count_rolling":0,"proportion":0,"proportion_ci_lower":0.00038558098075590136,"proportion_ci_upper":0.8532536836904249,"dateTime":"2021-05-03T14:00:00.000Z"},{"date":"2021-05-06","total_count":2,"lineage_count":0,"total_count_rolling":1.5,"lineage_count_rolling":0,"proportion":0,"proportion_ci_lower":0.00021690847003096627,"proportion_ci_upper":0.6668217544012093,"dateTime":"2021-05-05T14:00:00.000Z"},{"date":"2021-05-07","total_count":1,"lineage_count":0,"total_count_rolling":1.3333333333333333,"lineage_count_rolling":0,"proportion":0,"proportion_ci_lower":0.00038558098075590136,"proportion_ci_upper":0.8532536836904249,"dateTime":"2021-05-06T14:00:00.000Z"},{"date":"2021-05-13","total_count":1,"lineage_count":0,"total_count_rolling":1,"lineage_count_rolling":0,"proportion":0,"proportion_ci_lower":0.00038558098075590136,"proportion_ci_upper":0.8532536836904249,"dateTime":"2021-05-12T14:00:00.000Z"},{"date":"2021-05-15","total_count":1,"lineage_count":0,"total_count_rolling":1,"lineage_count_rolling":0,"proportion":0,"proportion_ci_lower":0.00038558098075590136,"proportion_ci_upper":0.8532536836904249,"dateTime":"2021-05-14T14:00:00.000Z"},{"date":"2021-05-17","total_count":2,"lineage_count":0,"total_count_rolling":1.3333333333333333,"lineage_count_rolling":0,"proportion":0,"proportion_ci_lower":0.00038558098075590136,"proportion_ci_upper":0.8532536836904249,"dateTime":"2021-05-16T14:00:00.000Z"},{"date":"2021-05-18","total_count":1,"lineage_count":0,"total_count_rolling":1.25,"lineage_count_rolling":0,"proportion":0,"proportion_ci_lower":0.00038558098075590136,"proportion_ci_upper":0.8532536836904249,"dateTime":"2021-05-17T14:00:00.000Z"},{"date":"2021-05-20","total_count":1,"lineage_count":0,"total_count_rolling":1.25,"lineage_count_rolling":0,"proportion":0,"proportion_ci_lower":0.00038558098075590136,"proportion_ci_upper":0.8532536836904249,"dateTime":"2021-05-19T14:00:00.000Z"},{"date":"2021-05-23","total_count":2,"lineage_count":0,"total_count_rolling":1.5,"lineage_count_rolling":0,"proportion":0,"proportion_ci_lower":0.00021690847003096627,"proportion_ci_upper":0.6668217544012093,"dateTime":"2021-05-22T14:00:00.000Z"},{"date":"2021-05-26","total_count":1,"lineage_count":0,"total_count_rolling":1.3333333333333333,"lineage_count_rolling":0,"proportion":0,"proportion_ci_lower":0.00038558098075590136,"proportion_ci_upper":0.8532536836904249,"dateTime":"2021-05-25T14:00:00.000Z"},{"date":"2021-05-28","total_count":1,"lineage_count":0,"total_count_rolling":1.3333333333333333,"lineage_count_rolling":0,"proportion":0,"proportion_ci_lower":0.00038558098075590136,"proportion_ci_upper":0.8532536836904249,"dateTime":"2021-05-27T14:00:00.000Z"},{"date":"2021-05-31","total_count":1,"lineage_count":0,"total_count_rolling":1,"lineage_count_rolling":0,"proportion":0,"proportion_ci_lower":0.00038558098075590136,"proportion_ci_upper":0.8532536836904249,"dateTime":"2021-05-30T14:00:00.000Z"},{"date":"2021-06-01","total_count":1,"lineage_count":0,"total_count_rolling":1,"lineage_count_rolling":0,"proportion":0,"proportion_ci_lower":0.00038558098075590136,"proportion_ci_upper":0.8532536836904249,"dateTime":"2021-05-31T14:00:00.000Z"},{"date":"2021-06-02","total_count":1,"lineage_count":0,"total_count_rolling":1,"lineage_count_rolling":0,"proportion":0,"proportion_ci_lower":0.00038558098075590136,"proportion_ci_upper":0.8532536836904249,"dateTime":"2021-06-01T14:00:00.000Z"},{"date":"2021-06-05","total_count":1,"lineage_count":0,"total_count_rolling":1,"lineage_count_rolling":0,"proportion":0,"proportion_ci_lower":0.00038558098075590136,"proportion_ci_upper":0.8532536836904249,"dateTime":"2021-06-04T14:00:00.000Z"},{"date":"2021-06-06","total_count":1,"lineage_count":0,"total_count_rolling":1,"lineage_count_rolling":0,"proportion":0,"proportion_ci_lower":0.00038558098075590136,"proportion_ci_upper":0.8532536836904249,"dateTime":"2021-06-05T14:00:00.000Z"},{"date":"2021-06-07","total_count":2,"lineage_count":0,"total_count_rolling":1.2,"lineage_count_rolling":0,"proportion":0,"proportion_ci_lower":0.00038558098075590136,"proportion_ci_upper":0.8532536836904249,"dateTime":"2021-06-06T14:00:00.000Z"},{"date":"2021-06-08","total_count":1,"lineage_count":0,"total_count_rolling":1.2,"lineage_count_rolling":0,"proportion":0,"proportion_ci_lower":0.00038558098075590136,"proportion_ci_upper":0.8532536836904249,"dateTime":"2021-06-07T14:00:00.000Z"},{"date":"2021-06-09","total_count":4,"lineage_count":0,"total_count_rolling":1.8,"lineage_count_rolling":0,"proportion":0,"proportion_ci_lower":0.00021690847003096627,"proportion_ci_upper":0.6668217544012093,"dateTime":"2021-06-08T14:00:00.000Z"},{"date":"2021-06-11","total_count":2,"lineage_count":0,"total_count_rolling":1.8333333333333333,"lineage_count_rolling":0,"proportion":0,"proportion_ci_lower":0.00021690847003096627,"proportion_ci_upper":0.6668217544012093,"dateTime":"2021-06-10T14:00:00.000Z"},{"date":"2021-06-14","total_count":2,"lineage_count":0,"total_count_rolling":2.25,"lineage_count_rolling":0,"proportion":0,"proportion_ci_lower":0.00021690847003096627,"proportion_ci_upper":0.6668217544012093,"dateTime":"2021-06-13T14:00:00.000Z"},{"date":"2021-06-15","total_count":2,"lineage_count":0,"total_count_rolling":2.5,"lineage_count_rolling":0,"proportion":0,"proportion_ci_lower":0.00021690847003096627,"proportion_ci_upper":0.6668217544012093,"dateTime":"2021-06-14T14:00:00.000Z"},{"date":"2021-06-16","total_count":1,"lineage_count":0,"total_count_rolling":1.75,"lineage_count_rolling":0,"proportion":0,"proportion_ci_lower":0.00021690847003096627,"proportion_ci_upper":0.6668217544012093,"dateTime":"2021-06-15T14:00:00.000Z"},{"date":"2021-06-18","total_count":1,"lineage_count":0,"total_count_rolling":1.5,"lineage_count_rolling":0,"proportion":0,"proportion_ci_lower":0.00021690847003096627,"proportion_ci_upper":0.6668217544012093,"dateTime":"2021-06-17T14:00:00.000Z"},{"date":"2021-06-19","total_count":1,"lineage_count":0,"total_count_rolling":1.4,"lineage_count_rolling":0,"proportion":0,"proportion_ci_lower":0.00038558098075590136,"proportion_ci_upper":0.8532536836904249,"dateTime":"2021-06-18T14:00:00.000Z"},{"date":"2021-06-25","total_count":2,"lineage_count":0,"total_count_rolling":1.5,"lineage_count_rolling":0,"proportion":0,"proportion_ci_lower":0.00021690847003096627,"proportion_ci_upper":0.6668217544012093,"dateTime":"2021-06-24T14:00:00.000Z"},{"date":"2021-06-26","total_count":1,"lineage_count":0,"total_count_rolling":1.5,"lineage_count_rolling":0,"proportion":0,"proportion_ci_lower":0.00021690847003096627,"proportion_ci_upper":0.6668217544012093,"dateTime":"2021-06-25T14:00:00.000Z"}]	
"P.3"	"pangolin_lineage=P.3"	"Variant of Interest"	{"pango":"P.3","loc":[],"selected":"NZL"}	[]	
