label	query	variantType	route	data	source	type	qParam
"AY.1"	"pangolin_lineage=AY.1"	"Variant of Concern"	{"pango":"AY.1","loc":[],"selected":"NPL"}	[{"date":"2021-05-06","total_count":4,"lineage_count":2,"total_count_rolling":4,"lineage_count_rolling":2,"proportion":0.5,"proportion_ci_lower":0.1227538827695178,"proportion_ci_upper":0.8772461172304822,"dateTime":"2021-05-05T14:00:00.000Z"},{"date":"2021-05-07","total_count":1,"lineage_count":0,"total_count_rolling":2.5,"lineage_count_rolling":1,"proportion":0.4,"proportion_ci_lower":0.06083027592009738,"proportion_ci_upper":0.9391697240799026,"dateTime":"2021-05-06T14:00:00.000Z"},{"date":"2021-05-08","total_count":4,"lineage_count":0,"total_count_rolling":3,"lineage_count_rolling":0.6666666666666666,"proportion":0.2222222222222222,"proportion_ci_lower":0.03874761778516518,"proportion_ci_upper":0.8232639028687426,"dateTime":"2021-05-07T14:00:00.000Z"},{"date":"2021-05-09","total_count":9,"lineage_count":1,"total_count_rolling":4.5,"lineage_count_rolling":0.75,"proportion":0.16666666666666666,"proportion_ci_lower":0.02847089508714681,"proportion_ci_upper":0.7162483204365873,"dateTime":"2021-05-08T14:00:00.000Z"},{"date":"2021-05-10","total_count":7,"lineage_count":0,"total_count_rolling":5,"lineage_count_rolling":0.6,"proportion":0.12,"proportion_ci_lower":0.022512765999155134,"proportion_ci_upper":0.6286264006319943,"dateTime":"2021-05-09T14:00:00.000Z"},{"date":"2021-05-11","total_count":1,"lineage_count":0,"total_count_rolling":4.333333333333333,"lineage_count_rolling":0.5,"proportion":0.11538461538461539,"proportion_ci_lower":0.000115332788238275,"proportion_ci_upper":0.4447626176576397,"dateTime":"2021-05-10T14:00:00.000Z"},{"date":"2021-05-15","total_count":2,"lineage_count":1,"total_count_rolling":4.75,"lineage_count_rolling":0.5,"proportion":0.10526315789473684,"proportion_ci_lower":0.0000934206000395449,"proportion_ci_upper":0.37937714229903935,"dateTime":"2021-05-14T14:00:00.000Z"},{"date":"2021-05-25","total_count":1,"lineage_count":0,"total_count_rolling":1,"lineage_count_rolling":0,"proportion":0,"proportion_ci_lower":0.00038558098075590136,"proportion_ci_upper":0.8532536836904249,"dateTime":"2021-05-24T14:00:00.000Z"},{"date":"2021-05-26","total_count":2,"lineage_count":1,"total_count_rolling":1.5,"lineage_count_rolling":0.5,"proportion":0.3333333333333333,"proportion_ci_lower":0.00021690847003096627,"proportion_ci_upper":0.6668217544012093,"dateTime":"2021-05-25T14:00:00.000Z"},{"date":"2021-05-28","total_count":6,"lineage_count":1,"total_count_rolling":3,"lineage_count_rolling":0.6666666666666666,"proportion":0.2222222222222222,"proportion_ci_lower":0.03874761778516518,"proportion_ci_upper":0.8232639028687426,"dateTime":"2021-05-27T14:00:00.000Z"},{"date":"2021-05-29","total_count":1,"lineage_count":0,"total_count_rolling":2.5,"lineage_count_rolling":0.5,"proportion":0.2,"proportion_ci_lower":0.00021690847003096627,"proportion_ci_upper":0.6668217544012093,"dateTime":"2021-05-28T14:00:00.000Z"},{"date":"2021-05-30","total_count":3,"lineage_count":0,"total_count_rolling":2.6,"lineage_count_rolling":0.4,"proportion":0.15384615384615385,"proportion_ci_lower":0.00015063602543656854,"proportion_ci_upper":0.5355832430429506,"dateTime":"2021-05-29T14:00:00.000Z"},{"date":"2021-05-31","total_count":9,"lineage_count":0,"total_count_rolling":3.6666666666666665,"lineage_count_rolling":0.3333333333333333,"proportion":0.09090909090909091,"proportion_ci_lower":0.000115332788238275,"proportion_ci_upper":0.4447626176576397,"dateTime":"2021-05-30T14:00:00.000Z"},{"date":"2021-06-01","total_count":7,"lineage_count":0,"total_count_rolling":4.666666666666667,"lineage_count_rolling":0.3333333333333333,"proportion":0.07142857142857142,"proportion_ci_lower":0.0000934206000395449,"proportion_ci_upper":0.37937714229903935,"dateTime":"2021-05-31T14:00:00.000Z"},{"date":"2021-06-02","total_count":11,"lineage_count":0,"total_count_rolling":6.166666666666667,"lineage_count_rolling":0.16666666666666666,"proportion":0.027027027027027025,"proportion_ci_lower":0.0000784998483662081,"proportion_ci_upper":0.33038890915155017,"dateTime":"2021-06-01T14:00:00.000Z"},{"date":"2021-06-03","total_count":6,"lineage_count":1,"total_count_rolling":6.142857142857143,"lineage_count_rolling":0.2857142857142857,"proportion":0.04651162790697674,"proportion_ci_lower":0.0000784998483662081,"proportion_ci_upper":0.33038890915155017,"dateTime":"2021-06-02T14:00:00.000Z"}]			
"AY.2"	"pangolin_lineage=AY.2"	"Variant of Concern"	{"pango":"AY.2","loc":[],"selected":"NPL"}	[]			
"B.1.1.7"	"pangolin_lineage=B.1.1.7"	"Variant of Concern"	{"pango":"B.1.1.7","loc":[],"selected":"NPL"}	[]			
"B.1.1.7 + S:E484K"	"pangolin_lineage=B.1.1.7&mutations=S:E484K"	"Variant of Concern"	{"pango":"B.1.1.7","muts":["S:E484K"],"loc":[],"selected":"NPL"}	[]			
"B.1.351"	"pangolin_lineage=B.1.351"	"Variant of Concern"	{"pango":"B.1.351","selected":"NPL","loc":[]}	[]			
"B.1.617.2"	"pangolin_lineage=B.1.617.2"	"Variant of Concern"	{"pango":"B.1.617.2","loc":[],"selected":"NPL"}	[]			
"P.1"	"pangolin_lineage=P.1"	"Variant of Concern"	{"pango":"P.1","selected":"NPL","loc":[]}	[]			
"P.1.1"	"pangolin_lineage=P.1.1"	"Variant of Concern"	{"pango":"P.1.1","selected":"NPL","loc":[]}	[]			
"P.1.2"	"pangolin_lineage=P.1.2"	"Variant of Concern"	{"pango":"P.1.2","selected":"NPL","loc":[]}	[]			
"AV.1"	"pangolin_lineage=AV.1"	"Variant of Interest"	{"pango":"AV.1","loc":["NPL"],"selected":"NPL"}	[]			
"B.1.1.318"	"pangolin_lineage=B.1.1.318"	"Variant of Interest"	{"pango":"B.1.1.318","selected":"NPL","loc":[]}	[]			
"B.1.427"	"pangolin_lineage=B.1.427"	"Variant of Interest"	{"pango":"B.1.427","loc":[],"selected":"NPL"}	[]			
"B.1.429"	"pangolin_lineage=B.1.429"	"Variant of Interest"	{"pango":"B.1.429","loc":[],"selected":"NPL"}	[]			
"B.1.525"	"pangolin_lineage=B.1.525"	"Variant of Interest"	{"pango":"B.1.525","selected":"NPL","loc":[]}	[]			
"B.1.526"	"pangolin_lineage=B.1.526"	"Variant of Interest"	{"pango":"B.1.526","loc":[],"selected":"NPL"}	[]			
"B.1.617.1"	"pangolin_lineage=B.1.617.1"	"Variant of Interest"	{"pango":"B.1.617.1","loc":[],"selected":"NPL"}	[]			
"B.1.617.3"	"pangolin_lineage=B.1.617.3"	"Variant of Interest"	{"pango":"B.1.617.3","loc":[],"selected":"NPL"}	[]			
"C.36.3"	"pangolin_lineage=C.36.3"	"Variant of Interest"	{"pango":"C.36.3","loc":[],"selected":"NPL"}	[]			
"C.37"	"pangolin_lineage=C.37"	"Variant of Interest"	{"pango":"C.37","loc":[],"selected":"NPL"}	[]			
"P.2"	"pangolin_lineage=P.2"	"Variant of Interest"	{"pango":"P.2","loc":[],"selected":"NPL"}	[]			
"P.3"	"pangolin_lineage=P.3"	"Variant of Interest"	{"pango":"P.3","loc":[],"selected":"NPL"}	[]			
"B.1.619"	"pangolin_lineage=B.1.619"	"Custom Lineages & Mutations"	{"pango":"B.1.619"}	[]		"pango"	"B.1.619"
"B.1.620"	"pangolin_lineage=B.1.620"	"Custom Lineages & Mutations"	{"pango":"B.1.620"}	[]		"pango"	"B.1.620"
"B.1.621"	"pangolin_lineage=B.1.621"	"Custom Lineages & Mutations"	{"pango":"B.1.621"}	[]		"pango"	"B.1.621"
